crop,province,area_000ha,share_of_national_pct,production,prod_unit
COTTON,PUNJAB,1485.16,69.3,3210.3,'000 bales
COTTON,SINDH,589.81,27.5,1586.29,'000 bales
COTTON,BALOCHISTAN,68.46,3.2,112.73,'000 bales
COTTON,KPK,0.18,0.0,0.54,'000 bales
MAIZE,PUNJAB,1243.4,72.3,10054.4,'000 tonnes
MAIZE,KPK,468.43,27.2,923.78,'000 tonnes
MAIZE,BALOCHISTAN,4.52,0.3,3.18,'000 tonnes
MAIZE,SINDH,3.07,0.2,3.149,'000 tonnes
RICE,PUNJAB,2188.61,73.6,5070.0,'000 tonnes
RICE,SINDH,603.31,20.3,2011.8,'000 tonnes
RICE,BALOCHISTAN,126.95,4.3,103.16,'000 tonnes
RICE,KPK,56.67,1.9,137.27,'000 tonnes
SUGARCANE,PUNJAB,938.04,71.1,66932.4,'000 tonnes
SUGARCANE,SINDH,289.36,21.9,16171.73,'000 tonnes
SUGARCANE,KPK,90.74,6.9,4844.24,'000 tonnes
SUGARCANE,BALOCHISTAN,0.69,0.1,33.17,'000 tonnes
WHEAT,PUNJAB,6480.5,71.7,21225.03,'000 tonnes
WHEAT,SINDH,1238.23,13.7,3940.17,'000 tonnes
WHEAT,KPK,770.27,8.5,1479.13,'000 tonnes
WHEAT,BALOCHISTAN,543.67,6.0,1516.23,'000 tonnes
