brand,n,mean_level,modal_level,thin_sample,L1,L2,L3,L4,L5,L6
undp_sdg,2,1.0,1,yes,2,0,0,0,0,0
corporate,1,1.0,1,yes,1,0,0,0,0,0
ramzan,1,1.0,1,yes,1,0,0,0,0,0
csr_other,1,1.0,1,yes,1,0,0,0,0,0
pak_arab_can,1,2.0,2,yes,0,1,0,0,0,0
nitrophos_scheme,2,2.0,2,yes,0,2,0,0,0,0
yield_10pct,11,3.0,3,,0,0,11,0,0,0
sarsabz_app,2,3.0,3,yes,0,0,2,0,0,0
sarsabz_ki_jeet,4,3.0,3,yes,0,0,4,0,0,0
agrimart,1,3.0,3,yes,0,0,1,0,0,0
salam_kissan,12,4.0,4,,0,0,0,12,0,0
sarsabz_tabeer,7,5.0,5,yes,0,0,0,0,7,0
womens_day,1,5.0,5,yes,0,0,0,0,1,0
dil_se_sarsabz,5,5.0,5,yes,0,0,0,0,5,0
dil_se_dekho,17,5.0,5,,0,0,0,0,17,0
