n,video_id,tab,approx_date,views,length_sec,title,platform_tag,url,published,views_exact,length_exact,status,description
1,fX1tDsyg_Vk,shorts,,845,,Celebrating Global Fertilizer Day: Championing Sustainable Agriculture and Food Security,other,https://www.youtube.com/shorts/fX1tDsyg_Vk,2024-10-05,845,59,OK,"The vitality of our plants directly influences our food supply. A lack of even one of the 17 essential nutrients can impede growth and crop productivity. Fertilizers not only deliver the necessary nutrients but also contribute to enhancing soil health and fertility. Therefore, maintaining a balanced nutrient supply in the soil, especially after each harvest is key to healthy, productive crops.  This Global Fertilizer Day, join us in highlighting the importance of sustainable agriculture and our commitment to providing farmers with innovative solutions that enhance productivity and ensure food "
2,Ns1pA6eVEwI,shorts,,882,,Potassium is an essential nutrient for plant growth,other,https://www.youtube.com/shorts/Ns1pA6eVEwI,2024-10-07,882,30,OK,"Potassium is an essential nutrient for plant growth. Engro Fertilizers is committed to providing solutions that ensure balanced nutrition for crops to thrive. This Global Fertilizer Day, join us as we highlight the importance of sustainable agriculture and our commitment to providing farmers with innovative solutions that enhance productivity and ensure food security for Pakistan.  #Engro #ENablingGROwth #EngroFertilizers #GlobalFertilizerDay"
3,EIEQ5F6EKNM,shorts,,706,,Did you know over 98% of Pakistani soils are nitrogen deficient?,advisory_agronomy,https://www.youtube.com/shorts/EIEQ5F6EKNM,2024-10-07,706,28,OK,"Plants require three essential nutrients—Nitrogen, Phosphorus, and Potassium—for healthy growth. Engro Fertilizers offers nitrogen-rich solutions that promote sustainable farming practices and healthier crops. This Global Fertilizer Day, join us in highlighting the importance of sustainable agriculture and our commitment to providing farmers with innovative solutions that enhance productivity and ensure food security for Pakistan.  #Engro #ENablingGROwth #EngroFertilizers #GlobalFertilizerDay"
4,kcAWct1cxaU,videos,,602,150,Engro Fertilizers Introduces #UgAi,other,https://www.youtube.com/watch?v=kcAWct1cxaU,2024-10-08,602,150,OK,"Engro Fertilizers introduces #UgAi, Pakistan’s first integrated agri e-commerce platform, designed to empower farmers. The app not only provides direct access to fertilizers but also equips farmers with cutting-edge services like real-time crop monitoring. With the UgAi app, farmers can improve crop yields at reduced costs, ensuring a sustainable future for Pakistan’s food security.  #Engro #Enablinggrowth #EngroFertilizers"
5,iSGJ01EcaLE,shorts,,890,,"Phosphorus, a key element for plant development, plays a vital role in improving crop quality",advisory_agronomy,https://www.youtube.com/shorts/iSGJ01EcaLE,2024-10-08,890,25,OK,"Phosphorus, a key element for plant development, plays a vital role in improving crop quality, and increasing yields. Engro Fertilizers delivers nutrient-rich solutions tailored to meet the evolving needs of farmers, helping achieve better harvests and contributing to a more food-secure future. This Global Fertilizer Day, join us as we highlight the importance of sustainable agriculture and our commitment to providing farmers with innovative solutions that enhance productivity and ensure food security for Pakistan.  #Engro #ENablingGROwth #EngroFertilizers #GlobalFertilizerDay"
6,6xHO16o7jgw,videos,,323,35,"Sardar Muhammad Bux Khan Mahar, Minister Agriculture Department - Sindh, praises Engro Fertilizers",other,https://www.youtube.com/watch?v=6xHO16o7jgw,2024-10-09,323,35,OK,"Sardar Muhammad Bux Khan Mahar, Minister Agriculture Department - Sindh, praises Engro Fertilizers for launching the Ugai initiative, noting that it marks a significant milestone in the Company’s journey towards innovation by integrating drone and satellite technologies. He also highlighted that the UgAi app will support efforts to overcome the challenges of artificial shortages and price distortion as the farmer can now purchase fertilizers directly from the Company. #Engro #Enablinggrowth #EngroFertilizers #UgAi"
7,OUZpCk7LFmg,shorts,,946,,Engro Fertilizers Introduces #UgAi,other,https://www.youtube.com/shorts/OUZpCk7LFmg,2024-10-09,946,60,OK,"Engro Fertilizers introduces #UgAi, Pakistan’s first integrated agri e-commerce platform, designed to empower farmers. The app not only provides direct access to fertilizers but also equips farmers with cutting-edge services like real-time crop monitoring. With the UgAi app, farmers can improve crop yields at reduced costs, ensuring a sustainable future for Pakistan’s food security.  #Engro #Enablinggrowth #EngroFertilizers"
8,4cLJbOR7OOQ,videos,,371,168,Engro Fertilizers remains committed to transforming Pakistan’s agriculture sector,other,https://www.youtube.com/watch?v=4cLJbOR7OOQ,2024-10-14,371,168,OK,"On this Global Fertilizers Day, Engro Fertilizers remains committed to transforming Pakistan’s agriculture sector. Through our innovative product and technological solutions, we empower farmers to boost their productivity and make data-driven decisions to improve their soil health and maximize efficiency. By providing these cutting-edge solutions, we aim to uplift our farming community to global standards and enhance food security of Pakistan!  #Engro #Enablinggrowth #EngroFertilizers #GlobalFertilizersDay"
9,vzAa5B9JCHI,shorts,,1500,,"Atif Mohammad Ali, VP Marketing at Engro Fertilizers",other,https://www.youtube.com/shorts/vzAa5B9JCHI,2024-10-14,1594,33,OK,"Atif Mohammad Ali, VP Marketing at Engro Fertilizers, emphasized the company's commitment to product and technological innovation aimed at benefiting farmers. The #UgAi app has the potential to transform Pakistan’s agricultural sector by enabling farmers to directly purchase fertilizers from Engro and access real-time data through advanced drone and satellite technology. In its first phase, the free UgAi app has been launched for farmers in Sindh, with plans for a nationwide rollout in the near future.  #Engro #Enablinggrowth #EngroFertilizers"
10,p_B-49tPa1c,shorts,,1900,,"Ali Rathore, CEO of Engro Fertilizers",corporate_award,https://www.youtube.com/shorts/p_B-49tPa1c,2024-10-14,1936,33,OK,"Engro Fertilizers has launched the #UgAi app that enables farmers to directly purchase fertilizers from the Company and leverage the latest technologies for improved crop management. Ali Rathore, CEO of Engro Fertilizers, reaffirmed the Company’s commitment to supporting government initiatives aimed at uplifting farmers and enhancing Pakistan’s food security. The UgAi app integrates advanced drone and satellite technology, providing farmers with real-time data to make informed decisions and achieve higher crop yields  #Engro #Enablinggrowth #EngroFertilizers"
11,b4-2mx_cDBU,shorts,,1200,,Hear How the Right Tools Empower Our Farmers | Engro's Commitment to Those Who Nourish the Nation,other,https://www.youtube.com/shorts/b4-2mx_cDBU,2024-10-19,1230,55,OK,"Hear from our farmer how the right tools and products have enabled him to nurture his fields. At Engro, we’re dedicated to supporting those who nourish the nation. This Global Fertilizers Day, join us in highlighting the importance of sustainable agriculture and our commitment to providing farmers with innovative solutions that enhance productivity and ensure food security for Pakistan  #Engro #ENablingGROwth #EngroFertilizers #GlobalFertilizersDay"
12,vOPAFRWUnYA,shorts,,1400,,"At Engro, we’re dedicated to supporting those who nourish the nation",other,https://www.youtube.com/shorts/vOPAFRWUnYA,2024-10-21,1487,42,OK,"Hear from our farmer how the right tools and products have enabled him to nurture his fields. At Engro, we’re dedicated to supporting those who nourish the nation. This Global Fertilizers Day, join us in highlighting the importance of sustainable agriculture and our commitment to providing farmers with innovative solutions that enhance productivity and ensure food security for Pakistan.  #Engro #ENablingGROwth #EngroFertilizers #GlobalFertilizersDay"
13,lH6zOift2yM,shorts,,989,,Engro Fertilizers is committed to advancing agriculture through innovation and farmer education,other,https://www.youtube.com/shorts/lH6zOift2yM,2024-10-23,989,57,OK,"Engro Fertilizers is committed to advancing agriculture through innovation and farmer education. With products like Zabardast Urea, the UgAi app, and free soil testing, we empower farmers to make informed decisions, boost crop productivity, and ensure sustainable growth. Our goal is to uplift Pakistan’s farming community to global standards and enhance food security of Pakistan.  #Engro #ENablingGROwth #EngroFertilizers #GlobalFertilizersDay"
14,C8uHOaUc1QE,shorts,,1000,,"Dr. Mohammad Akram Qazi, Chief Scientist at the Soil Fertility and Research Institute, Punjab",advisory_agronomy,https://www.youtube.com/shorts/C8uHOaUc1QE,2024-10-24,1009,64,OK,"Dr. Mohammad Akram Qazi, Chief Scientist at the Soil Fertility and Research Institute, Punjab, highlights the critical role of soil health through comprehensive soil testing. He emphasizes the need for balanced fertilizer use to enhance crop yield and quality.  Watch the full video to learn more about the importance of micronutrients and their impact on soil fertility.  #Engro #ENablingGROwth #EngroFertilizers #GlobalFertilizersDay"
15,wNS6dzU6Y1Y,shorts,,1200,,"Dr. Iqrar Ahmed Khan, Vice Chancellor at the University of Agriculture Faisalabad",other,https://www.youtube.com/shorts/wNS6dzU6Y1Y,2024-10-25,1280,73,OK,"Dr. Iqrar Ahmed Khan, former Vice Chancellor at the University of Agriculture Faisalabad, underscores the need for balanced fertilizer practices. He shares that while nitrogen-based fertilizers like urea are widely used, they alone are not enough to meet crop needs and can lead to wastage and environmental impact.  Watch the full video to know more about balanced nutrition.  #Engro #ENablingGROwth #EngroFertilizers #GlobalFertilizersDay"
16,0m194u5gs74,videos,,264,107,Atif Mohammad Ali Recently Spoke at a Webinar,corporate_award,https://www.youtube.com/watch?v=0m194u5gs74,2024-10-26,264,107,OK,"Atif Mohammad Ali recently spoke at a webinar titled ""Transforming Agriculture for a Food-Secure Pakistan,"" held to commemorate Global Fertilizer Day. He emphasized the importance of educating farmers on modern agricultural techniques and promoting the balanced use of fertilizers to overcome the challenge of low crop yields. He also highlighted Engro Fertilizers specialty products, such as Zabardast Urea and Engro Zarkhez, which are specifically designed to meet the unique needs of Pakistani soils.  For more expert insights and innovative farming techniques that can contribute to a food-secure"
17,B8Dfbbuos2o,videos,,298,73,"Atif Mohammed Ali Spoke At The ""Transforming Agriculture for a Food-Secure Pakistan"" Webinar",corporate_award,https://www.youtube.com/watch?v=B8Dfbbuos2o,2024-10-28,298,72,OK,"Atif Mohammed Ali recently spoke at a webinar titled ""Transforming Agriculture for a Food-Secure Pakistan,"" held to commemorate Global Fertilizer Day. He highlighted the use of latest technologies, such as drones and AI, to help farmers make well-informed decisions for their crops and reduce the climate change impact. He also talked about UgAi, Pakistan's first integrated agri e-commerce platform, which allows farmers to directly purchase fertilizers from the company. The platform also offers advanced drone technology and satellite imagery, enabling farmers to make data-driven crop decisions. "
18,WkoYlNMo9_Q,videos,,5700000,16,Engro Zabardast Urea,np_product_other,https://www.youtube.com/watch?v=WkoYlNMo9_Q,2024-11-15,5765481,15,OK,Jab milay Engro Zabardast Urea ka zabardast saath tabhi tou paidawar barhay din raat  #EngroZabardastUrea #ZabardastSaath #PaidawarBarhayDinRaat
19,pZrCwO21kGg,videos,,556000,31,Engro Zarkhez Khaas - Mehnat ka Phal,other,https://www.youtube.com/watch?v=pZrCwO21kGg,2024-12-31,556232,30,OK,"Zarkhez Khaas main maujood Boron aur Sulphur barhaye phalon ki chamak aur baaghat ki shaan, jabhi tou milay mehnat ka phal pehle se zyada!  #ZarkhezKhaas #Citrus #Sulphur #Boron #EngroFertilizers #MehnatKaPhal"
20,2Xjv0jGZgNQ,videos,,382,50,Hamid Saleem Waraich Ki Kahani,kahani_film,https://www.youtube.com/watch?v=2Xjv0jGZgNQ,2025-01-06,382,50,OK,"Ayen sunain Hamid Saleem Waraich ki kahani. Inhone apnaya Zarkhez Khaas jisne daali inki mitti main jaan, barhayi fasal ki shaan!  #FarmerTestimonial #ShandarKisaan"
21,EvzQ5D4T_n0,shorts,,1300,,Inauguration of Engro Markaz in Muridke,other,https://www.youtube.com/shorts/EvzQ5D4T_n0,2025-01-28,1312,83,OK,"At the inauguration of Engro Markaz in Muridke, Federal Minister Rana Tanveer Hussain commended the Company for supporting the Government’s efforts to ensure uninterrupted access to fertilizers at official prices for farmers.  #Engro #EnablingGrowth #EngroFertilizers"
22,_LBuPo1JJrQ,shorts,,2900,,"Ali Rathore, CEO of Engro Fertilizers",corporate_award,https://www.youtube.com/shorts/_LBuPo1JJrQ,2025-01-30,2949,52,OK,"Ali Rathore, CEO of Engro Fertilizers, highlighted that Engro Markaz will offer farmers relief by ensuring access to high-quality fertilizers at official prices and promoting awareness of the Company’s innovative products and technologies. Initiatives such as these Engro Markaz Centres and the UgAi app showcase EFERT's commitment to supporting Government efforts to uplift the agriculture sector.  #Engro #EnablingGrowth #EngroFertilizers"
23,Ao2eh3xT7Bw,shorts,,1900,,"Atif Mohammad Ali, VP Marketing at Engro Fertilizers",other,https://www.youtube.com/shorts/Ao2eh3xT7Bw,2025-01-31,1995,53,OK,"Atif Mohammad Ali, VP Marketing at Engro Fertilizers, emphasized that Engro Markaz Centres will ensure that farmers are well-equipped with product availability as per their requirements. These centres will also act as hubs to raise awareness on improving crop yields, aligning them with global benchmarks.  #Engro #EnablingGrowth #EngroFertilizers"
24,OAuukDm89XA,videos,,310000,11,Engro NP+,np_product_other,https://www.youtube.com/watch?v=OAuukDm89XA,2025-02-08,310493,11,OK,Jab milay Engro NP+ main nitrogen aur phosphorus kay saath izaafi boron tou beej ko milay behtar ugao aur fasal par dair paa asraat!  #NPplus #ChaltaJaye #Nitrogen #Phosporus #EngroFertilizers
25,f4-ok6MkBiE,videos,,259000,31,Engro Zarkhez Plus,other,https://www.youtube.com/watch?v=f4-ok6MkBiE,2025-02-28,259709,30,OK,"Bharpoor aur Chamakdar danoon k liye Engro Zarkhez Plus, European blend technology se tyar karda, Engro Zarkhez plus banaye jaroon ko mazboot, aur dai khushali aur fasal dono PLUS!   #EngroFertilizers #ZarkhezPlus #FasalPlusKhushaliPlus"
26,TpGslN4HyKA,videos,,157000,120,Engro SOP Power,other,https://www.youtube.com/watch?v=TpGslN4HyKA,2025-04-11,157727,120,OK,"Fori hal honay wala ENGRO SOP Power, zameen main mojood potash ki kami ko pura karay aur fasal ko day aisi power kay har phal chamkay jam kar!  #EngroFertilizer #SopPower #ForiHulPowerfulPhal"
27,TqDKdHmRDxQ,videos,,135000,101,Engro Zarkhez Khas,other,https://www.youtube.com/watch?v=TqDKdHmRDxQ,2025-05-23,135652,100,OK,"Engro Zarkhez Khas, banaye jaandaar kapaas!  Kyunke isme hai maujood Phosphorous, Potassium, Nitrogen, Sulphur aur Boron ki khaas taqat. Tou ab hogi har fasal jaandar!  #EngroFertilizers #EngroZarkhezKhas"
28,SFgYMNsxeIA,videos,,18000,32,Engro Kahanian K Liye Tayyar Hojaye,kahani_film,https://www.youtube.com/watch?v=SFgYMNsxeIA,2025-06-01,18648,31,OK,"Kapas aur dhaan k jitnay bhi masail aur sawalat hain... Ab har sawal ka jawab milega!  Aarhi hain shandaar, mazedaar aur zabardast Kahanian! Tayyar rahain!  #EngroKahanian #EngroFertilizers"
29,aKTKmxby5J0,shorts,,9300,,Engro Kahanian K Liye Tayyar Hojaye,kahani_film,https://www.youtube.com/shorts/aKTKmxby5J0,2025-06-05,9394,33,OK,"Kapas aur dhaan k jitnay bhi masail aur sawalat hain... Ab har sawal ka jawab milega!  Aarhi hain shandaar, mazedaar aur zabardast Kahanian! Tayyar rahain!  #EngroKahanian #EngroFertilizers"
30,W8pw0LiBV7U,videos,,852000,502,Kapas Ki Fasal Ke Masail Ka Hal | Expert Tips from Jamal Khan Khoso,advisory_agronomy,https://www.youtube.com/watch?v=W8pw0LiBV7U,2025-06-06,852659,501,OK,"Har sawal ka ek jawab hota hai — aur jab baat ho kapas ki fasal ki, toh jawab sirf tajurbe se milta hai.   Expert grower Jamal Khan Khoso le kar aaye hain aapke masail ka hal, sirf Engro Kahanian mein.  #EngroKahanian #EngroFertilizers  0:00 Coming up 0:53 Soil prep tips 1:43 Picking the right seeds for better yield 2:00 Tips to manage water shortage 2:46 Fertilizer use by crop stage 5:12 Why crop rotation helps? 5:54 Why cotton needs zinc to grow better? 7:07 How to choose authentic farm supplies?"
31,dogCCGV4-qk,videos,,93,45,Pani Ki Kami Ka Hal | Expert Tips from Jamal Khan Khoso,advisory_agronomy,https://www.youtube.com/watch?v=dogCCGV4-qk,2025-07-01,93,45,OK,"Pani ki kami aur uska haal sirf Potash? Lekin kaisay?  Expert grower Jamal Khan Khoso se jaanein, sirf Engro Kahanian mein. Watch the full episode to know more: https://youtu.be/W8pw0LiBV7U?si=xofXOxbdayc95gC4    #EngroKahanian #EngroFertilizers"
32,LxLMZNMkEpg,videos,,95,53,Soil Testing Ki Ehmiyat | Expert Tips from Jamal Khan Khoso,advisory_agronomy,https://www.youtube.com/watch?v=LxLMZNMkEpg,2025-07-01,95,52,OK,"Soil testing say Paisay bachain aur saath mein mutawazin ghiza bhi milay! Aakhir kaisay? Jamal Khan Khoso se janiyay, soil testing kay fawaid, sirf Engro Kahanian mein. Watch the full episode to know more: https://youtu.be/W8pw0LiBV7U?si=xofXOxbdayc95gC4    #EngroKahanian #EngroFertilizers"
33,syOlbyxd7ZY,videos,,1100000,438,Chawal Ki Fasal Ugana  | Expert Tips from Gul Hasan Soomro,advisory_agronomy,https://www.youtube.com/watch?v=syOlbyxd7ZY,2025-07-02,1105434,437,OK,"Chawal ki fasal ugana aik maharat ka kaam hai, aur ye maharat ati hai tajarbay kay saath... Jo Engro Khanian la raha hai Gul Hasan Soomro ki zabani!  Gul Hasan Soomro degay ap k har sawal ka jawab, kiun kay ye jantay hain kay chawal ki fasal ugana hai maharat ka kaam! Tou Engro Kahanian ki is episode main sekhain, samjhain, aur door karain apni har uljhan!  #EngroKahanian #engrofertilizers   0:00 – Coming up in this episode 1:14 – Choosing the right rice seed 1:46 – Smart planning for input purchase 3:10 – Preparing your land for rice 3:42 – Getting ready for rice transplant 4:47 – Tips to man"
34,5q-6Px0LGF0,shorts,,3000,,Pani Ki Kami Ka Hal | Expert Tips from Jamal Khan Khoso,advisory_agronomy,https://www.youtube.com/shorts/5q-6Px0LGF0,2025-07-02,3033,45,OK,"Pani ki kami aur uska haal sirf Potash? Lekin kaisay?  Expert grower Jamal Khan Khoso se jaanein, sirf Engro Kahanian mein. Watch the full episode to know more: https://www.youtube.com/watch?v=W8pw0LiBV7U&t=4s"
35,20XZxhTMaT8,shorts,,1800,,Soil Testing Ki Ehmiyat | Expert Tips from Jamal Khan Khoso,advisory_agronomy,https://www.youtube.com/shorts/20XZxhTMaT8,2025-07-02,1801,52,OK,"Soil testing say Paisay bachain aur saath mein mutawazin ghiza bhi milay! Aakhir kaisay? Jamal Khan Khoso se janiyay, soil testing kay fawaid, sirf Engro Kahanian mein. Watch the full episode to know more: https://www.youtube.com/watch?v=W8pw0LiBV7U&t=3s"
36,Gm3TLQrZnw0,videos,,155000,41,Achi Chawal Ki Fasal Ka Raaz | Expert Tips from Gul Hasan Soomro,advisory_agronomy,https://www.youtube.com/watch?v=Gm3TLQrZnw0,2025-07-03,155343,41,OK,Chawal ki achi fasal se milta hai munafa beshumaar… Tou Engro Kahanian main janiye kaise Zinc kay istimaal se Gul Hasan Soomro ne achi aur munafa baksh fasal kay khwab ko mumkin banaya! Watch the full episode to know more: https://www.youtube.com/watch?v=syOlbyxd7ZY   #EngroKahanian #EngroFertilizer #WaterShortage #RiceFields #RiceGrowers #FarmingInPakistan
37,-vLf3hx4dtM,videos,,571000,35,"Pani Ki Kami Ka Hal, Potash | Expert Tips from Gul Hasan Soomro",advisory_agronomy,https://www.youtube.com/watch?v=-vLf3hx4dtM,2025-07-03,571809,34,OK,"Chawal ki fasal k liye pani kitna zarori hai ye har kisaan janta hai, jabhi tou is ki kami se pareshan hai… Dekhain aur Engro kahanian main janain kay kaise Gul Hasan Soomro ne nikala hai is ka hal… Watch the full episode to know more: https://www.youtube.com/watch?v=syOlbyxd7ZY   #EngroKahanian #EngroFertilizer #WaterShortage #RiceFields #RiceGrowers #FarmingInPakistan"
38,7nZibQHZTOc,videos,,33000,18,Kharcha Kam Aur Munafa Ziada Kaisay Ho? | Launching 8th July,corporate_award,https://www.youtube.com/watch?v=7nZibQHZTOc,2025-07-04,33931,17,OK,"Akhir fasloon ko ziada zinc milnay ka koi tou hal ho, kharcha kam aur munafa ziada ho??? Yeahi sochtay hain na, tou phir jald araha hai kuch zabardast 8th july ko!  #KharchaKam #MunafaZiada #EngroFertilizer #Rice #BioActiveZinc #CoatedUrea #Urea #Fertilizer #Engro #ZincCoated"
39,BiB6yWX8-TA,videos,,3900000,101,"Bioactive Zinc Ki Coating Wala, Engro Zabardast Urea!",np_product_other,https://www.youtube.com/watch?v=BiB6yWX8-TA,2025-07-08,3929993,101,OK,"Behtar fasal ka koi tou hal ho... Kam kharchay ka koi tou hal ho... Ziada munafay ka koi tou hal ho...  In sub maslon ka sirf ek hal, Bioactive Zinc ki Coating wala Engro Zabardast Urea! Isse fasal ko milay aik bori aam Urea aur 2 packet Zinc k muqablay derpah farhami aur ziada paidawar!  #EngroFertilizers #EngroZabardastUrea #BioactiveZinc #ZabardastSaath #CoatedUrea #Urea #Fertilizer #Engro #ZincCoated"
40,tFLnST8oclI,shorts,,2000000,,"Bioactive Zinc Ki Coating Wala, Engro Zabardast Urea!",np_product_other,https://www.youtube.com/shorts/tFLnST8oclI,2025-07-08,2025460,102,OK,"Behtar fasal ka koi tou hal ho... Kam kharchay ka koi tou hal ho... Ziada munafay ka koi tou hal ho...  In sub maslon ka sirf ek hal, Bioactive Zinc ki Coating wala Engro Zabardast Urea! Isse fasal ko milay aik bori aam Urea aur 2 packet Zinc k muqablay derpah farhami aur ziada paidawar!  #EngroFertilizers #EngroZabardastUrea #BioactiveZinc #ZabardastSaath #CoatedUrea #Urea #Fertilizer #Engro #ZincCoated"
41,iGgCBVZWAxA,videos,,169,18,"Bioactive Zinc Ki Coating Wala, Engro Zabardast Urea!",np_product_other,https://www.youtube.com/watch?v=iGgCBVZWAxA,2025-08-01,169,18,OK,"Kam kharcha, ziada munafa aur paidawar ka sirf ek hal, bioactive zinc ki coating wala Engro Zabardast Urea!  Watch the full video to know more: https://youtu.be/BiB6yWX8-TA?si=3uewJWTJKbI2eEaQ  #EngroFertilizers #EngroZabardastUrea #BioactiveZinc #ZabardastSaath #CoatedUrea #Urea #Fertilizer #Engro #ZincCoated"
42,edk8IJWX6Wg,shorts,,4900,,"Bioactive Zinc Ki Coating Wala, Engro Zabardast Urea!",np_product_other,https://www.youtube.com/shorts/edk8IJWX6Wg,2025-08-01,4927,18,OK,"Kam kharcha, ziada munafa aur paidawar ka sirf ek hal, bioactive zinc ki coating wala Engro Zabardast Urea!  #EngroFertilizers #EngroZabardastUrea #BioactiveZinc #ZabardastSaath #CoatedUrea #Urea #Fertilizer #Engro #ZincCoated"
43,0Tl9sM8rfTg,videos,,7900,51,Shaandar Kissan Kay Saath,other,https://www.youtube.com/watch?v=0Tl9sM8rfTg,2025-08-03,7953,51,OK,"Zindagi ka aik din, aik Shaandar Kissan Kay Saath lekr arahay hain hum boht jald. Seekhiye inkay tarjurbay se kis tarah bnti hai har fasl kamiyabi ki kahani.  #EngroFertilizers #ShaandarKissanKaySaath"
44,7r274Ertum0,shorts,,6400,,Shaandar Kissan Kay Saath,other,https://www.youtube.com/shorts/7r274Ertum0,2025-08-03,6460,51,OK,"Zindagi ka aik din, aik Shaandar Kissan Kay Saath lekr arahay hain hum boht jald. Seekhiye inkay tarjurbay se kis tarah bnti hai har fasl kamiyabi ki kahani.  #EngroFertilizers #ShaandarKissanKaySaath"
45,SG2D2fxaa9s,videos,,961000,482,Shaandar Kissan Kay Saath - Shehryar Sipra,other,https://www.youtube.com/watch?v=SG2D2fxaa9s,2025-08-08,961837,481,OK,Shaandar Kissan Kay Saath guzaariya ek din aur jaaniye kaise dhaan ki fasl ko banaya jaskta hai aala quality Mian Shehryar Sipra ki zubaani.  0:00 – Coming up in this episode 0:27 – Meet today’s Shandaar Kissan 0:53 – Inside Mian Shehryar Sipra’s home 1:06 – Childhood memories & farming dreams 1:17 – Acres owned & crops grown 1:29 – Off we go to his fields 1:54 – Car ride & more questions 2:27 – Land prep for rice sowing 3:05 – Why seed choice matters 3:29 – Zinc’s role in rice growth 4:17 – The most critical stage in rice farming 4:46 – Balanced nutrition from seed to harvest 5:49 – Farming i
46,Gu4sa_M-LT0,videos,,288000,35,Bioactive Zinc's Importance For Better Yield,other,https://www.youtube.com/watch?v=Gu4sa_M-LT0,2025-08-12,288193,34,OK,Bioactive Zinc se dhaan ki paidawar barhayein! Shuru ke 15 dinon mein Zinc aur Nitrogen ka istemal bohot aham hai jiska aasan hal hai Engro Zabardast Urea!  Watch the full video to know more: https://youtu.be/SG2D2fxaa9s  #EngroFertilizers #EngroZabardastUrea #BioActiveZinc #RiceGrowers
47,F6NgMVsJHtA,shorts,,66000,,Bioactive Zinc's Importance For Better Yield,other,https://www.youtube.com/shorts/F6NgMVsJHtA,2025-08-12,66647,35,OK,Bioactive Zinc se dhaan ki paidawar barhayein! Shuru ke 15 dinon mein Zinc aur Nitrogen ka istemal bohot aham hai jiska aasan hal hai Engro Zabardast Urea!  Watch the full video to know more: https://youtu.be/SG2D2fxaa9s  #EngroFertilizers #EngroZabardastUrea #BioActiveZinc #RiceGrowers
48,pozrWVNYswA,videos,,272000,857,Shaandar Kissan Kay Saath - Younus Khan Sahab,other,https://www.youtube.com/watch?v=pozrWVNYswA,2025-08-15,272030,857,OK,Younus Khan Sahab ki makai ki fasal itni sunheri aur jandaar honay ka akhir kya hai raaz? Jaanay kliye guzariye ek din humaray Shaandar Kissan Kay Saath!  #EngroFertilizers #ShandaarKisaanKaySaath #MaizeGrower  0:00 - Coming up in this episode 0:37 - Meet today's Shaandar Kissan 1:00 - Inside Younus Khan Sahab's home 1:32 - Childhood memories & farming dreams 3:04 - His first time prepping the land 3:20 - Acres owned & crops grown 4:15 - Off we go to his fields 4:28 - Car ride & more questions 5:12 - Maize growing tips 6:24 - Land prep for maize sowing 6:59 - How the number of plants impacts y
49,vPTs1KIXiyA,videos,,130,38,Makkayi Ki Tayyari Ka Kya Hai Sahi Tareeqa - Jaaniya Expert Younus Khan Sahab Ki Zubaani,other,https://www.youtube.com/watch?v=vPTs1KIXiyA,2025-08-25,130,37,OK,Makkayi ki tayyari ka kya hai sahi tareeqa aur pollination k dauraan kin cheezon ka rakhna chahiye khyaal? Jaaniya expert Younus Khan Sahab ki zubaani!  Watch the full video to know more: https://youtu.be/pozrWVNYswA  #EngroFertilizers #ShandaarKisaanKaySaath #MaizeGrower
50,-gA6dVb9EtQ,shorts,,3300,,Makkayi Ki Tayyari Ka Kya Hai Sahi Tareeqa - Jaaniya Expert Younus Khan Sahab Ki Zubaani,other,https://www.youtube.com/shorts/-gA6dVb9EtQ,2025-08-25,3389,37,OK,Makkayi ki tayyari ka kya hai sahi tareeqa aur pollination k dauraan kin cheezon ka rakhna chahiye khyaal? Jaaniya expert Younus Khan Sahab ki zubaani!  Watch the full video to know more: https://youtu.be/pozrWVNYswA  #EngroFertilizers #ShandaarKisaanKaySaath #MaizeGrower
51,9BexAlbJ5OY,videos,,2100000,95,Engro Markaz - Sahulat aur Engro Saath Saath!,other,https://www.youtube.com/watch?v=9BexAlbJ5OY,2025-09-19,2164255,95,OK,"Apnay sathi kisanon ko company ki muqarar kardah qeemat par mayari khadon ki barwaqt dastiyabi ko yaqeeni bananay kay liye Engro Fertilizers laya hai, Engro Markaz. Jahan apko milay asaan payment, muft delivery, qarz ki asaan dastiyabi aur zarayi mahireen ki janib se mashawarat - yani beej se katayi tak ki tamam tar saholiat!   Bahawalpur: https://share.google/CdvIancmt2jQy2jWH  Muridke: https://share.google/KCUMHyWZHqftGtNmn  Sahiwal: https://maps.app.goo.gl/MvTk6abdr5vg33Va8?g_st=ipc  Sargodha: https://maps.app.goo.gl/xv5cu8sRPNQpCGCc9?g_st=ipc  #EngroMarkaz #EngroFertilizers #SahulatAurEngr"
52,JKy2vAWIue8,shorts,,2200,,Engro Markaz - Sahulat aur Engro Saath Saath!,other,https://www.youtube.com/shorts/JKy2vAWIue8,2025-09-26,2257,40,OK,"Jab sahulat or Engro hoon saath saath, tou fikar ki kya hai baat! Enrgo Markaz pay apko milaygi Mayari khadon ki barwaqt dastiyabi, asaan payment, muft delivery aur bohat kuch. Tou aabhi apnay qareeb Engro Markaz pay jain aur hasil karain beshumaar faiday.  Apkay qareebi Engro Markaz.  Bahawalpur: https://share.google/CdvIancmt2jQy2jWH  Muridke: https://share.google/KCUMHyWZHqftGtNmn  Sahiwal: https://maps.app.goo.gl/MvTk6abdr5vg33Va8?g_st=ipc  Sargodha: https://maps.app.goo.gl/xv5cu8sRPNQpCGCc9?g_st=ipc  #EngroMarkaz​ #EngroFertilizers​ #SahulatAurEngroSaathSaath"
53,_maSjsRF-os,videos,,1000000,729,Aloo Ki Kamiyab Kaasht Kay Tareeqay | Expert Tips From Rana Saeed,advisory_agronomy,https://www.youtube.com/watch?v=_maSjsRF-os,2025-10-08,1024595,728,OK,"Aloo jitna lazeez hota hai, us ki kasht utni hi mushkil hoti hai, kiun k is ki kaasht mein chhupi hai mehnat aur science, aur is kay liye zaroori hai sahi rehnumai. Tou Engro Kahanian mein Rana Saeed kay saath jaaniye behtareen paidawar kay raaz  #EngroKahanian #EngroFertilizers #PotatoFarming #PotatoFarm  0:00 – Coming up in this episode 1:02 – Choosing the right seed 1:45 – Land prep for potato 2:45 – Plant to plant distance for better growth 3:28 – Ideal fertilizer recommendations for potato 4:41 – Ideal sowing window 5:30 – Handling the growth stage 6:54 – Handling at the tuber stage 8:13 "
54,7h1DV8Q9pAA,videos,,316000,31,Engro Markaz - Sahulat aur Engro Saath Saath!,other,https://www.youtube.com/watch?v=7h1DV8Q9pAA,2025-10-10,316366,30,OK,"Engro laya beshumaar sahuliyat! Ab Engro Markaz pay apko milay asaan payment, muft delivery, qarz ki asaan dastiyabi aur zarayi mahireen ki janib se mashawarat.  Bahawalpur: https://share.google/CdvIancmt2jQy2jWH   Muridke: https://share.google/KCUMHyWZHqftGtNmn   Sahiwal: https://maps.app.goo.gl/MvTk6abdr5vg3...  Sargodha:  https://maps.app.goo.gl/xv5cu8sRPNQpC...  #EngroMarkaz #EngroFertilizers #SahulatAurEngroSaathSaath"
55,UFryuqi0EBY,videos,,145,30,Aloo Ki Kamiyab Kaasht Kay Tareeqay | Expert Tips From Rana Saeed,advisory_agronomy,https://www.youtube.com/watch?v=UFryuqi0EBY,2025-10-15,145,30,OK,Aloo ki fasl ka sabse ahem marhala hota hai tuber ki growth. Is marhalay mein kya zaruri hai? Jaaniye Rana Saeed ki zubaani  #EngroKahanian #EngroFertilizers #PotatoFarming #PotatoFarm
56,-uDkQ8PWfBE,videos,,101,31,Aloo Ki Kamiyab Kaasht Kay Tareeqay | Expert Tips From Rana Saeed,advisory_agronomy,https://www.youtube.com/watch?v=-uDkQ8PWfBE,2025-10-15,101,31,OK,Aloo ki growth ke ibtidaai marhalay par kin baaton ka rakhna chahiye hai khayal? Janiye Rana Saeed se k kaise milskti hai ziada paidwar  #EngroKahanian #EngroFertilizers #PotatoFarming #PotatoFarm
57,6k2oCm-wHUU,videos,,245,43,Agar kashtkaar samajhlen mausam ki zubaan tou munafa dugna karna hai buhat asaan! | Engro GupShup,advisory_agronomy,https://www.youtube.com/watch?v=6k2oCm-wHUU,2025-10-23,245,43,OK,Kya Pakistan ki zameen ki zarkhezi mai hai koi kami jisse kashtkaaron ka hoskta hai nuqsaan?  Jaanay kliye dekhtay rahaein  #EngroGupShup #EngroFertilizer #Potash #Farmers #Podcast
58,xD_Zkv71A7o,videos,,1300000,748,Shaandar Kissan Kay Saath - Kashif Tarrar,other,https://www.youtube.com/watch?v=xD_Zkv71A7o,2025-10-27,1390316,747,OK,"Kashif Tarrar ke saath jaaniye kaise gannay ki kasht ka rakha jaata hai khayal, taake mile export quality pedawar. Sunain har marhalay ki kahani, shandaar kisan ki zubani!  #ShandaarKisaan #EngroFertilizers #ShandaarKisaanKaySaath"
59,ZCrwj1Z9qHQ,videos,,9700000,3834,Agar kashtkaar sumjhlen mausam ki zubaan tou munafa dugna karna hai buhat asaan! | Engro GupShup,advisory_agronomy,https://www.youtube.com/watch?v=ZCrwj1Z9qHQ,2025-10-27,9755260,3833,OK,"Is episode mein, hum bataein gey ke kaise mausam ki pehchaan se fasal aur munafa dono badhega.   Lekin sawal yeh hai k kya kam munafay ki wajah mausami tabdeeli hai, ya phir humaray riwayati tor-tareeqay?   Aakhir kashtkaar ke masail ka asal hal kya hai? Chaliye, jaante hain Engro GupShup ki iss episode mein! 🎙  #EngroGupShup #EngroFertilizers #BalancedNutrition #Potash #Wheat #Soil #SoilHealth #SoilManagement   Podcast Timestamps:  0:00 – 0:10 | Climate Change: A Farmer’s Challenge 0:10 – 0:45 | The Untold Importance of Potash 0:45 – 1:03 | Welcome to Engro ki Gupshup! 1:03 – 1:45 | How 2025 "
60,Cyf2h2bhMnU,videos,,131,32,Gannay Ki Tayyari Ka Kya Hai Sahi Tareeqa | Expert Tips From Kashif Tarrar,advisory_agronomy,https://www.youtube.com/watch?v=Cyf2h2bhMnU,2025-10-28,131,32,OK,Gannay ki tayyari ka kya hai sahi tareeqa? Jaaniya expert Kashif Tarrar ki zubaani!  Watch the full video here: https://youtu.be/ZCrwj1Z9qHQ  #EngroFertilizers #ShandaarKisaanKaySaath #SugarcaneGrower
61,EqC9ClN7_bs,videos,,1100000,21,Munafa brhana hua buhat asaan! | Engro GupShup,other,https://www.youtube.com/watch?v=EqC9ClN7_bs,2025-10-29,1149085,21,OK,"Agar kashtkaar sumjhlen mausam ki zubaan tou munafa dugna karna hai buhat asaan!  Is episode mein, hum batayenge kya kya baatein myths hein or kya sach hai.  Lekin sawal yeh hai k kya kum munafay ki wajah mausami tabdeeli hai, ya riwayati tor-tareeqay?  Aakhir kashtkaar ke masail ka asal hal kya hai? Jaaniye kaise “Engro GupShup” ke naye episode mein!🎙  #EngroGupShup #EngroFertilizers #BalancedNutrition #Potash #Wheat #Soil #SoilHealth #SoilManagement"
62,n3iLvdSVUH8,videos,,6300000,55,Engro TSP,other,https://www.youtube.com/watch?v=n3iLvdSVUH8,2025-10-31,6320888,54,OK,"ENGRO TSP ka Triple Shahkaar, ab gannay ki fasal ke liye behtareen intikhaab!  46% phosphorus se jarr hoti hain mazboot, ganna hota hai lamba, sehatmand aur paidawar hoti hai zyada. Tezabi asar wali khaad jo Pakistani zameen ke liye mozoon, aur gannay ke liye zabardast nateeja deti hai.  Toh is dafa gannay ki behtar paidawar ke liye le aayen ENGRO TSP – Triple Shahkaar!  #EngroTSP #EngroFertilizers #TripleSuperPhosphate #Phosphorous #TripleShahkar"
63,PxId1Lwp0W8,shorts,,857000,,Engro Jeet Ki Baazi,other,https://www.youtube.com/shorts/PxId1Lwp0W8,2025-10-31,857216,40,OK,کیا آپ تیار ہیں اعلیٰ اِنعامات جیتنے کے لیے؟  تو ابھی اینگرو یوریا یا اینگرو زبردست یوریا کی بوری میں اپنا لکی کوپن ڈھونڈیں اور کوپن کوڈ، اپنے نام، شہر اور شناختی کارڈ نمبر کے ساتھ 9986 پر ایس ایم ایس کریں۔  اینگرو جیت کی بازی کی 28 نومبر، 19 دسمبر اور 16 جنوری کو ہونے والی قرعہ اندازی کے نتائج میں اپنا نام دیکھنے کے لیے، اینگرو فرٹیلائزر زکے فیس بک پیج https://www.facebook.com/EngroFertilizersPakistan پر اِنعام جیتنے والے خوش نصیبوں کی لسٹ دیکھیں۔   مزید معلومات کے لیے ہماری رہبر ہیلپ لائن 00110-0800 پر رابطہ کریں۔   #EngroUrea #EngroZabardastUrea #EngroFertilizer #JeetKiBaazi
64,v2ydQF3jJJs,videos,,13000000,46,Engro Jeet Ki Baazi,other,https://www.youtube.com/watch?v=v2ydQF3jJJs,2025-11-03,13805546,45,OK,"Engro Urea aur Engro Zabardast Urea ki bori mai dhoondein lucky coupon jisko scratch krne per aap shaamil hojaengay Jeet Ki Baazi mai!  9986 per abhi apna unique code, naam, shaanakhti card aur shehr, SMS karein aur bari gaari jeetnay ka mauqa paayen. Jitni ziada borian utnay ziada jeetnay k mawaqay!  #EngroUrea #EngroZabardastUrea #EngroFertilizers #JeetKiBaazi #megaprizes"
65,1v4YENqLc6E,videos,,1400,7,Engro Jeet Ki Baazi,other,https://www.youtube.com/watch?v=1v4YENqLc6E,2025-11-03,1414,7,OK,Kya aap tayyar hain Jeet Ki Baazi mai shaamil honay kliye?  Toh abhi 9986 per apna coupon code SMS karein aur paaye bari gaari jeetnay ka mauqa!  #EngroUrea #EngroZabardastUrea #EngroFertilizers #JeetKiBaazi #MegaPrizes
66,7nfv9VgFMJk,shorts,,2800,,Engro TSP,other,https://www.youtube.com/shorts/7nfv9VgFMJk,2025-11-03,2864,54,OK,"ENGRO TSP ka Triple Shahkaar! Jis se milay 46% phosphorus aur banay jarr mazboot, fasal shandaar, paidawar jandaar! Toh le aayen ENGRO TSP, tezabi asar wali khaad - Pakistani zameenon ke liye mozoon tareen!  #EngroTSP #EngroFertilizers #TripleSuperPhosphate #Phosphorous #TripleShahkar"
67,sy_ta9JBgLI,videos,,3400000,11,Engro Jeet Ki Baazi,other,https://www.youtube.com/watch?v=sy_ta9JBgLI,2025-11-10,3448538,11,OK,کیا آپ تیار ہیں اعلیٰ اِنعامات جیتنے کے لیے؟  تو ابھی اینگرو یوریا یا اینگرو زبردست یوریا کی بوری میں اپنا لکی کوپن ڈھونڈیں اور کوپن کوڈ، اپنے نام، شہر اور شناختی کارڈ نمبر کے ساتھ 9986 پر ایس ایم ایس کریں۔  اینگرو جیت کی بازی کی 28 نومبر، 19 دسمبر اور 16 جنوری کو ہونے والی قرعہ اندازی کے نتائج میں اپنا نام دیکھنے کے لیے، اینگرو فرٹیلائزر زکے فیس بک پیج https://www.facebook.com/EngroFertilizersPakistan پر اِنعام جیتنے والے خوش نصیبوں کی لسٹ دیکھیں۔   مزید معلومات کے لیے ہماری رہبر ہیلپ لائن 00110-0800 پر رابطہ کریں۔   #EngroUrea #EngroZabardastUrea #EngroFertilizer #JeetKiBaazi
68,SeVJH_Jp8Y0,shorts,,10000,,Engro Jeet Ki Baazi,other,https://www.youtube.com/shorts/SeVJH_Jp8Y0,2025-11-10,10536,11,OK,کیا آپ تیار ہیں اعلیٰ اِنعامات جیتنے کے لیے؟  تو ابھی اینگرو یوریا یا اینگرو زبردست یوریا کی بوری میں اپنا لکی کوپن ڈھونڈیں اور کوپن کوڈ، اپنے نام، شہر اور شناختی کارڈ نمبر کے ساتھ 9986 پر ایس ایم ایس کریں۔  اینگرو جیت کی بازی کی 28 نومبر، 19 دسمبر اور 16 جنوری کو ہونے والی قرعہ اندازی کے نتائج میں اپنا نام دیکھنے کے لیے، اینگرو فرٹیلائزر زکے فیس بک پیج https://www.facebook.com/EngroFertilizersPakistan پر اِنعام جیتنے والے خوش نصیبوں کی لسٹ دیکھیں۔   مزید معلومات کے لیے ہماری رہبر ہیلپ لائن 00110-0800 پر رابطہ کریں۔   #EngroUrea #EngroZabardastUrea #EngroFertilizer #JeetKiBaazi
69,cCzUZNQ3VnU,videos,,5700,41,Jeet Ki Baazi | Pehli Qurandazi,other,https://www.youtube.com/watch?v=cCzUZNQ3VnU,2025-11-17,5792,41,OK,کیا آپ تیار ہیں اعلیٰ اِنعامات جیتنے کے لیے؟  تو ابھی اینگرو یوریا یا اینگرو زبردست یوریا کی بوری میں اپنا لکی کوپن ڈھونڈیں اور کوپن کوڈ، اپنے نام، شہر اور شناختی کارڈ نمبر کے ساتھ 9986 پر ایس ایم ایس کریں۔  اینگرو جیت کی بازی کی 28 نومبر، 19 دسمبر اور 16 جنوری کو ہونے والی قرعہ اندازی کے نتائج میں اپنا نام دیکھنے کے لیے، اینگرو فرٹیلائزر زکے فیس بک پیج https://www.facebook.com/EngroFertilizersPakistan پر اِنعام جیتنے والے خوش نصیبوں کی لسٹ دیکھیں۔   مزید معلومات کے لیے ہماری رہبر ہیلپ لائن 00110-0800 پر رابطہ کریں۔   #EngroUrea #EngroZabardastUrea #EngroFertilizer #JeetKiBaazi
70,702T4wDWXz0,videos,,3300000,502,Gandum Ki Fasal Ke Masail Ka Hal | Expert Tips from Muhammad Azeem Tarhana,advisory_agronomy,https://www.youtube.com/watch?v=702T4wDWXz0,2025-11-17,3368648,502,OK,"Gandum har Pakistani ki ghiza ka ek ahem hissa hai aur iski kasht utni hi nazuk hotti hai, jiske liye zaroori hotti hai sahi rehnumai. Toh Engro Kahanian mein Muhammad Azeem Tarhana ke saath jaaniye gandum ki behtareen paidawar ke raaz.  #EngroKahanian #EngroFertilizers #WheatFarming #WheatFarm   0:00 – Coming up in this episode 0:41 – Meet the farmer 1:12 – Choosing the right wheat seed 1:54 – Managing high seed & fertilizer costs 2:06 – Importance of fertilizers for good yield 2:14 – Soil & water testing before sowing 2:31 – Phosphorus & potash recommendations at sowing 2:46 – Proper land pr"
71,uIM5Pwj3Lio,videos,,824000,16,Engro TSP,other,https://www.youtube.com/watch?v=uIM5Pwj3Lio,2025-11-19,824598,15,OK,"Aagya Engro TSP ka triple Shahkaar! Iss mein hai 46% Phosphorus jo banaye jarr mazboot, fasal shandaar aur paidawar jandaar! ENGRO TSP, tezabi asar wali khaad - Pakistani zameenon ke liye mozoon tareen!   Watch the full video here: https://youtu.be/n3iLvdSVUH8  #EngroTSP #EngroFertilizers #TripleSuperPhosphate #Phosphorous #TripleShahkar"
72,MaLj5IDXrPQ,shorts,,19000,,Engro Jeet Ki Baazi Mein Hissa Lenay Ka Shukria!,other,https://www.youtube.com/shorts/MaLj5IDXrPQ,2025-11-24,19214,39,OK,"Engro Jeet Ki Baazi mein hissa lenay ka shukria, inaam jeetnay walay khush naseeb aap bhi ho saktay hain!   Engro Fertilizers kay Facebook page https://www.facebook.com/EngroFertilizersPakistan per winners ki list dekhain aur apna naam mil janay per apnay lucky coupon kay sath Engro kay warehouse tashreef laein. Engro Jeet Ki Baazi ki 28 November, 19th December aur 16th January ko hounay wali qurandazi mein shamil honay ke liye apna coupon code, naam, shahar aur shanakhti card number kay sath 9986 per SMS karain... kia pata aglay khush naseeb aap hi hon!  Mazeed maloomat ke liye humari Rehbar "
73,3nxPq0F7BTk,videos,,139000,36,Engro Jeet Ki Baazi | Dusri Qurandazi Ke Nataij,other,https://www.youtube.com/watch?v=3nxPq0F7BTk,2025-12-03,139275,35,OK,شاندار انعامات جیتنے کا موقع ابھی باقی ہے!  ابھی اینگرو یوریا یا اینگرو زبردست یوریا کی بوری میں اپنا لکی کوپن ڈھونڈیں اور کوپن کوڈ، اپنے نام، شہر اور شناختی کارڈ نمبر کے ساتھ 9986 پر ایس ایم ایس کریں۔اب تک نکلے ہیں ٹریکٹر، عمرہ ٹکٹ اور بڑی گاڑی جیسے شاندار انعامات۔ ابھی کئی اور انعامات باقی ہیں۔  اینگرو جیت کی بازی کی 19 دسمبر اور 16 جنوری کو ہونے والی قرعہ اندازی کے نتائج میں اپنا نام دیکھنے کے لیے، اینگرو فرٹیلائزر زکے فیس بک پیج   / engrofertilizerspakistan   پر اِنعام جیتنے والے خوش نصیبوں کی لسٹ دیکھیں۔   مزید معلومات کے لیے ہماری رہبر ہیلپ لائن 00110-0800 پر رابطہ کریں۔  #EngroUrea #Eng
74,mvdLrfIsc-I,videos,,495,35,Gandum Ki Kamiyab Kaasht Kay Tareeqay | Expert Tips From Muhammad Azeem Tarhana,advisory_agronomy,https://www.youtube.com/watch?v=mvdLrfIsc-I,2025-12-04,495,34,OK,"Gandum ki fasal jab goub ki naazuk haalat mein hoti hai, toh choti si behteyati bhi paidawar ko nuqsaan pohancha skti hai.   Engro Kahanian mein Muhammad Azeem Tarhana ke saath jaaniye woh ehm baatein jo iss marhallay kliye boht ahem hain, taakay fasal ho sehatmand aur paidawar ho behtareen!  #EngroKahanian #EngroFertilizers #WheatFarming #WheatFarm"
75,_bJSNlC4uF4,videos,,183,39,Gandum Ki Kamiyab Kaasht Kay Tareeqay | Expert Tips From Muhammad Azeem Tarhana,advisory_agronomy,https://www.youtube.com/watch?v=_bJSNlC4uF4,2025-12-04,183,38,OK,Janiye Muhammad Azeem Tarhana se k pehle aur doosre paani k marhallay mai gandum ko kin ghizayi ajzat ki zaroorat hoti hai?  #EngroKahanian #EngroFertilizers #WheatFarming #WheatFarm
76,ZrWMwx77CI4,shorts,,1800000,,Engro Jeet Ki Baazi mein inamat ka silsila abhi jaari hai!,other,https://www.youtube.com/shorts/ZrWMwx77CI4,2025-12-05,1837960,31,OK,"Engro Jeet ki Baazi mein inamat ka silsila abhi jaari hai!  Aabhi bhi waqt baki hai! 19th December aur 16th January ko hounay wali qurandazi say pehlay, Engro Urea aur Engro Zabardast Urea ki bori mai dhoondein lucky coupon jisko scratch krne per aap shaamil hojaengay Jeet Ki Baazi mai! 9986 per abhi apna unique code, naam, shaanakhti card aur shehr, SMS karein aur beshumar inemaat jeetnay ka mauqa pain.  Engro Fertilizers kay Facebook page https://www.facebook.com/EngroFertilizersPakistan per winners ki list dekhain aur apna naam mil janay per apnay lucky coupon kay sath Engro kay warehouse t"
77,NUfTPhlDILo,videos,,3300000,785,Kaise Paayen Citrus ki Export Quality Paidawar  | Expert Tips From Malik Ghulam Hussain,advisory_agronomy,https://www.youtube.com/watch?v=NUfTPhlDILo,2026-01-13,3382669,785,OK,"Citrus Pakistan ka Ahem Export phal hai, lekin is ki kasht ka her marhala bara nazuk hota hay, jis ke liye sahi rehnumai zaroori hai. Toh Engro Kahanian mein Malik Ghulam Hussain ke saath jaanain citrus ki sahi dekh bhaal ke tareeqay aur paaein behtareen paidawar ke raaz  #EngroKahanian #EngroFertilizers #CitrusFarming #CitrusFarm   0:01 – Coming up in this episode 0:45 – Meet the farmer 1:47 – Best time for citrus nursery planting 2:28 – Transplanting seedlings from nursery to orchard 2:57 – Ideal plant density per acre 3:39 – Fertilizer requirement by tree age 4:23 – Strengthening roots in y"
78,hhDS0xpByEY,videos,,281,40,Citrus Ko Girnay Se Kaisay Bachayen | Expert Tips From Malik Ghulam Hussain,advisory_agronomy,https://www.youtube.com/watch?v=hhDS0xpByEY,2026-01-23,281,40,OK,"Citrus ka phal agar girnay lagay tou kaafi nuqsan hota hai, lekin iska hal hai boht aasaan, jaan’na chahengay?  Watch the full episode to know more: https://youtu.be/NUfTPhlDILo  #EngroKahanian #EngroFertilizers #CitrusFarming #CitrusFarm"
79,dds0nkS4ewk,videos,,126,46,Citrus Ke Phal Ka Rung Aur Size Kesay Barhayen | Expert Tips From Malik Ghulam Hussain,advisory_agronomy,https://www.youtube.com/watch?v=dds0nkS4ewk,2026-01-23,126,45,OK,"Kya aap ke Citrus kay phal ka rung aur size export quality kay hisaab se munasib nahi hai? Iska matlab hai iss main ghizayat ki kami hai, tu janain ye kaise ba’asaani hal hoskti hai!  Watch the full episode to know more: https://youtu.be/NUfTPhlDILo  #EngroKahanian #EngroFertilizers #CitrusFarming #CitrusFarm"
80,weI2a8Frv7w,videos,,3400000,1012,Kelay Ki Zabardast Paidawar Ki Tarqeeb | Expert Tips From Shabih Ul Hasan,advisory_agronomy,https://www.youtube.com/watch?v=weI2a8Frv7w,2026-02-12,3471535,1012,OK,"Kela woh waahid phal hai jo pura saal dastiyab rehta hai, tou iski behtar pedawaar ke lie kin baaton ka khyaal rakhna chahiye?    Engro Kahanian mein Shabih ul Hasan batayen ge woh tareeqay jo aap ki mehnat ka behtar phal de saktay hain.  #EngroKahanian #EngroFertilizers #BananaFarming #BananaFarm   0:00 – Coming up in this episode 0:36 – Meet the farmer 1:46 – Best time and ideal temperature for banana planting 2:16 – Suckers vs tissue culture which is better 2:44 – Land prep and key steps before planting 3:56 – Plant spacing and ideal plant population per acre 4:46 – Protecting banana from w"
81,wNsY4WkM0sA,videos,,174,42,Kelay Ka Size Chota Aur Rang Kharab Hounay Se Kaise Bachayen | Expert Tips From Shabih Ul Hasan,advisory_agronomy,https://www.youtube.com/watch?v=wNsY4WkM0sA,2026-02-19,174,41,OK,"Kela Pakistan ka ek aham phal hai, lekin iski achi paidawar ke liye achi dekh bhaal aur sahi rehnumai bhi zaroori hai. Janiye kelay ka size bara aur rang behtar karne ke woh gur, jo har kisan ke liye janna zaroori hain, taake milay shandaar paidawar, har baar!  #EngroKahanian #EngroFertilizers #BananaFarming #BananaFarm"
82,MEyUzabha9I,videos,,105,42,Kelay Ko Achi Khurak Na Milnay Se Kya Hota Hai | Expert Tips From Shabih Ul Hasan,advisory_agronomy,https://www.youtube.com/watch?v=MEyUzabha9I,2026-02-19,105,41,OK,"Kela poore saal ka phal hai, lekin is ko achi dekh bhaal ke saath sahi ghiza ki bhi zarurat hoti hai. Janiye woh kaun se ghizai ajza hain jo kelay ki fasal mein daalte hain jaan, aur barhate hain kisan ki shaan!  #EngroKahanian #EngroFertilizers #BananaFarming #BananaFarm"
83,5daQHDkVb84,videos,,233,9,Engro Mitti Mahir,advisory_agronomy,https://www.youtube.com/watch?v=5daQHDkVb84,2026-04-14,233,8,OK,"Aap ki zameen mein hai kin ghizai ajza ki kami ya ziyadti, ab suniye apni zameen ki zubaani! Engro Mitti Mahir samjhe apki zameen ki awaaz, ab andaazay se nahi tajziyay se hogi baat!"
84,Tqp6jqWwbtI,videos,,236,6,Engro Mitti Mahir,advisory_agronomy,https://www.youtube.com/watch?v=Tqp6jqWwbtI,2026-04-14,236,5,OK,"Aap ki zameen ko hai jis ka intezaar, jald aa raha hai woh shahkaar.  Zameen ko kya chahiye, sab batayega, izafi khaad ka kharcha bhi bachayega!  #EngroFertilizers #SoilTesting #MittiMahir"
85,SwXvNcp-0as,videos,,562000,104,Engro Markaz laya hai Engro Mitti Mahir,advisory_agronomy,https://www.youtube.com/watch?v=SwXvNcp-0as,2026-04-15,562769,103,OK,"Engro Markaz laya hai Engro Mitti Mahir! Jo aap ko aapki zameen ka kimiyai tajzia lab test reports ke zariye faraham karta hai - woh bhi munasib qeemat main! Mazeed maloomat ke liye aaj hi apne qareebi Engro Markaz tashreef laein ya Rahbar Helpline 0800-00110 par rabta karein. Ab andaza nahi, tajziya zaroori hai.  Mitti ka tajziya karwana kiun zaroori hai jannay ke liye darj zel link par jayein: https://www.youtube.com/watch?v=ktkwXTjgTHQ  Engro Mitti Mahir ki sahoolat darj zel Engro Markaz per dastiyab hay: Bhawalpur - https://maps.app.goo.gl/gTdxw1d6Eh2dkMR78?g_st=ic  Muridke - https://maps."
86,ktkwXTjgTHQ,videos,,3700000,76,Engro Markaz laya hai Engro Mitti Mahir,advisory_agronomy,https://www.youtube.com/watch?v=ktkwXTjgTHQ,2026-04-15,3783712,76,OK,"Engro Markaz laya hai Engro Mitti Mahir! Jo aap ko aapki zameen ka kimiyai tajzia lab test reports ke zariye faraham karta hai - woh bhi munasib qeemat main! Mazeed maloomat ke liye aaj hi apne qareebi Engro Markaz tashreef laein ya Rahbar Helpline 0800-00110 par rabta karein. Ab andaza nahi, tajziya zaroori hai.  Mitti ka namoona lenay ka tareeqa jannay ke liye darj zel link par jayein:  https://youtu.be/SwXvNcp-0as  Engro Mitti Mahir ki sahoolat darj zel Engro Markaz per dastiyab hai:  Bhawalpur - https://maps.app.goo.gl/gTdxw1d6Eh2dkMR78?g_st=ic  Muridke - https://maps.app.goo.gl/kWyMRPLKjK"
87,lqRK9ZguwIk,videos,,198,60,Engro Mitti Mahir,advisory_agronomy,https://www.youtube.com/watch?v=lqRK9ZguwIk,2026-05-05,198,60,OK,"Janiye humare Shandaar Kisano ki shandaar kamiyabi ka raaz, jo Mitti ke tajziye se kertay hain aaghaz. Aap bhi Engro Mitti Mahir se apni zameen ka tajziya kerwayen aur behter pedawar payen.  Mazeed maloomat ke liye aaj hi apne qareebi Engro Markaz tashreef laein ya Rahbar Helpline 0800-00110 par rabta karein.  #EngroFertilizers #SoilTesting #MittiMahir"
88,kpuSYTnZWtw,videos,,489,5,ENGRO MUSAFIR,other,https://www.youtube.com/watch?v=kpuSYTnZWtw,2026-06-11,489,4,OK,Aa raha hai mitti se juray logon aur tajurbon ka safarnama!  #EngroFertilizers #EngroMusafir #EngroUrea #EngroZabardastUrea #Safarnama #Travel #Rice #Maize
89,3u4__i2CtmE,videos,,2400,8,"Mitti, Logon aur Tajurbon ka Safarnama",advisory_agronomy,https://www.youtube.com/watch?v=3u4__i2CtmE,2026-06-12,2438,8,OK,"Engro Musafir - Episode 1  Mubashir Siddique ke sath sunain Pakistan ki zarkhez zameeno ki kahani aur ban jayen hissa mitti, logon aur tajarbon ke safarnamay ka!  #EngroFertilizers #EngroMusafir #EngroUrea #EngroZabardastUrea #Safarnama #Travel #Rice #MubashirSaddique #SardarAzhar"
90,qrPY1rdVFZw,videos,,2700000,85,Engro Zarkhez Khas - Banaye Jaandar Kapas,advisory_agronomy,https://www.youtube.com/watch?v=qrPY1rdVFZw,2026-06-14,2784331,85,OK,"Aap ki kapas banay khaas, jab uasay milay mukammal aur mutawazan khuraak.. Engro Zarkhez Khas ke saath!  #EngroFertilizers #EngroZarkhezKhaas #cotton #cottonfields"
91,nKM-7rBt2TI,shorts,,518,,"Engro Musafir - Mitti, Logon aur Tajurbon ka Safarnama",advisory_agronomy,https://www.youtube.com/shorts/nKM-7rBt2TI,2026-06-15,518,30,OK,"Mubashir Siddique ke sath shuru karain mitti, logon aur tajurbon ka safarnama aur ban jaen hissa ek aise safar ka jahan har khet, har dera aur har tajurba aik nai kahani sunata hai!  #EngroFertilizers #EngroMusafir #EngroUrea #EngroZabardastUrea #Safarnama #Travel #Rice #MubashirSaddique #SardarAzhar"
92,-3rGxjGXHUE,videos,,228,8,Engro Zarkhez Khas - Banaye Jaandar Kapas,advisory_agronomy,https://www.youtube.com/watch?v=-3rGxjGXHUE,2026-07-02,228,8,OK,Chahiye chandi jesi kapas tou usay ghiza bhi dain khas..Engro Zarkhez Khas se paayein bharpoor aur shandar kapas!  #EngroFertilizers #EngroZarkhezKhaas #cotton #cottonfields
93,L-_ijds4aDc,shorts,,454,,Engro Zarkhez Khas - Banaye Jaandar Kapas,advisory_agronomy,https://www.youtube.com/shorts/L-_ijds4aDc,2026-07-07,454,34,OK,"Engro Zarkhez Khaas – Banaaye Jandaar Kapas Kapas ki behtareen nashonuma aur behtar quality ke liye Engro Zarkhez Khaas mein mojood nutrients aap ki fasal ko woh ghizaiyat faraham karte hain jo kapas ki sehatmand aur bharpoor paidawar ke liye zaroori hai. Engro Zarkhez Khas mein mojood Nitrogen aur Phosphorous ke ilawa Potash, Sulphur aur Boron bhi shamil hain jo Kapas ki nashonuma ke liye zaroori hain. ✅ Potash – mausamiati tabdeelio ke khilaf qoouat-e-mudaafat barhaye ✅ Sulphur – jarron ka phelao barhaye ✅ Boron – phool ko girne se bachaye, paidawar barhaye"
94,FAwSJRVQBlI,shorts,,503,,Engro Zarkhez Khas - Banaye Jaandar Kapas,advisory_agronomy,https://www.youtube.com/shorts/FAwSJRVQBlI,2026-07-07,503,46,OK,"Aap ki kapas banay khaas, jab uasay milay mukammal aur mutawazan khuraak.. Engro Zarkhez Khas ke saath!  #EngroFertilizers #EngroZarkhezKhaas #cotton #cottonfields"
95,iKULAwgM5s0,shorts,,466,,Engro Zarkhez Khas - Banaye Jaandar Kapas,advisory_agronomy,https://www.youtube.com/shorts/iKULAwgM5s0,2026-07-08,467,36,OK,جانیں کیسے بہاولپور کے عبد الکریم نے بنایا اپنی کپاس کو خاص اور پائی بھرپور پیداوار، اینگرو زرخیز خاص کے ساتھ!  اگرآپ بھی بہاولپور کے عبد الکریم کی طرح اپنی کپاس کو بنانا چاہتے ہیں خاص تو اسے دیجئے اینگرو زر خیز خاص سے متوازن خوارک،تاکہ جڑیں ہوں مضبوط اور ملے بھرپور پیداوار!
96,ygty-MyQ4FU,videos,,327,8,"Mitti, Logon Aur Tajurbon Ke Safarnama",advisory_agronomy,https://www.youtube.com/watch?v=ygty-MyQ4FU,2026-07-09,327,8,OK,"Engro Musafir - Episode 2 Hamza Bhatti ke saath chalen mitti, logon aur tajurbon ke safarnama pe aur ban jaayen hissa ek aise safar ka jahan har khet, har dera aur har tajurba aik nayi kahani sunata hai!"
97,Z2QyjYFTosM,videos,,3000000,106,Engro Markaz - Kisaan Ka Markaz e Yaqeen,other,https://www.youtube.com/watch?v=Z2QyjYFTosM,2026-07-16,3011258,105,OK,"Jesay har kisan hay apni zameen ka markaz, waise hi Engro Markaz hai har kisaan ka Markaz e Yaqeen. Engro Markaz pe apko mile mayyar ki guarantee, asan rasai, fori dastiyabi aur ghar bethe fertilizer ki farahmi. Yahan aap ke liye mitti ke tajziye ki sahoolat bhi dastiyab hai. Aur ab ye sahulat Engro Markaz App par bhi mojood hai. Abhi Google Playstore se download karain.  https://play.google.com/store/apps/details?id=com.engro.farmer   Mazeed maloomat ke liye humari Rahbar helpline 0800-00110 par raabta karen.   Engro Markaz Mojood hai: Bhawalpur - https://maps.app.goo.gl/gTdxw1d6Eh2dkMR78?g_s"
98,EVKls2DX8sc,videos,,5800000,111,Engro Zabardast Urea - Fasal Ko Mila Gehra Hara Rung,np_product_other,https://www.youtube.com/watch?v=EVKls2DX8sc,2026-07-23,5858096,110,OK,"Engro Zabardast Urea mein hai Bioactive Zinc ki coating wali jaan, jo de fori gehra hara rang, jissey barhai paidawaar aur de wazni jhaar!  Fasal ko mila gehra hara rang, Zabardast urea se bhala hi bhala! #EngroFertilizer #EngroZabardastUrea #BioActiveZinc #GehraHaraRang"
99,xMX_IWM-ZFM,shorts,,1800000,,Aap ki sahoolat ke lie Engro laya Engro Markaz App,advisory_agronomy,https://www.youtube.com/shorts/xMX_IWM-ZFM,2026-07-24,1846707,59,OK,"Aap ki sahoolat ke lie Engro laya Engro Markaz App! Engro Markaz Application Playstore ya AppStore se download karen.  https://play.google.com/store/apps/details?id=com.engro.farmer   Aur 50,000 rupay ki khareedari karne par paayen 500 rupay ka cashback!  Engro Markaz App per apko mile mayyar ki guarantee, asan rasai, fori dastiyabi aur ghar bethe fertilizer ki farahmi.  Mazeed maloomat ke liye humari Engro Rahbar helpline 0800-00110 par raabta karen  #EngroMarkaz #EngroMarkazApp #EngroFertilizers #Mayyarkiguarantee #AsanRasai #ForiDastiyabi #Sahiwal #Sargodha #Muridke #Bahawalpur #Vehari #Kha"
100,IXIBWtUyIGM,videos,,1300000,16,Engro Markaz - Kisaan Ka Markaz e Yaqeen,other,https://www.youtube.com/watch?v=IXIBWtUyIGM,2026-08-07,1342575,15,OK,"Jesay har kisan hay apni zameen ka markaz, waise hi Engro Markaz hai har kisaan ka Markaz e Yaqeen. Engro Markaz pe apko mile mayyar ki guarantee, asan rasai, fori dastiyabi aur ghar bethe fertilizer ki farahmi. Aur ab ye sahulat Engro Markaz App par bhi mojood hai. Abhi Google Playstore se download karain.  https://play.google.com/store/apps/details?id=com.engro.farmer   Register karke kam se kam 50,000 rupay ki khareedari karne par paayen 500 rupay ka cashback!  Mazeed maloomat ke liye humari Rahbar helpline 0800-00110 par raabta karen.  Engro Markaz Mojood hai: Bhawalpur - https://maps.app."
101,WAiQqHxEsn4,shorts,,516,,Engro Markaz - Kisaan Ka Markaz e Yaqeen,other,https://www.youtube.com/shorts/WAiQqHxEsn4,2026-08-11,525,15,OK,"Jesay har kisan hay apni zameen ka markaz, waise hi Engro Markaz hai har kisaan ka Markaz e Yaqeen. Engro Markaz pe apko mile mayyar ki guarantee, asan rasai, fori dastiyabi aur ghar bethe fertilizer ki farahmi. Yahan aap ke liye mitti ke tajziye ki sahoolat bhi dastiyab hai. Aur ab ye sahulat Engro Markaz App par bhi mojood hai. Abhi Google Playstore se download karain. https://play.google.com/store/apps/details?id=com.engro.farmer  Mazeed maloomat ke liye humari Rahbar helpline 0800-00110 par raabta karen.�  Engro Markaz Mojood hai: Bhawalpur - https://maps.app.goo.gl/gTdxw1d6Eh2dkMR78?g_st="
102,JLF7A2DGZeE,shorts,,743,,Engro Zabardast Urea - Fasal Ko Mila Gehra Hara Rung,np_product_other,https://www.youtube.com/shorts/JLF7A2DGZeE,2026-08-11,743,110,OK,"Engro Zabardast Urea mein hai Bioactive Zinc ki coating wali jaan, jo de fori gehra hara rang, jissey barhai paidawaar aur de wazni jhaar!  Fasal ko mila gehra hara rang, Zabardast urea se bhala hi bhala!  #EngroFertilizer #EngroZabardastUrea #BioActiveZinc #GehraHaraRang"
103,Avny4IkGxJQ,videos,,5400000,31,Engro Zabardast Urea - Fasal Ko Mila Gehra Hara Rung,np_product_other,https://www.youtube.com/watch?v=Avny4IkGxJQ,2026-08-12,5490603,30,OK,"Engro Zabardast Urea mein hai Bioactive Zinc ki coating wali jaan, jo de fori gehra hara rang, jissey barhai paidawaar aur de wazni jhaar!  Fasal ko mila gehra hara rang, Zabardast urea se bhala hi bhala!  Mazeed maloomat ke liye Engro Rahbar helpline 0800-00110 par rabta karein aur Engro Markaz App download Karain https://play.google.com/store/apps/details?id=com.engro.farmer  #EngroFertilizer #EngroZabardastUrea #BioActiveZinc #GehraHaraRang"
104,j-uW7Ns-X1Y,videos,,1500000,46,اينگرو ڊي-اي-پي ڀروسو سيل - چمڪي ته اصل، نه چمڪي ته نقل,other,https://www.youtube.com/watch?v=j-uW7Ns-X1Y,2026-08-12,1567533,46,OK,ڇا توهان ڄاڻو ٿا ته نقلي ڀاڻ توهان جي فصل ۽ منافعو ٻنهي کي نقصان پهچائي سگهي ٿو؟ اصل ٻوريءَ جي تصديق لاءِ، ٻوريءَ تي موجود ڪمپني جو تصديقي اسٽيڪر ”ڀروسو سيل“ ضرور چيڪ ڪريو.   خاص طور تي اينگرو ڊي-اي-پي ڀروسو سيل جي سونهري چمڪ ڏسو، چمڪي ته اصل، نه چمڪي ته نقل تصديق ڪرڻ لاءِ، ڪوڊ 9124 تي ايس ايم ايس موڪليو.   وڌيڪ ڄاڻ  لاءِ اينگرو رهبر هيلپ لائن 0800-00110 تي رابطو ڪريويا اينگرو  مرڪز ايپ ڊاؤن لوڊ ڪريوhttps://play.google.com/store/apps/details?id=com.engro.farmer  #EngroDAP #EngroFertilizers #BharosaSeal #ChamkayTohAsal
105,x0eEnOvPOpE,videos,,160,46,"Engro DAP Bharosa Seal - Chamkay Toh Asal, Na Chamkay Toh Naqal",np_product_other,https://www.youtube.com/watch?v=x0eEnOvPOpE,2026-08-12,160,46,OK,"Kiya aap jaante hai ke jaali khaad aap ki fasal aur munafa dono ko nuqsan pohancha sakti hai. Asli bori ki tasdeeq karne ke liye bori per mojood company ka tasdeeqi sticker “Bharosa Seal” zaroor check karein.  Khaas tor per Engro DAP Bharosa Seal ki sunheri chamak dekhein, yeh chamkay toh asal, na chamkay toh naqal. Tasdeeq ke liye 9124 per code sms karein.  Mazeed maloomat ke liye Engro Rahbar helpline 0800-00110 par rabta karein aur Engro Markaz App download Karain https://play.google.com/store/apps/details?id=com.engro.farmer  #EngroDAP #EngroFertilizers #BharosaSeal #ChamkayTohAsal"
106,C_haqOPHIcU,videos,,168,44,"Engro Fertilizers - Kisaan Zindabad, Pakistan Paindabad",other,https://www.youtube.com/watch?v=C_haqOPHIcU,2026-08-13,168,43,OK,"Pakistan grows with every field that is cultivated, every crop that is nurtured, and every farmer who works tirelessly for a better tomorrow.  This 14th August, we celebrate our farmers,the hands that feed our nation and help Pakistan move forward. At Engro Fertilizers, we remain committed to supporting them with the right products and solutions, so they can grow better and contribute to a stronger agricultural Pakistan.  Because when our farmers grow, Pakistan grows.   Long live our farmers. Long live Pakistan!  #EngroFertilizers #IndependenceDay #Pakistan #Farmers"
107,-j6r7QmAfkg,videos,,179,81,"Kam Kharch, Zyada Paidawar! Makai aur Chawal ki Kasht Mein Bachat aur Munafe ke Raaz | Engro Gupshup",advisory_agronomy,https://www.youtube.com/watch?v=-j6r7QmAfkg,2026-08-21,179,81,OK,Akhir kaisey mehengai ke iss dour mein kashtkaar nuqsaan sey bach ke zada se zada bachat kar saktay hain?  Dekhiye Engro Gupshup ke iss episode mein ke kaisey behtreen tadabeer deti hain behtreen munafa
108,M8tuGFNe050,videos,,88000,9,Engro Markaz App Par Payen 500 Rupay Cashback!,advisory_agronomy,https://www.youtube.com/watch?v=M8tuGFNe050,2026-08-21,88341,8,OK,"Jesay har kisan hay apni zameen ka markaz, waise hi Engro Markaz hai har kisaan ka Markaz e Yaqeen. Engro Markaz pe apko mile mayyar ki guarantee, asan rasai, fori dastiyabi aur ghar bethe fertilizer ki farahmi. Aur ab ye sahulat Engro Markaz App par bhi mojood hai. Abhi Google Playstore se download karain aur 50,000 rupay ki khareedari karne par payen 500 rupay ka cashback! https://play.google.com/store/apps/details?id=com.engro.farmer   Mazeed maloomat ke liye humari Rahbar helpline 0800-00110 par raabta karen.  Engro Markaz Mojood hai: Bhawalpur - https://maps.app.goo.gl/gTdxw1d6Eh2dkMR78?g"
109,owJ54zP1sbw,videos,,3600000,5357,"Kam Kharch, Zyada Paidawar! Makai aur Chawal ki Kasht Mein Bachat aur Munafe ke Raaz | Engro Gupshup",advisory_agronomy,https://www.youtube.com/watch?v=owJ54zP1sbw,2026-08-25,3609965,5357,OK,"Akhir kaisey mehengai ke iss dour mein kashtkaar nuqsaan sey bach ke zada se zada bachat kar saktay hain?  Dekhiye Engro Gupshup ke iss episode mein ke kaisey behtreen tadabeer deti hain behtreen munafa!  #EngroGupShup #EngroFertilizers #BalancedNutrition #Inflation #Rice #Maize #Soil #CostofProduction #SoilHealth #SoilManagement #profitability   00:00 Podcast Introduction | Mehngai mein lagat kam aur paidawar zyada kaise? 01:21 Mahireen ka taaruf aur Chawal o Makai par guftagu 02:20 Chawal ki kasht, beej ka intikhab aur nursery ki tayari 04:34 Mayari Certified Beej se bachat kaise? 07:02 Chaw"
110,p_y5eKMdgVM,shorts,,83,,Engro DAP Bharosa Seal ki SMS ke zariye tasdeeq karne ka tareeqa,np_product_other,https://www.youtube.com/shorts/p_y5eKMdgVM,2026-09-02,86,53,OK,Ayein Jaante hain Engro DAP Bharosa Seal ki SMS ke zariye tasdeeq karne ka asaan tareeqa.  Engro DAP Bharosa Seal par mojood alpha-numeric code 9124 par SMS karein aur bori ke asal hone ki tasdeeq karein. Bharosa seal ko check karne ki aadat apnayein aur  jaali khaad ki khareedari se bachain.   Mazeed maloomat ke liye Engro Rahbar Helpline 0800-00110 par rabta karein ya Engro Markaz App download karein.  #EngroDAP #EngroFertilizers #BharosaSeal #ChamkayTohAsal
