n,video_id,published,year,views,title,format,speaker,audience,in_window,note
1,2mwg4JiJ9kU,2019-11-24,2019,162,Jami | SalamKissan | Sarsabz,celebrity_testimonial,celebrity,urban,no,"Jami (filmmaker), Ali Noor (musician) on why farmers matter"
2,4uKo3U0hhNE,2019-11-24,2019,301,Ali Noor | SalamKissan | Sarsabz,celebrity_testimonial,celebrity,urban,no,"Jami (filmmaker), Ali Noor (musician) on why farmers matter"
3,q7kWgwoVKZ0,2019-12-02,2019,325,Canvas Wall By Sarsabz | Timelapse,event,participants,mixed,yes,"Canvas Wall: art teams paint tributes at Pak Arab plant, Multan"
4,qED_bQ8x8g4,2019-12-03,2019,299,Waqas & Waseem | 1st Position | Canvas Wall By Sarsabz,event,participants,mixed,yes,"Canvas Wall: art teams paint tributes at Pak Arab plant, Multan"
5,z02v-6D2948,2019-12-04,2019,1957,Sophiya Anjam at Canvas Wall event by Sarsabz,event,celebrity,mixed,yes,Canvas Wall live with host Sophiya Anjam
6,pyJ_bPzFmBE,2019-12-05,2019,1019,Mohsin & Jehangir | Canvas Wall by Sarsabz,event,participants,mixed,yes,"Canvas Wall: art teams paint tributes at Pak Arab plant, Multan"
7,PkenunwpduU,2019-12-09,2019,2141164,Salam Kissan | A Tribute to Farmers of the World by Sarsabz Fertilizers | Ali Noor | Jami Moor,anthem_film,none_spoken,mass,yes,"first anthem: 'A Tribute to Farmers', Ali Noor vocals, Jami directs"
8,SUkADJQeYX4,2019-12-15,2019,886,"""Salam Kissan, Sarsabz Pakistan"" making waves on media | GTV",pr_media,executive,urban,yes,"GTV news segment, Fatima head of technical"
9,dJ1QYRwNzG0,2019-12-16,2019,513,Mustafa Shah | Celebrating Kissan Day on 18th Dec 2019 | Salam Kissan,celebrity_testimonial,celebrity,urban,yes,influencer / journalist 'celebrating Kissan Day on 18th Dec'
10,V9cE9eh_W6g,2019-12-16,2019,623,Mehmal Sarfraz | Celebrating Kissan Day on 18th Dec 2019 | Salam Kissan,celebrity_testimonial,celebrity,urban,yes,influencer / journalist 'celebrating Kissan Day on 18th Dec'
11,EcP3m6PnNvE,2019-12-16,2019,343,Natasha Beyg | Celebrating Kissan Day on 18th Dec 2019 | Salam Kissan,celebrity_testimonial,celebrity,urban,yes,influencer / journalist 'celebrating Kissan Day on 18th Dec'
12,U8Yrw_UDZJ0,2019-12-17,2019,545,Haji Abdul Majeed Nizamani | Celebrating Kissan Day on 18th Dec 2019 | Salam Kissan,farmer_testimonial,farmer,mixed,yes,"farmer or farmer leader endorses the day (Nizamani, Rabia Sultan, Azra Mehmood Sheikh)"
13,j1Vx5yp4pVo,2019-12-17,2019,1392,Rabia Sultan | Celebrating Kissan Day on 18th Dec 2019 | Salam Kissan,farmer_testimonial,farmer,mixed,yes,"farmer or farmer leader endorses the day (Nizamani, Rabia Sultan, Azra Mehmood Sheikh)"
14,gDcXPD9t7RY,2019-12-17,2019,358,Sohail Warraich | Celebrating Kissan Day on 18th Dec 2019 | Salam Kissan,celebrity_testimonial,celebrity,urban,yes,influencer / journalist 'celebrating Kissan Day on 18th Dec'
15,0bht9ZAdCuI,2019-12-18,2019,1264,Shan Masood | Celebrating Kissan Day | Salam Kissan,celebrity_testimonial,celebrity,urban,yes,cricketer / actor 'celebrating Kissan Day'
16,EdI-qEnT3Jo,2019-12-18,2019,616,Sohail Ahmed | Celebrating Kissan Day | Salam Kissan,celebrity_testimonial,celebrity,urban,yes,cricketer / actor 'celebrating Kissan Day'
17,yNyWwjaWXvc,2019-12-18,2019,1127,Madam Azra Mehmood Sheikh | Celebrating Kissan Day on 18th December 2019 | Salam Kissan,farmer_testimonial,farmer,mixed,yes,"farmer or farmer leader endorses the day (Nizamani, Rabia Sultan, Azra Mehmood Sheikh)"
18,gbuWGNgjDkw,2019-12-22,2019,583,Sami Ullah Chauhdhary | Celebrating Kissan Day | Salam Kissan,politician_testimonial,politician,mixed,yes,Food Minister Punjab
19,7CpE-AWarQE,2019-12-30,2019,3651,In The Making of Salam Kissan | Sarsabz,behind_the_scenes,crew,mass,yes,making of the anthem
20,y6sTmZufLYo,2020-01-05,2020,2257,Kissan Day | 18th Dec | Event Highlights,event,participants,mixed,yes,Kissan Day 2019 event highlights
21,o8zYpRUkQ5k,2020-03-11,2020,1801,Women’s Day Celebrations | Female Kissan | Mrs Wazir Un Nisa Chaudhry | Sarsabz,calendar_other,farmer,mixed,no,Women's Day: female kissan speak (Mar 2020)
22,QIo3F8I44Es,2020-03-15,2020,1485,Women's Day Celebration | Female Kissan | Mrs Syeda Kokab Shah | Sarsabz,calendar_other,farmer,mixed,no,Women's Day: female kissan speak (Mar 2020)
23,LP4CPLJDOV4,2020-05-23,2020,184154,Mulk Ke Heroes! | Eid Mubarak | Sarsabz Fertilizers,calendar_other,none_spoken,urban,no,"'Mulk Ke Heroes' Eid film, urban child (May 2020)"
24,GkhTG5-in1g,2020-10-12,2020,312,Speaker National Assembly Asad Qaiser speech at Wheat Campaign 2020 Swabi | Salam Kissan | Sarsabz,politician_testimonial,politician,mixed,no,Speaker National Assembly at wheat campaign (Oct 2020)
25,pvdFiE4RmKE,2020-10-15,2020,1424,Salam Kissan won Best Digital Campaign Award at PDA 2020 | Sarsabz | Overview,award_pr,none_spoken,industry,no,"Best Digital Campaign, Pakistan Digital Awards 2020"
26,wt_rH3e-ORY,2020-12-07,2020,387643,Let's Pledge Not To Waste Food | Kissan Day 18th December | Sarsabz Fertilizers,urban_short,none_spoken,urban,yes,'Let's pledge not to waste food' - urban boy eating an apple
27,yITH0i--5Fo,2020-12-10,2020,382444,"Thank you, Kissan! | Salam Kissan, Sarsabz Pakistan | Celebrating Kissan Day on 18th Dec",urban_short,none_spoken,urban,yes,"'Thank you, Kissan!' - basket of produce in an urban home"
28,HtONbl5yVIU,2020-12-13,2020,478969,"Time to Appreciate the Unsung Heroes, Kissan! | Salam Kissan, Sarsabz Pakistan | Kissan Day 18th Dec",urban_short,none_spoken,urban,yes,'Time to appreciate the unsung heroes' - urban girl at a table
29,N9vQiWHcezA,2020-12-14,2020,114794,"Shahid Afridi celebrating Kissan Day on 18th Dec | Salam Kissan, Sarsabz Pakistan",celebrity_testimonial,celebrity,urban,yes,"celebrity 'celebrating Kissan Day on 18th Dec' (Afridi, Wasim Akram, Ahsan Khan, Muniba Mazari, Reema Khan...)"
30,6524k1TapsI,2020-12-14,2020,150976,Cricketer Wasim Akram Celebrating Kissan Day on 18th December with Sarsabz,celebrity_testimonial,celebrity,urban,yes,"celebrity 'celebrating Kissan Day on 18th Dec' (Afridi, Wasim Akram, Ahsan Khan, Muniba Mazari, Reema Khan...)"
31,YkNq3zGVITI,2020-12-15,2020,53805,Agriculture Minister Punjab | Syed Hussain Jahania Gardezi | Celebrating Kissan Day on 18th Dec,politician_testimonial,politician,mixed,yes,"minister thanks farmers and Sarsabz (Punjab, KPK, federal food security, climate change)"
32,0eEYOPjmXFI,2020-12-15,2020,147494,Ahsan Khan Pays a Tribute to Kissan with Sarsabz | Kissan Day 18th Dec,celebrity_testimonial,celebrity,urban,yes,"celebrity 'celebrating Kissan Day on 18th Dec' (Afridi, Wasim Akram, Ahsan Khan, Muniba Mazari, Reema Khan...)"
33,PzBIQ06_Mzg,2020-12-16,2020,1152,Agriculture Minister KPK | Mohibullah Khan | Celebrating Kissan Day on 18th Dec,politician_testimonial,politician,mixed,yes,"minister thanks farmers and Sarsabz (Punjab, KPK, federal food security, climate change)"
34,VMojXAgVtUM,2020-12-16,2020,141949,Muniba Mazari pays a tribute to the Farmer's of Pakistan | Kissan Day 18th December 2020,celebrity_testimonial,celebrity,urban,yes,"celebrity 'celebrating Kissan Day on 18th Dec' (Afridi, Wasim Akram, Ahsan Khan, Muniba Mazari, Reema Khan...)"
35,Im3Vp2mD67E,2020-12-16,2020,64256,Shan Masood Celebrating Kissan Day | 18th Dec | Multan Sultans | Salam Kissan,celebrity_testimonial,celebrity,urban,yes,"celebrity 'celebrating Kissan Day on 18th Dec' (Afridi, Wasim Akram, Ahsan Khan, Muniba Mazari, Reema Khan...)"
36,mmWpDYx1IiM,2020-12-17,2020,12878,KPK Special Assistance (CM) | Abdul Karim | Celebrating Kissan Day on 18th Dec,politician_testimonial,politician,mixed,yes,"minister thanks farmers and Sarsabz (Punjab, KPK, federal food security, climate change)"
37,9HEZMr9fUMo,2020-12-17,2020,29545,Federal Minister of National Food Security  | Syed Fakher Imam | Celebrating Kissan Day on 18th Dec,politician_testimonial,politician,mixed,yes,"minister thanks farmers and Sarsabz (Punjab, KPK, federal food security, climate change)"
38,yQg3i37b_Kw,2020-12-17,2020,46302,Afzal Khan Jan Rambo | Celebrating Kissan Day on 18th Dec,celebrity_testimonial,celebrity,urban,yes,"celebrity 'celebrating Kissan Day on 18th Dec' (Afridi, Wasim Akram, Ahsan Khan, Muniba Mazari, Reema Khan...)"
39,0HCW2XeHk9o,2020-12-17,2020,672,Hina Dilpazeer | Celebrating Kissan Day on 18th Dec,celebrity_testimonial,celebrity,urban,yes,"celebrity 'celebrating Kissan Day on 18th Dec' (Afridi, Wasim Akram, Ahsan Khan, Muniba Mazari, Reema Khan...)"
40,60-J2BfB3wY,2020-12-17,2020,439,Fang Yanshui | Managing Director (CMEC) | Celebrating Kissan Day on 18th Dec!,partner_testimonial,executive,industry,yes,CMEC managing director (Chinese partner)
41,bxGaPtgQwR4,2020-12-17,2020,64037,Minister Climate Change | Zartaj Gul | Celebrating Kissan Day 18th December,politician_testimonial,politician,mixed,yes,"minister thanks farmers and Sarsabz (Punjab, KPK, federal food security, climate change)"
42,92w-otZtj3w,2020-12-17,2020,152900,"Reema Khan paying a tribute to Farmers | Kissan Day 18th Dec | Salam Kissan, Sarsabz Pakistan",celebrity_testimonial,celebrity,urban,yes,"celebrity 'celebrating Kissan Day on 18th Dec' (Afridi, Wasim Akram, Ahsan Khan, Muniba Mazari, Reema Khan...)"
43,w42Gk1YArkg,2020-12-18,2020,40007,Actor Sohail Ahmed | Celebrating Kissan Day on 18th Dec,celebrity_testimonial,celebrity,urban,yes,"celebrity 'celebrating Kissan Day on 18th Dec' (Afridi, Wasim Akram, Ahsan Khan, Muniba Mazari, Reema Khan...)"
44,OWcM3F1KfiA,2020-12-18,2020,17727,Actress Jana Malik | Celebrating Kissan Day on 18th Dec,celebrity_testimonial,celebrity,urban,yes,"celebrity 'celebrating Kissan Day on 18th Dec' (Afridi, Wasim Akram, Ahsan Khan, Muniba Mazari, Reema Khan...)"
45,jw1Nm_llfbM,2020-12-22,2020,2943,"Kissan Day 18th December 2020 | Event Highlights | Salam Kissan, Sarsabz Pakistan",event,participants,mixed,yes,"Kissan Day 2020, Governor House Lahore"
46,VG_sz8Qdf8s,2021-01-18,2021,5382,"Mr. Fawad Ahmed Mukhtar, Chairman Fatima Group's Message on Kissan Day",pr_media,executive,mixed,no,Chairman Fatima Group message (Jan 2021)
47,LzARsY0L8PU,2021-01-23,2021,617,"Governor Punjab - Mohammad Sarwar speaks at Kissan Day event ""Salam Kissan Sarsabz Pakistan"" 2020",politician_testimonial,politician,mixed,no,Governor Punjab speech at Kissan Day event (Jan 2021)
48,guVc1O5CXz4,2021-01-23,2021,762,"Mr. Khalid Khokhar, President Pakistan Kissan Ittehad Speech at Salam Kissan, Sarsabz Pakistan event",farmer_testimonial,farmer,mixed,no,President Pakistan Kissan Ittehad speech (Jan 2021)
49,f80kPfGiBHc,2021-07-17,2021,1134137,Sarsabz Rice Testimonial | Mohammad Fayyaz Chattha,product_testimonial,farmer,farmer,no,"rice testimonial 'Kissan Tera Ehsaan, Sarsabz Pakistan' (Jul 2021)"
50,llIKvpyxhKM,2021-12-11,2021,13085382,Salam Kissan 2021 | Kissan Day | A Tribute to Farmers by Sarsabz Fertilizers,anthem_film,none_spoken,mass,yes,Salam Kissan 2021 anthem - 13.1M
51,TjEeuOcm2KA,2021-12-20,2021,4620,Fatima Fertilizer is celebrating Kissan Day at Pakistan Pavilion (Expo 2020 Dubai),event,participants,mixed,yes,"Kissan Day at Pakistan Pavilion, Expo 2020 Dubai"
52,Pd0z78-UJio,2022-12-05,2022,6504022,Salam Kissan 2022 | Kissan Day 18th Dec | A Tribute to Farmers by Sarsabz Fertilizers,anthem_film,none_spoken,mass,yes,Salam Kissan 2022 anthem - 6.5M
53,NWuCNgxXs5M,2022-12-14,2022,4082,How would you feel if this was your reality?  #SalamKissan #SarsabzPakistan #KissanDay,urban_short,none_spoken,urban,yes,"'How would you feel if this was your reality?' - urban woman, empty plate"
54,jwKiyifclUk,2022-12-15,2022,3613,Will you continue to ignore the hardwork of those who provide for you? #SalamKissan #SarsabzPakistan,urban_short,none_spoken,urban,yes,'Will you continue to ignore the hardwork of those who provide for you?'
55,J9s1PA2C9no,2022-12-27,2022,938,Kissan Day 2022 | Salam Kissan Sarsabz Pakistan | Multan,event,participants,mixed,yes,"Kissan Day 2022, Pak Arab plant Multan"
56,9Bx0AgvQh5I,2023-11-24,2023,107188,Mushtaq Ahmed Chattha | Wheat | Sargodha | Sarsabz Fertilizer,product_testimonial,farmer,farmer,no,"named wheat farmer by district, NP + CAN yield - product films in the Kissan Day window (Nov-Dec 2023)"
57,VhEivknE98w,2023-11-26,2023,399108,Ahtesham Qureshi | Wheat | Gujranwala | Sarsabz Fertilizer,product_testimonial,farmer,farmer,no,"named wheat farmer by district, NP + CAN yield - product films in the Kissan Day window (Nov-Dec 2023)"
58,ZBVU7G-f2x0,2023-11-29,2023,464,Syed Salman Ahmed Bukhari | Wheat | Multan | Sarsabz Fertilizer,product_testimonial,farmer,farmer,no,"named wheat farmer by district, NP + CAN yield - product films in the Kissan Day window (Nov-Dec 2023)"
59,TdH5ZIGSdxI,2023-12-02,2023,280816,Mian Mubashir Hassan | Wheat | Bahawalnagar | Sarsabz Fertilizer,product_testimonial,farmer,farmer,yes,"named wheat farmer by district, NP + CAN yield - product films in the Kissan Day window (Nov-Dec 2023)"
60,qY5ErzI5zro,2023-12-04,2023,655,Daud Shaukat | Wheat | Khanpur | Sarsabz Fertilizer,product_testimonial,farmer,farmer,yes,"named wheat farmer by district, NP + CAN yield - product films in the Kissan Day window (Nov-Dec 2023)"
61,ZkeZJikmTto,2023-12-07,2023,149233,Amanullah | Wheat | Naushahro Feroze | Sarsabz Fertilizer,product_testimonial,farmer,farmer,yes,"named wheat farmer by district, NP + CAN yield - product films in the Kissan Day window (Nov-Dec 2023)"
62,PX7Lvjs639U,2023-12-10,2023,22627461,Salam Kissan | Kissan Day 18th Dec | A Tribute to Farmers by Sarsabz Fertilizer,anthem_film,none_spoken,mass,yes,"Salam Kissan 2023 anthem - 22.6M, the peak"
63,KGmwOesEH2c,2024-10-27,2024,13693062,Leading Sustainable Change for Pakistan | Fatima Fertilizer in partnership with UNDP,corporate_pr,none_spoken,industry,no,UNDP SDG partnership film (Oct 2024)
64,PHXK8cX8zqc,2024-12-05,2024,1947,Sarsabz Fertilizers Celebrating Kissan Day on 18th December!,farmer_salute_short,farmer,farmer,yes,15s farmer salute to camera - the whole 2024 Kissan Day output
65,tRD1wlJIYfs,2024-12-06,2024,2463,Sarsabz Fertilizers Celebrating Kissan Day on 18th December!,farmer_salute_short,farmer,farmer,yes,15s farmer salute to camera - the whole 2024 Kissan Day output
66,gqSmz6eAvfA,2025-01-09,2025,543,Salam Kissan Journey | Fatima Fertilizer | Salam Kissan | Sarsabz Pakistan,behind_the_scenes,crew,industry,yes,Salam Kissan journey (Jan 2025)
67,VbWMhfg6JbY,2025-01-12,2025,546,"Kissan Day 2024 | Salam Kissan, Sarsabz Pakistan | Fatima Fertilizer",event,politician,mixed,yes,"Kissan Day 2024, Islamabad - Federal Minister Rana Tanveer (Jan 2025)"
68,iLBeeJZiDZU,2025-05-22,2025,231,Art Competition | SOS Children's Village | Fatima Fertilizer,csr,children,urban,no,SOS Children's Village art competition (May 2025)
69,bRiMDHr8mTI,2025-12-11,2025,1005590,"Salam Kissan, Sarsabz Pakistan",animated_short,none_spoken,mass,yes,"3D/AI animated farmer, 'Celebrating Kissan Day on 18th December'"
70,NluNk5dpZw0,2025-12-11,2025,5387086,Salam Kissan 2025 | Kissan Day 18th Dec | A Tribute to Farmers by Sarsabz Fertilizers,urban_short,celebrity,urban,yes,Salam Kissan 2025: actress at a dining table - 5.4M
71,t2JC0sCMAUk,2025-12-12,2025,2244091,Sarsabz Fertilizers Celebrating Kissan Day on 18th December!,farmer_mosaic,farmer,mixed,yes,mosaic of farmer faces - 2.2M
72,hfIC9a-Fots,2025-12-13,2025,1001255,Kissan Ki Mehnat,animated_short,none_spoken,mass,yes,"3D/AI animated farmer, 'Celebrating Kissan Day on 18th December'"
73,QfR5uPqdmjo,2025-12-15,2025,1002540,"Salam Kissan, Sarsabz Pakistan",animated_short,none_spoken,mass,yes,"3D/AI animated farmer, 'Celebrating Kissan Day on 18th December'"
74,ewOknRTj03w,2025-12-17,2025,485791,Mulk ke tumam mehnatkash kissanon ko Salam!,animated_short,none_spoken,mass,yes,"3D/AI animated farmer, 'Celebrating Kissan Day on 18th December'"
75,XzpUJvQMPHc,2025-12-xx,2025,594000,"Salam Kissan, Sarsabz Pakistan!",animated_short,none_spoken,mass,yes,"3D/AI animated farmer, 'Celebrating Kissan Day on 18th December'"
76,LC0NhNPU1Ic,2025-12-xx,2025,4000000,Behind every meal is a farmer's hard work.,urban_short,celebrity,urban,yes,"Ali Rehman, food blogger: 'Behind every meal is a farmer's hard work' - 4M"
