n,video_id,tab,published,views,length_sec,title,url,description
1,2mwg4JiJ9kU,videos,2019-11-24,162,33,Jami | SalamKissan | Sarsabz,https://www.youtube.com/watch?v=2mwg4JiJ9kU,Renowned film maker Jami talks about Sarsabz’s #SalamKissan initiative and how it’s empowering the farmer’s of Pakistan.
2,4uKo3U0hhNE,videos,2019-11-24,301,33,Ali Noor | SalamKissan | Sarsabz,https://www.youtube.com/watch?v=4uKo3U0hhNE,"“Kissan is like a hero”, Ali Noor from the band Noori talks about the efforts of farmers and the initiative #SalamKissan helping in empowering them."
3,q7kWgwoVKZ0,videos,2019-12-02,325,50,Canvas Wall By Sarsabz | Timelapse,https://www.youtube.com/watch?v=q7kWgwoVKZ0,Teams from all over Pakistan gathered at Pak Arab Fertilizer Plant in Multan to pay a tribute to the farmers of Pakistan by painting the walls. #SalamKissan
4,qED_bQ8x8g4,videos,2019-12-03,299,128,Waqas & Waseem | 1st Position | Canvas Wall By Sarsabz,https://www.youtube.com/watch?v=qED_bQ8x8g4,"The amazing 3D painting by the team that secured first position at #CanvasWall event in Multan. Watch this video to find out more about them and the concept behind the painting, paying a tribute to the farmers of Pakistan. #SalamKissan"
5,z02v-6D2948,videos,2019-12-04,1957,870,Sophiya Anjam at Canvas Wall event by Sarsabz,https://www.youtube.com/watch?v=z02v-6D2948,"Watch #CanvasWall participants pay tribute to the famers of Pakistan, live with Sophiya Anjam all the way from Multan! #SalamKissan #Sarsabz"
6,pyJ_bPzFmBE,videos,2019-12-05,1019,105,Mohsin & Jehangir | Canvas Wall by Sarsabz,https://www.youtube.com/watch?v=pyJ_bPzFmBE,"Our very own Mohsin Hashmi (distributor officer Fatima Group, Multan) talks about #CanvasWall along with him is Multan’s very own, Alamgir Khan son of Multan’s renowned painter Jehangir Khan. #SalamKissan #Sarsabz"
7,PkenunwpduU,videos,2019-12-09,2141164,210,Salam Kissan | A Tribute to Farmers of the World by Sarsabz Fertilizers | Ali Noor | Jami Moor,https://www.youtube.com/watch?v=PkenunwpduU,"Sarsabz proudly presents #SalamKissan – A step aimed at recognizing the tireless efforts by the Pakistani farmer, who works day & night to ensure that we, the consumers, never have an empty plate. The farmers effort is largely ignored, and we take for granted their contribution in our everyday life; unseen, they work in harsh weather, sun, rain & cold and grow the delicate plants that glean the produce we eat daily, and through this initiative, #Sarsabz aims to recognize and appreciate all that these unbelievably hardworking individuals do for us. #SarsabzPakistan  Celebrating Kissan Day in Pa"
8,SUkADJQeYX4,videos,2019-12-15,886,88,"""Salam Kissan, Sarsabz Pakistan"" making waves on media | GTV",https://www.youtube.com/watch?v=SUkADJQeYX4,"""Salam Kissan, Sarsabz Pakistan"" making waves on media. Naseer Ullah Khan (Head of Technical, Fatima Group) talks about the initiative Sarsabz has taken on GTV and how it's becoming a phenomena nationwide.  Sarsabz celebrating Kissan Day on 18th Dec 2019.   #SalamKissan #Sarsabz #SarsabzPakistan #KissanDay"
9,dJ1QYRwNzG0,videos,2019-12-16,513,73,Mustafa Shah | Celebrating Kissan Day on 18th Dec 2019 | Salam Kissan,https://www.youtube.com/watch?v=dJ1QYRwNzG0,Mustafa Shah talks about the backbone of our country - Kissans! Celebrate Kissan Day on 18th December 2019 and pay gratitude to the farmers. #SalamKissan #SarsabzPakistan #Sarsabz #KissanDay
10,V9cE9eh_W6g,videos,2019-12-16,623,39,Mehmal Sarfraz | Celebrating Kissan Day on 18th Dec 2019 | Salam Kissan,https://www.youtube.com/watch?v=V9cE9eh_W6g,"Senior Analyst Mehmal Sarfraz talks about “Salam Kissan, Sarsabz Pakistan” initiative and how important it’s to elevate the farmers of our country.   Sarsabz is Celebrating Kissan Day on 18th December, 2019.  #SalamKissan #SarsabzPakistan #Sarsabz #KissanDay"
11,EcP3m6PnNvE,videos,2019-12-16,343,52,Natasha Beyg | Celebrating Kissan Day on 18th Dec 2019 | Salam Kissan,https://www.youtube.com/watch?v=EcP3m6PnNvE,Natasha Beyg is celebrating Kissan Day on 18th December 2019 to pay a tribute to all the farmers in Pakistan for their hard work and efforts they put in all year long. #SalamKissan #SarsabzPakistan #KissanDay #Sarsabz
12,U8Yrw_UDZJ0,videos,2019-12-17,545,46,Haji Abdul Majeed Nizamani | Celebrating Kissan Day on 18th Dec 2019 | Salam Kissan,https://www.youtube.com/watch?v=U8Yrw_UDZJ0,"Renowned Agriculturist Haji Abdul Majeed Nizamani talks about Sarsabz’s initiative “Salam Kissan, Sarsabz Pakistan”.   Celebrating Kissan Day on 18th December 2019.   #SalamKissan #SarsabzPakistan #KissanDay #Sarsabz"
13,j1Vx5yp4pVo,videos,2019-12-17,1392,72,Rabia Sultan | Celebrating Kissan Day on 18th Dec 2019 | Salam Kissan,https://www.youtube.com/watch?v=j1Vx5yp4pVo,"Our agriculture star Rabia Sultan talking about the initiative “Salam Kissan, Sarsabz Pakistan” and asking all of you to celebrate Kissan Day on 18th December 2019 to appreciate efforts and hardwork of Kissans. #SalamKissan #SarsabzPakistan #Sarsabz #KissanDay"
14,gDcXPD9t7RY,videos,2019-12-17,358,47,Sohail Warraich | Celebrating Kissan Day on 18th Dec 2019 | Salam Kissan,https://www.youtube.com/watch?v=gDcXPD9t7RY,"Sohail Warraich is celebrating Kissan Day on 18th December, 2019. Be a part of the tribute, and don't forget to #SalamKissan! #SarsabzPakistan #Sarsabz"
15,0bht9ZAdCuI,videos,2019-12-18,1264,38,Shan Masood | Celebrating Kissan Day | Salam Kissan,https://www.youtube.com/watch?v=0bht9ZAdCuI,"Shan Masood our country’s cricket talent talks about how Kissans are not given their due appreciation and through Sarsabz’s “Salam Kissan, Sarsabz Pakistan” initiative we can elevate our farmers of the country. #SalamKissan #SarsabzPakistan #Sarsabz #KissanDay"
16,EdI-qEnT3Jo,videos,2019-12-18,616,44,Sohail Ahmed | Celebrating Kissan Day | Salam Kissan,https://www.youtube.com/watch?v=EdI-qEnT3Jo,Sohail Ahmed celebrating Kissan Day today to pay a tribute to the farmers of Pakistan for their endless hardwork they put all year long. #SalamKissan #SarsabzPakistan #KissanDay #Sarsabz
17,yNyWwjaWXvc,videos,2019-12-18,1127,41,Madam Azra Mehmood Sheikh | Celebrating Kissan Day on 18th December 2019 | Salam Kissan,https://www.youtube.com/watch?v=yNyWwjaWXvc,"Madam Azra Mehmood Sheikh (Farmer from tehsil/district Bhawalpur) talking about “Salam Kissan, Sarsabz Pakistan” initiative.    Sarsabz celebrating Kissan Day in Pakistan today.       #SalamKissan #SarsabzPakistan #Sarsabz #KissanDay"
18,gbuWGNgjDkw,videos,2019-12-22,583,175,Sami Ullah Chauhdhary | Celebrating Kissan Day | Salam Kissan,https://www.youtube.com/watch?v=gbuWGNgjDkw,"Mr. Sami Ullah Chauhdhary, Food Minister Punjab taking about the Kissan Day (18th Dec 219) initiative Sarsabz brought to life. #SalamKissan #SarsabzPakistan #Sarsabz #KissanDay"
19,7CpE-AWarQE,videos,2019-12-30,3651,214,In The Making of Salam Kissan | Sarsabz,https://www.youtube.com/watch?v=7CpE-AWarQE,"Sarsabz has put months of planning in making ""Salam Kissan"" song. This song is a true depiction of what farmer goes through. A small token of love & tribute to the farmers of Pakistan for their endless hard work! #SalamKissan #SarsabzPakistan #Sarsabz"
20,y6sTmZufLYo,videos,2020-01-05,2257,130,Kissan Day | 18th Dec | Event Highlights,https://www.youtube.com/watch?v=y6sTmZufLYo,"Sarsabz as a part of their campaign Salam Kissan Sarsabz Pakistan, initiated to make 18th December as a National Kissan Day in Pakistan. Thanks to all the government officials for recognizing it, and believing in the cause by Sarsabz. Here are the event highlights which took place in Islamabad on 18th of December, 2019.  #SalamKissan #SarsabzPakistan #Sarsabz #KissanDay"
21,o8zYpRUkQ5k,videos,2020-03-11,1801,116,Women’s Day Celebrations | Female Kissan | Mrs Wazir Un Nisa Chaudhry | Sarsabz,https://www.youtube.com/watch?v=o8zYpRUkQ5k,#Sarsabz salam peish karta hai Mrs. Wazir Un Nisa Chaudhry aur un jaisi tamam khawateeno ko jo kaashtkari jaisay shooboun mein apna naam bana rahi hain. Ayein hum sab mil kar is pooray haftay un sab khawateeno ko salam peish karein jo hamaray mulk ki tareeki mein barabar ki hisaydaar hain!  Teri himat se teray jazbay se sarsabz hai Pakistan!   #Womensweek #Sarsabz #SalamKissan #SarsabzPakistan #YoumEKhawateen
22,QIo3F8I44Es,videos,2020-03-15,1485,103,Women's Day Celebration | Female Kissan | Mrs Syeda Kokab Shah | Sarsabz,https://www.youtube.com/watch?v=QIo3F8I44Es,Salam hai Mrs. Syeda Kokab Shah aur un tamaam khawateeno pe jo kaashtkari jaisay shobay say munstaliq hain aur apni din raat ki mehnat say hamaray mulk ki tareeki me hisaydaar banti hain. #Sarsabz un tamaam khawateen ko khairaj e taseem peish karta hai youm-e-khawateen ke mauqay per!  Teri himat se teray jazbay se sarsabz hai Pakistan!   #Womensweek #Sarsabz #SalamKissan #SarsabzPakistan #YoumEKhawateen
23,LP4CPLJDOV4,videos,2020-05-23,184154,61,Mulk Ke Heroes! | Eid Mubarak | Sarsabz Fertilizers,https://www.youtube.com/watch?v=LP4CPLJDOV4,#Sarsabz ka salam hamaray mulk ke heroes ko! Apki mehnat ka shukriya! #SalamKissan  Follow/Subscribe/Like Sarsabz on: Facebook - https://facebook.com/sarsabzofficial  Twitter - https://twitter.com/sarsabzofficial  YouTube - https://youtube.com/sarsabz  Instagram - https://instagram.com/sarsabz.official
24,GkhTG5-in1g,videos,2020-10-12,312,1291,Speaker National Assembly Asad Qaiser speech at Wheat Campaign 2020 Swabi | Salam Kissan | Sarsabz,https://www.youtube.com/watch?v=GkhTG5-in1g,مسٹر اسد قیصر اسپیکر قومی اسمبلی نے گندم کی قومی پیداوار کو قومی فوڈ سیکیورٹی میں اضافے کے لئے مستقل کوششوں پر فاطمہ فرٹیلائزر کمپنی کا خصوصی شکریہ ادا کیا۔ مزید انہوں نے خصوصی پارلیمانی کمیٹی برائے زراعت کے بارے میں بریفنگ دی جو پاکستان میں زراعت کو فروغ دینے کے لئے تیار ہوئی ہے۔  #SalamKissan #Sarsabz
25,pvdFiE4RmKE,videos,2020-10-15,1424,91,Salam Kissan won Best Digital Campaign Award at PDA 2020 | Sarsabz | Overview,https://www.youtube.com/watch?v=pvdFiE4RmKE,"Salam Kissan- BDigital's objectively crafted campaign highlighting Sarsabz (Fatima Fertilizers) thoughtful narrative to recognize the farmers of Pakistan, gets awarded as the ""Best Digital Campaign"" of the year at Pakistan Digital Awards 2020.  The beauty of the campaign lies in how it reached out to more than 9.9M people across multiple platforms (i.e. Facebook, YouTube, Twitter plus Instagram) & all segments of society to evoke the sentiments of gratitude for the farmers and reminded everyone to stop for a moment to look around and realize the impact of Kissan’s contribution to our everyday "
26,wt_rH3e-ORY,videos,2020-12-07,387643,45,Let's Pledge Not To Waste Food | Kissan Day 18th December | Sarsabz Fertilizers,https://www.youtube.com/watch?v=wt_rH3e-ORY,Let's pledge not to waste food & pay our tribute to the efforts & hard work of the farmers. Sarsabz is celebrating Kissan Day on 18th December!   #SalamKissan #SarsabzPakistan
27,yITH0i--5Fo,videos,2020-12-10,382444,42,"Thank you, Kissan! | Salam Kissan, Sarsabz Pakistan | Celebrating Kissan Day on 18th Dec",https://www.youtube.com/watch?v=yITH0i--5Fo,Let’s not forget the Kissan’s who work tirelessly day & night to provide us with the necessities we require. Celebrating Kissan Day on 18th December!   #SalamKissan #SarsabzPakistan
28,HtONbl5yVIU,videos,2020-12-13,478969,42,"Time to Appreciate the Unsung Heroes, Kissan! | Salam Kissan, Sarsabz Pakistan | Kissan Day 18th Dec",https://www.youtube.com/watch?v=HtONbl5yVIU,We don’t realize the hard work & efforts a farmer puts in bringing the food to our plates. It’s time to appreciate them for their tireless contribution in making our lives easier & ensuring food security of our country!   #SalamKissan #SarsabzPakistan
29,N9vQiWHcezA,videos,2020-12-14,114794,33,"Shahid Afridi celebrating Kissan Day on 18th Dec | Salam Kissan, Sarsabz Pakistan",https://www.youtube.com/watch?v=N9vQiWHcezA,"Pakistan's favorite Lala, Shahid Afridi celebrating Kissan Day on 18th December with Sarsabz to pay a tribute to the farmer's of Pakistan!   #SalamKissan #SarsabzPakistan #MultanSultans"
30,6524k1TapsI,videos,2020-12-14,150976,52,Cricketer Wasim Akram Celebrating Kissan Day on 18th December with Sarsabz,https://www.youtube.com/watch?v=6524k1TapsI,"Legendary Cricketer, Wasim Akram joins the celebrations of Kissan Day on 18th December with Sarsabz to appreciate the hardworking farmers of our country! Are you in?   #SalamKissan #SarsabzPakistan"
31,YkNq3zGVITI,videos,2020-12-15,53805,86,Agriculture Minister Punjab | Syed Hussain Jahania Gardezi | Celebrating Kissan Day on 18th Dec,https://www.youtube.com/watch?v=YkNq3zGVITI,"Agriculture Minister Punjab, Syed Hussain Jahania Gardezi thanking Sarsabz & Fatima Fertilizer for initiating Kissan Day on 18th December to appreciate the hard work & efforts of famer's in Pakistan! #SalamKissan #SarsabzPakistan"
32,0eEYOPjmXFI,videos,2020-12-15,147494,62,Ahsan Khan Pays a Tribute to Kissan with Sarsabz | Kissan Day 18th Dec,https://www.youtube.com/watch?v=0eEYOPjmXFI,"Renowned Actor/Host, Ahsan Khan is celebrating Kissan Day on 18th December with Sarsabz to pay a tribute to the hardworking heroes we know as Farmers!   #SalamKissan #SarsabzPakistan"
33,PzBIQ06_Mzg,videos,2020-12-16,1152,52,Agriculture Minister KPK | Mohibullah Khan | Celebrating Kissan Day on 18th Dec,https://www.youtube.com/watch?v=PzBIQ06_Mzg,"Agriculture Minister KPK, Mohibullah Khan is all ready to celebrate Kissan Day with Sarsabz on 18th December 2020 to pay his tribute to the unsung heroes of our country, Kissan!   #SalamKissan #SarsabzPakistan"
34,VMojXAgVtUM,videos,2020-12-16,141949,55,Muniba Mazari pays a tribute to the Farmer's of Pakistan | Kissan Day 18th December 2020,https://www.youtube.com/watch?v=VMojXAgVtUM,"Motivational Speaker, Muniba Mazari stands up for farmer's this Kissan Day (18th December) with Sarsabz & Fatima Fertilizer to pay a tribute to them!   #SalamKissan #SarsabzPakistan"
35,Im3Vp2mD67E,videos,2020-12-16,64256,34,Shan Masood Celebrating Kissan Day | 18th Dec | Multan Sultans | Salam Kissan,https://www.youtube.com/watch?v=Im3Vp2mD67E,"Multan Sultan's captain, Shan Masood is celebrating Kissan Day with Sarsabz on 18th December!   #SalamKissan #SarsabzPakistan"
36,mmWpDYx1IiM,videos,2020-12-17,12878,58,KPK Special Assistance (CM) | Abdul Karim | Celebrating Kissan Day on 18th Dec,https://www.youtube.com/watch?v=mmWpDYx1IiM,"KPK Special Assistance (CM), Abdul Karim is thanking farmers for their consistent efforts to enhance the National production of crops & Celebrating Kissan Day on 18th December! #SalamKissan #SarsabzPakistan"
37,9HEZMr9fUMo,videos,2020-12-17,29545,186,Federal Minister of National Food Security  | Syed Fakher Imam | Celebrating Kissan Day on 18th Dec,https://www.youtube.com/watch?v=9HEZMr9fUMo,"Federal Minister of National Food Security & Research, Syed Fakhar Imam is celebrating Kissan Day by considering farmers as backbone of this country & appreciating their hardwork & effort in the contribution of economic growth ! #SalamKissan #SarsabzPakistan"
38,yQg3i37b_Kw,videos,2020-12-17,46302,54,Afzal Khan Jan Rambo | Celebrating Kissan Day on 18th Dec,https://www.youtube.com/watch?v=yQg3i37b_Kw,"The very amazing, Afzal Khan Jan Rambo is giving a tribute to the farmers & celebrating Kissan Day with Sarsabz & Fatima Fertilizers on 18th December!   #SalamKissan #SarsabzPakistan"
39,0HCW2XeHk9o,videos,2020-12-17,672,58,Hina Dilpazeer | Celebrating Kissan Day on 18th Dec,https://www.youtube.com/watch?v=0HCW2XeHk9o,Actress Hina Dilpazeer is happy to celebrate Kissan Day on 18th December with Sarsabz & Fatima Fertilizer to pay gratitude to the hardworking farmer's of Pakistan.  #SalamKissan #SarsabzPakistan
40,60-J2BfB3wY,videos,2020-12-17,439,241,Fang Yanshui | Managing Director (CMEC) | Celebrating Kissan Day on 18th Dec!,https://www.youtube.com/watch?v=60-J2BfB3wY,"Mr. Fang Yanshui,  Managing Director of China Machinery Engineering Corporation appreciating the efforts of Fatima Fertilizer & Sarsabz in elevating the status of Farmers who are working day & night to ensure the food security of Pakistan.  #SalamKissan #SarsabzPakistan"
41,bxGaPtgQwR4,videos,2020-12-17,64037,73,Minister Climate Change | Zartaj Gul | Celebrating Kissan Day 18th December,https://www.youtube.com/watch?v=bxGaPtgQwR4,"Minister Climate Change, Zartaj Gul is Celebrating Kissan Day on this 18th December & paying gratitude to the farmers for their hard work and efforts! #SalamKissan #SarsabzPakistan"
42,92w-otZtj3w,videos,2020-12-17,152900,76,"Reema Khan paying a tribute to Farmers | Kissan Day 18th Dec | Salam Kissan, Sarsabz Pakistan",https://www.youtube.com/watch?v=92w-otZtj3w,"Pakistan's top media sensation, Reema Khan is happy to celebrate Kissan Day on 18th December with Sarsabz & Fatima Fertilizer to pay gratitude to the hardworking farmer's of Pakistan. It's about time we step up for our unsung heroes. Salam Kissan, Sarsabz Pakistan!   #SalamKissan #SarsabzPakistan"
43,w42Gk1YArkg,videos,2020-12-18,40007,46,Actor Sohail Ahmed | Celebrating Kissan Day on 18th Dec,https://www.youtube.com/watch?v=w42Gk1YArkg,"Renowned Pakistani Actor, Sohail Ahmed is celebrating Kissan Day & paying gratitude to the contributions & hardwork of our farmers for this country!  #SalamKissan #SarsabzPakistan"
44,OWcM3F1KfiA,videos,2020-12-18,17727,43,Actress Jana Malik | Celebrating Kissan Day on 18th Dec,https://www.youtube.com/watch?v=OWcM3F1KfiA,"Well Known Pakistani Actress, Jana Malik is celebrating Kissan Day & paying tribute to farmer's effort for the development of Pakistan! #SalamKissan #SarsabzPakistan"
45,jw1Nm_llfbM,videos,2020-12-22,2943,114,"Kissan Day 18th December 2020 | Event Highlights | Salam Kissan, Sarsabz Pakistan",https://www.youtube.com/watch?v=jw1Nm_llfbM,"Sarsabz & Fatima Fertilizer celebrating Kissan Day on 18th December 2020, at Governor House Lahore to pay a tribute to the hardworking farmer's of Pakistan! #SalamKissan #SarsabzPakistan"
46,VG_sz8Qdf8s,videos,2021-01-18,5382,431,"Mr. Fawad Ahmed Mukhtar, Chairman Fatima Group's Message on Kissan Day",https://www.youtube.com/watch?v=VG_sz8Qdf8s,"Chairman Fatima Group / CEO Fatima Fertilizers Company Limited, Mr. Fawad Ahmed Mukhtar talks about the importance of agriculture sector and the role corporate sector can play in economic uplift of Pakistan at Kissan Day event held at Governor House, Lahore on 18th December 2020.   A visionary leader, Mr. Fawad has been at the forefront advocating empowerment of corporations working in agriculture to combat not just poverty but also uplift Pakistan's economy and exports. He is leading Fatima Group's diversification in Agriculture by introducing high productivity seeds, hi tech machinery for co"
47,LzARsY0L8PU,videos,2021-01-23,617,716,"Governor Punjab - Mohammad Sarwar speaks at Kissan Day event ""Salam Kissan Sarsabz Pakistan"" 2020",https://www.youtube.com/watch?v=LzARsY0L8PU,
48,guVc1O5CXz4,videos,2021-01-23,762,542,"Mr. Khalid Khokhar, President Pakistan Kissan Ittehad Speech at Salam Kissan, Sarsabz Pakistan event",https://www.youtube.com/watch?v=guVc1O5CXz4,
49,f80kPfGiBHc,videos,2021-07-17,1134137,100,Sarsabz Rice Testimonial | Mohammad Fayyaz Chattha,https://www.youtube.com/watch?v=f80kPfGiBHc,"Sarsabz ke taraqi pasand kashtkaar Mohammad Fayyaz Chattha Wald Hamid Nasir Chattha Ki Kahaani! Jo Saliha-sal sey Sarsabz Nitrophos aur CAN Gawara ka estimaal kar ke apni Dhaan ki fasal sey 10 feesad sey bhi Zayada Paidawaar hasial ker rahey hein.  Kissan Tera Ehsaan, Sarsabz Pakistan!  #SalamKissan #SarsabzPakistan"
50,llIKvpyxhKM,videos,2021-12-11,13085382,210,Salam Kissan 2021 | Kissan Day | A Tribute to Farmers by Sarsabz Fertilizers,https://www.youtube.com/watch?v=llIKvpyxhKM,A tribute to the hardworking farmers of Pakistan by Sarsabz Fertilizers. Let’s celebrate Kissan Day on 18th December Nationwide and thank them for taking care of the food security of our country. Share your tribute using #SalamKissan #SarsabzPakistan #KissanDay  Video Director: Jami Singer: Mai Dhai & Shani Arshad  Music Composition: Shani Arshad Lyricist: Sabir Zafar Concept: Saima Saleem Production House: Azadfilm
51,TjEeuOcm2KA,videos,2021-12-20,4620,95,Fatima Fertilizer is celebrating Kissan Day at Pakistan Pavilion (Expo 2020 Dubai),https://www.youtube.com/watch?v=TjEeuOcm2KA,"Fatima Fertilizer is celebrating Kissan Day at Pakistan Pavilion (Expo 2020 Dubai) with various activities for all the attendees, Come to experience rural culture and pay a tribute to the unsung heroes of Pakistan - Farmers! #SalamKissan #Expo2020Dubai #PakistanExpo2020 #KissanDay #SarsabzPakistan"
52,Pd0z78-UJio,videos,2022-12-05,6504022,169,Salam Kissan 2022 | Kissan Day 18th Dec | A Tribute to Farmers by Sarsabz Fertilizers,https://www.youtube.com/watch?v=Pd0z78-UJio,"Following the tradition of the last three years, Sarsabz fertilizer is once again celebrating their annual Kissan Day on the 18th of December 2022, to pay tribute to all the hardworking farmers of the country. We at Sarsabz are extremely grateful to our Kissan, all over Pakistan, for their hard work to sustain the food security of the country. Let’s pay tribute to the unsung heroes of our nation this Kissan Day!  پچھلے تین سالوں کی روایت برقرار رکھتے ہوئے، سرسبز فرٹیلائزر ایک بار پھر 18 دسمبر 2022 کو اپنا سالانہ یوم کسان منا رہا ہے، تاکہ ملک کے تمام محنتی کسانوں کو خراج تحسین پیش کیا جا سکے۔  "
53,NWuCNgxXs5M,shorts,2022-12-14,4082,15,How would you feel if this was your reality?  #SalamKissan #SarsabzPakistan #KissanDay,https://www.youtube.com/shorts/NWuCNgxXs5M,
54,jwKiyifclUk,shorts,2022-12-15,3613,15,Will you continue to ignore the hardwork of those who provide for you? #SalamKissan #SarsabzPakistan,https://www.youtube.com/shorts/jwKiyifclUk,
55,J9s1PA2C9no,videos,2022-12-27,938,130,Kissan Day 2022 | Salam Kissan Sarsabz Pakistan | Multan,https://www.youtube.com/watch?v=J9s1PA2C9no,"We celebrated Kissan Day with Farmers, Stakeholders & Govt. Dignitaries at Pak Arab Fertilizer Plant in Multan to pay a tribute to the hardworking farmers of the country! #SalamKissan #SarsabzPakistan #KissanDay"
56,9Bx0AgvQh5I,videos,2023-11-24,107188,37,Mushtaq Ahmed Chattha | Wheat | Sargodha | Sarsabz Fertilizer,https://www.youtube.com/watch?v=9Bx0AgvQh5I,"Milye Sargodha sey taluk rakhney waley taraqi pasand kissan Mushtaq Ahmed Chattha se, jo Gandum ki fasal ke kashtkaar hein. Mushtaq ney Sarsabz Nitrophos aur CAN gawara ke estimaal sey apni Gandum ki fasal mein hasil ki 14% izaafi paidawaar! #Sarsabz #SalamKissan #SarsabzPakistan"
57,VhEivknE98w,videos,2023-11-26,399108,36,Ahtesham Qureshi | Wheat | Gujranwala | Sarsabz Fertilizer,https://www.youtube.com/watch?v=VhEivknE98w,"Milye Gujranwala sey taluk rakhney waley taraqi pasand kissan Ahtesham Qureshi se, jo Gandum ki fasal ke kashtkaar hein. Ahtesham ney Sarsabz Nitrophos aur CAN gawara ke estimaal sey apni Gandum ki fasal mein hasil ki 18% izaafi paidawaar! #Sarsabz #SalamKissan #SarsabzPakistan"
58,ZBVU7G-f2x0,videos,2023-11-29,464,36,Syed Salman Ahmed Bukhari | Wheat | Multan | Sarsabz Fertilizer,https://www.youtube.com/watch?v=ZBVU7G-f2x0,"Milye Multan sey taluk rakhney waley taraqi pasand kissan Syed Salman Ahmed Bukhari se, jo Gandum ki fasal ke kashtkaar hein. Salman ney Sarsabz Nitrophos aur CAN gawara ke estimaal sey apni Gandum ki fasal mein hasil ki 13% izaafi paidawaar!  #Sarsabz #SalamKissan #SarsabzPakistan  Production: Big Film Entertainment  Director : Samiee Malik"
59,TdH5ZIGSdxI,videos,2023-12-02,280816,37,Mian Mubashir Hassan | Wheat | Bahawalnagar | Sarsabz Fertilizer,https://www.youtube.com/watch?v=TdH5ZIGSdxI,"Milye Bahawalnagar sey taluk rakhney waley taraqi pasand kissan Mian Mubashir Hassan se, jo Gandum ki fasal ke kashtkaar hein. Mubashir ney Sarsabz Nitrophos aur CAN gawara ke estimaal sey apni Gandum ki fasal mein hasil ki 15% izaafi paidawaar!  #Sarsabz #SalamKissan #SarsabzPakistan  Production: Big Film Entertainment  Director : Samiee Malik"
60,qY5ErzI5zro,videos,2023-12-04,655,36,Daud Shaukat | Wheat | Khanpur | Sarsabz Fertilizer,https://www.youtube.com/watch?v=qY5ErzI5zro,"Milye Khanpur sey taluk rakhney waley taraqi pasand kissan Daud Shaukat se, jo Gandum ki fasal ke kashtkaar hein. Daud ney Sarsabz Nitrophos aur CAN gawara ke estimaal sey apni Gandum ki fasal mein hasil ki 10% izaafi paidawaar!  #Sarsabz #SalamKissan #SarsabzPakistan  Production: Big Film Entertainment  Director : Samiee Malik"
61,ZkeZJikmTto,videos,2023-12-07,149233,36,Amanullah | Wheat | Naushahro Feroze | Sarsabz Fertilizer,https://www.youtube.com/watch?v=ZkeZJikmTto,"Milye Naushahro Feroze sey taluk rakhney waley taraqi pasand kissan Amanullah se, jo Gandum ki fasal ke kashtkaar hein. Amanullah ney Sarsabz Nitrophos aur CAN gawara ke estimaal sey apni Gandum ki fasal mein hasil ki 15% izaafi paidawaar!  #Sarsabz #SalamKissan #SarsabzPakistan  Production: Big Film Entertainment  Director : Samiee Malik"
62,PX7Lvjs639U,videos,2023-12-10,22627461,255,Salam Kissan | Kissan Day 18th Dec | A Tribute to Farmers by Sarsabz Fertilizer,https://www.youtube.com/watch?v=PX7Lvjs639U,"Sarsabz Fertilizer proudly continues its tradition of honoring the relentless dedication of farmers, the backbone of our nation, who tirelessly fuel our prosperity. Join us in saluting the resilience and spirit of these farming heroes as we celebrate Kissan Day on December 18th. We recognize and stand by our farmers, commemorating their hard work and unwavering commitment that drives our nation forward.  #SalamKissan #SarsabzPakistan #KissanDay  Produced by: Azadfilm Company  Directed by: Jami (DGP Member)  Music composer: Shani Haider Lyrics by: Sabir Zafar Singers: Shani Haider and Nirmila B"
63,KGmwOesEH2c,videos,2024-10-27,13693062,210,Leading Sustainable Change for Pakistan | Fatima Fertilizer in partnership with UNDP,https://www.youtube.com/watch?v=KGmwOesEH2c,"Fatima Fertilizer is proud to be the first company in Pakistan to partner with UNDP on adopting the SDGs Impact Framework!  This milestone reaffirms our commitment to sustainable development and highlights our dedication to transforming agriculture, empowering rural women, digital transformation, and community upliftment.  Fatima Fertilizer together with UNDP,  is setting a new benchmark for sustainable growth in Pakistan, fostering a lasting impact on our communities and environment.  #FatimaFertilizer #SarsabzPakistan #UNDP #SDGs #SustainablePakistan #GreenPakistan #SalamKissan    Directed b"
64,PHXK8cX8zqc,shorts,2024-12-05,1947,15,Sarsabz Fertilizers Celebrating Kissan Day on 18th December!,https://www.youtube.com/shorts/PHXK8cX8zqc,Anaj ke har ek danay ke peechay chhupi kahani kissan ki mehnat ka nateeja hai. Ayein 18th December ko Kissan Day hamaray sath mil kar manayen.   #SalamKissan #KissanDay #SarsabzPakistan
65,tRD1wlJIYfs,shorts,2024-12-06,2463,15,Sarsabz Fertilizers Celebrating Kissan Day on 18th December!,https://www.youtube.com/shorts/tRD1wlJIYfs,Kissanoun ki anthak mehnat ko salam! Ayein 18th December ko Kissan Day hamaray sath mil kar manayen.   #SalamKissan #KissanDay #SarsabzPakistan
66,gqSmz6eAvfA,videos,2025-01-09,543,356,Salam Kissan Journey | Fatima Fertilizer | Salam Kissan | Sarsabz Pakistan,https://www.youtube.com/watch?v=gqSmz6eAvfA,
67,VbWMhfg6JbY,videos,2025-01-12,546,181,"Kissan Day 2024 | Salam Kissan, Sarsabz Pakistan | Fatima Fertilizer",https://www.youtube.com/watch?v=VbWMhfg6JbY,"Fatima Fertilizer proudly hosted a 6th Kissan Day event in Islamabad, celebrating the spirit and resilience of Pakistan’s farmers. Here’s a glimpse into the day that brought together the nation’s policy makers and agriculture leaders to honor our unsung heroes.  #SalamKissan #SarsabzPakistan #KissanDay"
68,iLBeeJZiDZU,videos,2025-05-22,231,41,Art Competition | SOS Children's Village | Fatima Fertilizer,https://www.youtube.com/watch?v=iLBeeJZiDZU,"Fatima Fertilizer conducted a Student Art Competition at SOS Children's Village, where young artists poured their creativity into powerful tributes to our unsung heroes, the farmers of Pakistan. The theme ‘Farmers, Our Heroes’ inspired beautiful expressions of gratitude and admiration.  #SalamKissan #SarsabzPakistan #FatimaFertilizer #StudentArtCompetition"
69,bRiMDHr8mTI,shorts,2025-12-11,1005590,10,"Salam Kissan, Sarsabz Pakistan",https://www.youtube.com/shorts/bRiMDHr8mTI,Kissan kabhi rukta nahi.  Celebrating Kissan Day on 18th December!  #SalamKissan #KissanDay #SarsabzPakistan
70,NluNk5dpZw0,shorts,2025-12-11,5387086,41,Salam Kissan 2025 | Kissan Day 18th Dec | A Tribute to Farmers by Sarsabz Fertilizers,https://www.youtube.com/shorts/NluNk5dpZw0,"18th December Kissan Day – Sarsabz Fertilizers carries forward its tradition of paying tribute to the hands that feed the nation. This Kissan Day, join us in celebrating the strength and resilience of our farmers, the true protectors of Pakistan’s food security.  #SalamKissan #SarsabzPakistan #KissanDay"
71,t2JC0sCMAUk,videos,2025-12-12,2244091,15,Sarsabz Fertilizers Celebrating Kissan Day on 18th December!,https://www.youtube.com/watch?v=t2JC0sCMAUk,Pakistan ke tamam jafakash kissanoun ko Sarsabz Ka Salam!  Ayein 18th December ko Kissan Day Sarsabz Fertilizers ke sath mil kar manayen.  #SalamKissan #SarsabzPakistan #KissanDay
72,hfIC9a-Fots,shorts,2025-12-13,1001255,9,Kissan Ki Mehnat,https://www.youtube.com/shorts/hfIC9a-Fots,Ye mulk chalta hai kissan ki mehnat se.  Celebrating Kissan Day on 18th December!  #SalamKissan #KissanDay #SarsabzPakistan
73,QfR5uPqdmjo,shorts,2025-12-15,1002540,9,"Salam Kissan, Sarsabz Pakistan",https://www.youtube.com/shorts/QfR5uPqdmjo,Kyun ke Kissan hai toh hum hein.  Celebrating Kissan Day on 18th December!  #SalamKissan #KissanDay #SarsabzPakistan
74,ewOknRTj03w,shorts,2025-12-17,485791,9,Mulk ke tumam mehnatkash kissanon ko Salam!,https://www.youtube.com/shorts/ewOknRTj03w,Mulk ke tumam mehnatkash kissanon ko Salam!  Celebrating Kissan Day on 18th December!                                    #SalamKissan #KissanDay #SarsabzPakistan
75,XzpUJvQMPHc,shorts,2025-12-xx,594000,,"Salam Kissan, Sarsabz Pakistan!",https://www.youtube.com/shorts/XzpUJvQMPHc,
76,LC0NhNPU1Ic,shorts,2025-12-xx,4000000,,Behind every meal is a farmer's hard work.,https://www.youtube.com/shorts/LC0NhNPU1Ic,
