video_id,published,views,title
PkenunwpduU,2019-12-09,2141164,Salam Kissan | A Tribute to Farmers of the World by Sarsabz Fertilizers | Ali Noor | Jami Moor
wt_rH3e-ORY,2020-12-07,387643,Let's Pledge Not To Waste Food | Kissan Day 18th December | Sarsabz Fertilizers
yITH0i--5Fo,2020-12-10,382444,"Thank you, Kissan! | Salam Kissan, Sarsabz Pakistan | Celebrating Kissan Day on 18th Dec"
HtONbl5yVIU,2020-12-13,478969,"Time to Appreciate the Unsung Heroes, Kissan! | Salam Kissan, Sarsabz Pakistan | Kissan Day 18th Dec"
f80kPfGiBHc,2021-07-17,1134137,Sarsabz Rice Testimonial | Mohammad Fayyaz Chattha
llIKvpyxhKM,2021-12-11,13085382,Salam Kissan 2021 | Kissan Day | A Tribute to Farmers by Sarsabz Fertilizers
Pd0z78-UJio,2022-12-05,6504022,Salam Kissan 2022 | Kissan Day 18th Dec | A Tribute to Farmers by Sarsabz Fertilizers
VhEivknE98w,2023-11-26,399108,Ahtesham Qureshi | Wheat | Gujranwala | Sarsabz Fertilizer
PX7Lvjs639U,2023-12-10,22627461,Salam Kissan | Kissan Day 18th Dec | A Tribute to Farmers by Sarsabz Fertilizer
KGmwOesEH2c,2024-10-27,13693062,Leading Sustainable Change for Pakistan | Fatima Fertilizer in partnership with UNDP
bRiMDHr8mTI,2025-12-11,1005590,"Salam Kissan, Sarsabz Pakistan"
NluNk5dpZw0,2025-12-11,5387086,Salam Kissan 2025 | Kissan Day 18th Dec | A Tribute to Farmers by Sarsabz Fertilizers
t2JC0sCMAUk,2025-12-12,2244091,Sarsabz Fertilizers Celebrating Kissan Day on 18th December!
hfIC9a-Fots,2025-12-13,1001255,Kissan Ki Mehnat
QfR5uPqdmjo,2025-12-15,1002540,"Salam Kissan, Sarsabz Pakistan"
ewOknRTj03w,2025-12-17,485791,Mulk ke tumam mehnatkash kissanon ko Salam!
XzpUJvQMPHc,2025-12-xx,594000,"Salam Kissan, Sarsabz Pakistan!"
LC0NhNPU1Ic,2025-12-xx,4000000,Behind every meal is a farmer's hard work.
