brand,platform,url
PTCL,facebook,https://www.facebook.com/PTCL.Official
StormFiber,facebook,https://www.facebook.com/stormfiber
Nayatel,facebook,https://www.facebook.com/Nayatel
Transworld Home,facebook,https://www.facebook.com/transworldhome
Optix,facebook,https://www.facebook.com/optixXtream
Fiberlink,facebook,https://www.facebook.com/FiberlinkISP
Wateen,facebook,https://www.facebook.com/WateenTelecomLtd
Worldcall,facebook,https://www.facebook.com/WorldCallTelecom
Jazz,facebook,https://www.facebook.com/JazzPK
Zong,facebook,https://www.facebook.com/ZongPakistan
Ufone,facebook,https://www.facebook.com/ufone
Shoq,facebook,https://www.facebook.com/shoqofficial
Tapmad,facebook,https://www.facebook.com/tapmadtv
Multinet,facebook,https://www.facebook.com/MultinetPakistan
Cybernet,facebook,https://www.facebook.com/CybernetPK
PTCL,youtube,https://www.youtube.com/channel/UCEI853E4AAZRBoW9aZ8bZEw
StormFiber,youtube,https://www.youtube.com/@stormfiber
Nayatel,youtube,https://www.youtube.com/channel/UCmzy5GOtBwDSsEkomZYcWcg
Transworld Home,youtube,https://www.youtube.com/c/transworldhome
Optix,youtube,https://www.youtube.com/@Optixfiber
Wateen,youtube,https://www.youtube.com/@Wateenltd
Worldcall,youtube,https://www.youtube.com/c/WorldCallTelecomLimited
Jazz,youtube,https://www.youtube.com/@JazzPakistan
Zong,youtube,https://www.youtube.com/@Zong4G
Ufone,youtube,https://www.youtube.com/@UfoneOfficial
Shoq,youtube,https://www.youtube.com/@shoqofficial
Tapmad,youtube,https://www.youtube.com/@tapmad
Multinet,youtube,https://www.youtube.com/@MultinetPakistan
Fiberlink,youtube,https://www.youtube.com/@fiberlinkpk
PTCL,tiktok,https://www.tiktok.com/@ptcl.official
StormFiber,tiktok,https://www.tiktok.com/@stormfiber.official
Jazz,tiktok,https://www.tiktok.com/@jazz.official
Zong,tiktok,https://www.tiktok.com/@zong.official
Ufone,tiktok,https://www.tiktok.com/@ufone.official
Tapmad,tiktok,https://www.tiktok.com/@tapmad
