post_id,content_type,claim_primary,register,proof_device,who_is_in_frame,production_value,ecosystem_push,addresses_objection,audience_generation,product_focus
Dcof06MK4jo,corporate_pr,brand_corporate,pride,ratings_awards,none_people,studio,no,no,mixed,Dragons of Pakistan awards
Db3Sr_mDgqA,brand_building,heritage_national,pride,heritage_scale,none_people,template_graphic,no,no,mixed,79-years brand teaser
DdHV2e6qZdf,product_feature,device_retail,aspiration,partnership_brand,none_people,studio,no,no,geny,iPhone 18 Pro via Mercantile
Dc70AFqqpW5,calendar_topical,heritage_national,pride,none,none_people,template_graphic,no,no,mixed,Defence Day
DctFISsDN30,product_feature,speed_performance,aspiration,none,none_people,studio,no,no,mixed,Flash Fiber
DcqyIW9K11m,brand_building,heritage_national,pride,celebrity,celebrity,studio,no,no,mixed,FIH Hockey sponsorship
DcoAtaJqCPU,product_feature,device_retail,aspiration,partnership_brand,none_people,studio,no,no,geny,iPhone teaser via Mercantile
DcjENSSFq60,tactical_promo,device_retail,aspiration,partnership_brand,none_people,studio,no,no,geny,MacBook Neo retail
DcbWiFUDzh5,tactical_promo,device_retail,aspiration,partnership_brand,none_people,studio,no,no,geny,MacBook + 100Mbps bolt-on
DcOYi2oijCo,csr,brand_corporate,duty,none,customer,stock,no,no,mixed,World Humanitarian Day
DcMFOptqAev,brand_building,heritage_national,reassurance,heritage_scale,customer,studio,no,no,mixed,the one constant across every home
DcJAscJERJo,calendar_topical,heritage_national,pride,none,none_people,studio,no,no,mixed,Independence Day notification
DcEfWuyCivK,brand_building,heritage_national,pride,heritage_scale,customer,studio,no,no,geny,Who makes Pakistan 79 years young
DcESlFbKLTF,brand_building,heritage_national,pride,celebrity,celebrity,studio,no,no,mixed,Pakistan v England hockey
DcEHV-DqZcD,brand_building,heritage_national,pride,celebrity,none_people,studio,no,no,mixed,FIH Hockey World Cup
DcCNH5AxCBu,brand_building,heritage_national,pride,celebrity,celebrity,event_photo,no,no,mixed,hockey squad
DcBrU2bqGSo,brand_building,heritage_national,pride,celebrity,celebrity,studio,no,no,mixed,Tumhara junoon hai - hockey
DcAqnPNFddF,brand_building,heritage_national,pride,heritage_scale,customer,template_graphic,no,no,mixed,Jitna Jawan - 79 years
Dbvs9NuAOom,brand_building,heritage_national,pride,heritage_scale,none_people,template_graphic,no,no,mixed,79-years logo teaser
DbvsxZkgE5N,brand_building,heritage_national,pride,heritage_scale,none_people,template_graphic,no,no,mixed,79-years logo teaser
DbvssLoDZk1,brand_building,heritage_national,pride,heritage_scale,none_people,template_graphic,no,no,mixed,79-years logo teaser
Dbs8pqXDFg6,brand_building,brand_corporate,aspiration,none,none_people,template_graphic,no,no,mixed,Stay tuned teaser
Dbs04mwDpgm,csr,brand_corporate,duty,none,customer,stock,no,no,mixed,clean drinking water CSR
DbquOxEK5I9,brand_building,gaming,pride,celebrity,celebrity,studio,no,no,genz,Arslan Ash esports sponsorship
DXJo8KxCJK0,ugc_repost,reliability_uptime,reassurance,testimonial,customer,ugc,no,yes,geny,creator testimonial
DXEbo2HsvDH,ugc_repost,reliability_uptime,reassurance,testimonial,customer,ugc,no,yes,geny,creator testimonial
DXHXdxkihr_,ugc_repost,speed_performance,reassurance,testimonial,customer,ugc,no,yes,geny,creator testimonial
DdEr6oCqA1F,product_feature,coverage_availability,reassurance,network_scale,none_people,template_graphic,no,no,mixed,new areas fiberized Bahawalpur
DdCMJL4KzRK,product_feature,service_support,reassurance,none,none_people,template_graphic,no,yes,mixed,Myth vs Fact - restarting the router
Dc6v2hARep4,calendar_topical,heritage_national,pride,none,none_people,template_graphic,no,no,mixed,Defence Day
Dc1Ync-kWz0,brand_building,coverage_availability,reassurance,network_scale,staff,event_photo,no,no,mixed,field team energising a new area
DctevB5KuJK,product_feature,coverage_availability,reassurance,network_scale,none_people,template_graphic,no,no,mixed,Cheema Town Bahawalpur fiberized
DclwbDaqeMb,product_feature,service_support,reassurance,none,none_people,template_graphic,no,yes,mixed,Myth vs Fact - Wi-Fi signal per room
DcjNbY4KUJO,product_feature,coverage_availability,reassurance,network_scale,none_people,template_graphic,no,no,mixed,Village Garden Multan fiberized
Dcdve_LKas_,product_feature,coverage_availability,reassurance,network_scale,none_people,template_graphic,no,no,mixed,Faisal Hills Islamabad fiberized
DcbhFb7Cnb7,brand_building,gaming,humour,none,customer,studio,no,yes,genz,Kinda Chic to game
Db-EviOK3Du,tactical_promo,price_value_bundle,aspiration,none,customer,studio,no,no,geny,Freedom Offer 25-45 Mbps
Db56--jqmwo,product_feature,coverage_availability,reassurance,network_scale,none_people,template_graphic,no,no,mixed,Garden Villas DHA-4 fiberized
Db3Wz2QioEw,product_feature,service_support,reassurance,none,none_people,template_graphic,no,yes,mixed,pay your bill your way
Dbvr8HDKRTg,product_feature,service_support,reassurance,none,none_people,template_graphic,no,yes,mixed,Myth vs Fact - bandwidth sharing
Dbn61yhqfx0,brand_building,reliability_uptime,reassurance,none,customer,studio,no,no,mixed,Storm into smooth connectivity
DblVpIeKt1o,product_feature,coverage_availability,reassurance,network_scale,none_people,template_graphic,no,no,mixed,Bahria Town Phase 8 fiberized
DbdjC08xYAm,product_feature,service_support,reassurance,none,none_people,template_graphic,no,yes,mixed,Myth vs Fact - more bars is not faster
DbYUiiIqXBe,brand_building,gaming,aspiration,none,customer,studio,no,no,genz,Creative Den
DbONzkFquse,product_feature,coverage_availability,reassurance,network_scale,none_people,template_graphic,no,no,mixed,DHA Phase VIII Lahore fiberized
DbLj3uhisKf,product_feature,service_support,reassurance,none,none_people,template_graphic,no,yes,mixed,Wi-Fi issues - try these steps
DbJExTVqSdi,product_feature,coverage_availability,reassurance,network_scale,none_people,template_graphic,no,no,mixed,Khayaban-e-Amin Lahore fiberized
DbqRPwxRL3D,product_feature,reliability_uptime,humour,none,customer,studio,no,yes,geny,connection not found
DcvPC9UnEvM,tactical_promo,speed_performance,aspiration,none,none_people,studio,no,no,mixed,Nayi Speed free bandwidth upgrade
DdBudHzCPMC,product_feature,service_support,reassurance,none,none_people,template_graphic,yes,yes,mixed,My Nayatel App guide
DciKzYkHK8a,brand_building,speed_performance,aspiration,none,staff,studio,no,no,mixed,Naya Level teaser
DcbFLoZIK2f,brand_building,service_support,humour,none,staff,studio,no,yes,geny,Episode 01 - Only Fahad knows the secret
DcvgRHUFEPg,tactical_promo,speed_performance,aspiration,none,none_people,template_graphic,no,no,mixed,Nayi Speed Naya Level
Dcn3zq1CcgX,brand_building,service_support,humour,none,staff,studio,no,yes,geny,Episode 02 - Awais to the rescue
Db_cniTiK79,calendar_topical,heritage_national,pride,none,none_people,studio,no,no,mixed,Our Freedom Our Pride
Db_cXdpHBwq,calendar_topical,heritage_national,pride,none,none_people,studio,no,no,mixed,Independence Day - Minar-e-Pakistan
Db_cjwyib2A,calendar_topical,heritage_national,pride,none,none_people,studio,no,no,mixed,Celebrating 79 years - Faisal Mosque
Db5iZ--HG-5,calendar_topical,heritage_national,pride,none,celebrity,studio,no,no,mixed,Jinnah - mindset of conviction
Db8PtYlnPTY,calendar_topical,heritage_national,pride,none,celebrity,studio,no,no,mixed,Fatima Jinnah - mindset of sacrifice
Db-iFkpjR41,calendar_topical,heritage_national,pride,none,celebrity,studio,no,no,mixed,Iqbal - mindset of vision
DcBUSmOAlfr,tactical_promo,price_value_bundle,reassurance,none,none_people,template_graphic,yes,no,mixed,Azaadi quiz winners
Db_E7CnEcw0,calendar_topical,heritage_national,pride,none,none_people,template_graphic,no,no,mixed,Hum sab azad hain
Dc6rBKOHJnp,calendar_topical,heritage_national,pride,none,none_people,template_graphic,no,no,mixed,Defence Day
DbVbT2WnIwb,brand_building,innovation_future,aspiration,none,none_people,studio,yes,no,geny,app teaser
DbX9e1bj5jy,brand_building,innovation_future,aspiration,none,none_people,studio,yes,no,geny,app teaser
DbsHhGPFWbS,tactical_promo,price_value_bundle,aspiration,none,none_people,studio,yes,no,geny,Azaadi quiz Rs500 off
Dbd_cPjnFAw,tactical_promo,price_value_bundle,aspiration,none,customer,studio,yes,no,geny,app update play and win
Dcd5rHjnWdK,calendar_topical,brand_corporate,duty,none,none_people,template_graphic,no,no,mixed,Rabi-ul-Awwal
Db2X6TJAs5C,brand_building,speed_performance,aspiration,none,none_people,template_graphic,no,no,genz,Boost your - Aaazzzaa
DZ0gw0EETos,calendar_topical,brand_corporate,aspiration,none,customer,studio,no,no,mixed,Father's Day
DZzeFECEcPJ,brand_building,heritage_national,pride,celebrity,celebrity,studio,no,no,mixed,Arfa Karim
DZxjLzEEdcg,brand_building,heritage_national,pride,celebrity,celebrity,studio,no,no,mixed,Arshad Nadeem - a father's sacrifice
Db_cqyCG0h9,brand_building,heritage_national,pride,heritage_scale,none_people,studio,no,no,mixed,79 saal - connection est. 1947
DcBCQ-pAhQ0,ugc_repost,reliability_uptime,humour,testimonial,customer,ugc,no,yes,geny,creator - burey internet se jaan
DdG4NI-HPBg,product_feature,gaming,aspiration,none,customer,studio,no,yes,genz,Opti Zone
DdBqqaklZsm,brand_building,entertainment_content,humour,none,customer,studio,no,no,geny,binge-watcher vs sports fan
Dc6qabRGPJf,calendar_topical,heritage_national,duty,none,none_people,template_graphic,no,no,mixed,Youm-e-Difa
Dc3M9ctldvV,product_feature,reliability_uptime,reassurance,none,none_people,studio,no,yes,mixed,more Mbps is not always the answer
Dc0iOSrFVLF,brand_building,connected_home,reassurance,none,customer,studio,no,yes,mixed,your home got busier
DctGDx4FQzO,product_feature,other,reassurance,none,customer,studio,no,no,mixed,Tru HD Voice
DcnZ0ISTlL6,corporate_pr,brand_corporate,pride,none,executive,event_photo,no,no,mixed,Transworld Associates event
DclcDYDle5M,product_feature,entertainment_content,aspiration,celebrity,celebrity,studio,no,no,geny,MyTruTV - something live
DcgS-00j4n_,product_feature,service_support,reassurance,none,none_people,studio,yes,yes,mixed,My Transworld App bill pay
DcbEVSlFjRS,brand_building,reliability_uptime,humour,none,customer,studio,no,yes,geny,tired of the spinning circle
DcViShbkfEq,brand_building,brand_corporate,humour,none,none_people,studio,no,no,geny,time for a better web
DcN6_q_DtVp,product_feature,entertainment_content,pride,none,none_people,template_graphic,no,no,mixed,Pak v India hockey on MyTruTV
DcLmHuQjE3_,brand_building,entertainment_content,humour,none,customer,studio,no,no,mixed,the fight for the remote
DcGCNnbNUnb,ugc_repost,reliability_uptime,humour,testimonial,customer,ugc,no,yes,geny,creator - azaadi from slow internet
DcD3rzss31D,ugc_repost,heritage_national,aspiration,testimonial,customer,ugc,no,no,geny,creator - connections need no signal
DcDcmEmMSRI,ugc_repost,heritage_national,aspiration,testimonial,customer,ugc,no,no,geny,creator - connections beyond distance
DcBRxMnoScO,ugc_repost,heritage_national,pride,testimonial,customer,ugc,no,no,geny,creator - connection story since 1947
DcAZ6p5jYFX,brand_building,heritage_national,pride,heritage_scale,celebrity,studio,no,no,mixed,connection established 1947
Db-9E8XMG_g,ugc_repost,brand_corporate,pride,none,customer,ugc,no,no,geny,ONE DRUM collaboration
Db8GagRldXs,calendar_topical,heritage_national,pride,none,celebrity,studio,no,no,mixed,best of luck team Pakistan
Db0XlieiPIf,brand_building,heritage_national,pride,heritage_scale,none_people,studio,no,no,geny,the group has been created
Dbx1076DIvi,brand_building,connected_home,aspiration,none,customer,studio,no,no,mixed,wish you were here to you are here
DdG3DNoldOs,tactical_promo,price_value_bundle,aspiration,none,none_people,ai_generated,no,no,mixed,"300 Mbps Rs 10,999"
DdEKyyFHF89,tactical_promo,speed_performance,aspiration,none,customer,ai_generated,no,no,geny,"200 Mbps Rs 6,399"
DdBUL-PD9xb,tactical_promo,entertainment_content,humour,none,customer,ai_generated,no,yes,geny,buffering ka drama skip karo
DdA2VnBDicp,tactical_promo,gaming,aspiration,none,customer,ai_generated,no,yes,genz,stay in the game not the loading screen
Dc-iH-NDmPI,tactical_promo,price_value_bundle,aspiration,none,customer,ai_generated,no,yes,geny,no data capping
Dc6qa_IjQb9,calendar_topical,heritage_national,pride,none,none_people,ai_generated,no,no,mixed,Defence Day
Dc3A_y5jc5m,tactical_promo,entertainment_content,reassurance,none,customer,stock,no,yes,geny,use internet without worrying
Dc0TYIAjlvI,tactical_promo,entertainment_content,humour,none,customer,ai_generated,no,yes,geny,movie night plus buffering
Dcv1GEZnGQ6,tactical_promo,gaming,aspiration,none,customer,ai_generated,no,yes,genz,no lag no cap
Dcu_gUyChLf,tactical_promo,price_value_bundle,aspiration,none,customer,ai_generated,no,yes,geny,keep learning 75 Mbps
Dcsvck1FtDN,tactical_promo,price_value_bundle,aspiration,none,customer,ai_generated,no,yes,geny,data limits se azadi
DcpygwRj52n,product_feature,service_support,reassurance,none,none_people,studio,yes,yes,mixed,My Optix App
DcnwJGlCJyB,tactical_promo,speed_performance,aspiration,none,customer,ai_generated,no,yes,geny,azadi from loading
DcnvniciP0z,product_feature,entertainment_content,aspiration,none,customer,ai_generated,yes,no,geny,Optix Xtream app
DcitnH4jM-K,tactical_promo,entertainment_content,aspiration,none,customer,ai_generated,no,yes,geny,skip the buffer
DciYiaSFr-p,tactical_promo,price_value_bundle,aspiration,none,customer,ai_generated,no,no,geny,streaming ki asli azadi
DcfrfWQDaiy,tactical_promo,price_value_bundle,aspiration,none,customer,ai_generated,no,yes,geny,slow internet se azadi
DcdmEEfIFNN,recruitment,brand_corporate,reassurance,none,executive,studio,no,no,mixed,new hire announcement
Dcdk_UjjZRD,recruitment,brand_corporate,reassurance,none,executive,studio,no,no,mixed,new hire announcement
DcdkGxkDvZm,recruitment,brand_corporate,reassurance,none,executive,studio,no,no,mixed,new hire announcement
Dcc7MaejcBf,tactical_promo,price_value_bundle,reassurance,none,customer,ai_generated,no,yes,geny,hidden charges se azadi
DcbA77rigrZ,recruitment,brand_corporate,reassurance,none,executive,studio,no,no,mixed,new hire announcement
Dca_lqljSxX,recruitment,brand_corporate,reassurance,none,executive,studio,no,no,mixed,new hire announcement
Dca0DgriWcT,tactical_promo,speed_performance,aspiration,none,customer,ai_generated,no,yes,geny,azadi from speed limits
DcsZOsACW5x,product_feature,enterprise_solutions,fear,none,none_people,studio,no,yes,mixed,cyber security - do not be the headline
DckuXowDHCU,corporate_pr,brand_corporate,pride,none,staff,event_photo,no,no,mixed,leadership culture
DciOb1_Ek-u,brand_building,enterprise_solutions,reassurance,none,staff,studio,no,no,mixed,commitment under pressure
DcSmURWjKBl,corporate_pr,brand_corporate,humour,none,staff,event_photo,no,no,mixed,team-building activity
DcLjygADMMa,corporate_pr,brand_corporate,pride,none,staff,event_photo,no,no,mixed,MLAB leadership programme
DcIuqe2DB1h,calendar_topical,heritage_national,pride,none,staff,event_photo,no,no,mixed,Independence week
DcBzJM7K1sx,calendar_topical,heritage_national,pride,none,none_people,event_photo,no,no,mixed,Independence Day
DcAmJM-FvA9,calendar_topical,heritage_national,pride,none,staff,event_photo,no,no,mixed,Independence celebration
Db-51evDPHJ,calendar_topical,heritage_national,pride,heritage_scale,none_people,stock,no,no,mixed,archive footage - belief in a better future
Db45QUEjBP5,brand_building,enterprise_solutions,reassurance,none,none_people,stock,no,no,mixed,navigate what's next
Dbm3v8ykv-1,product_feature,enterprise_solutions,reassurance,none,none_people,stock,no,no,mixed,summer energy challenges
DbdXVfVDIO4,corporate_pr,enterprise_solutions,reassurance,partnership_brand,executive,event_photo,no,no,mixed,WAF and managed Wi-Fi with F5
Dbaj62oDPDp,csr,brand_corporate,aspiration,none,customer,event_photo,no,no,genz,internship programme
DbZ_u8PAbOT,product_feature,enterprise_solutions,reassurance,none,none_people,studio,no,yes,mixed,banking does not need more AI hype
DbFxf2xDFUC,corporate_pr,brand_corporate,pride,none,staff,event_photo,no,no,mixed,office moment
DbAPzHjG2hq,product_feature,enterprise_solutions,reassurance,none,none_people,stock,no,yes,mixed,digital signage solutions
Da18mHnDBGa,product_feature,enterprise_solutions,reassurance,none,customer,stock,no,no,mixed,agentic AI for banking
DauOPS0jISa,product_feature,enterprise_solutions,fear,none,none_people,studio,no,yes,mixed,a breach costs trust
Dae8fZ7DGiA,corporate_pr,enterprise_solutions,pride,partnership_brand,none_people,event_photo,no,no,mixed,security day event
Dac0izrDDTt,corporate_pr,brand_corporate,pride,none,staff,event_photo,no,no,mixed,staff group photo
DacMrnzjs9I,product_feature,enterprise_solutions,fear,none,none_people,studio,no,yes,mixed,network as advantage or liability
DaR5dOejG-4,product_feature,enterprise_solutions,reassurance,none,none_people,studio,no,yes,mixed,fleet telematics
DaKLFWbAInI,brand_building,enterprise_solutions,reassurance,none,none_people,studio,no,no,mixed,move with clarity
DZ4RtKGjCCn,corporate_pr,brand_corporate,pride,none,staff,event_photo,no,no,mixed,leadership development
Cuti-e4owyr,brand_building,heritage_national,pride,heritage_scale,none_people,template_graphic,no,no,mixed,we changed the game once
DdGUZ0zlt42,tactical_promo,price_value_bundle,reassurance,none,customer,ai_generated,no,no,mixed,free Wi-Fi device
DdBKLnxlTtq,product_feature,connected_home,reassurance,none,customer,ai_generated,no,no,mixed,one connection for the whole home
DcxoKzaFVUd,tactical_promo,price_value_bundle,aspiration,none,customer,ai_generated,no,no,geny,"refer a friend Rs 1,000"
Dcsl2rHFeR3,product_feature,coverage_availability,reassurance,network_scale,none_people,template_graphic,no,no,mixed,Lahore fibre coverage
Dck1EJWDJ65,tactical_promo,price_value_bundle,reassurance,none,none_people,template_graphic,no,no,mixed,internet-only WMG plans
Dca4jlgD-pd,corporate_pr,heritage_national,pride,none,staff,event_photo,no,no,mixed,Independence Day at the office
DcabCJTiP06,product_feature,connected_home,reassurance,none,customer,ai_generated,no,yes,mixed,work better from home
DcNvC23Fe-z,tactical_promo,entertainment_content,aspiration,none,none_people,template_graphic,no,no,mixed,internet plus cable TV
DcBoRMwj2bH,calendar_topical,heritage_national,pride,celebrity,celebrity,template_graphic,no,no,mixed,wo Pakistan jo yaadon mein basta hai
Dbu8fDOFbRx,tactical_promo,speed_performance,aspiration,none,customer,ai_generated,no,no,mixed,more speed more possibilities
Dbm-ltjgSra,tactical_promo,price_value_bundle,reassurance,none,staff,ai_generated,no,yes,mixed,no installation cost
DbcrbxsCC5A,tactical_promo,price_value_bundle,aspiration,none,customer,ai_generated,no,no,mixed,DHA Phase 3 fibre value
DbVEgXJlfCC,tactical_promo,price_value_bundle,aspiration,none,none_people,template_graphic,no,no,mixed,Wapda Town switch to fibre
DaBTFKZlfU9,calendar_topical,brand_corporate,duty,none,none_people,template_graphic,no,no,mixed,Youm-e-Ashura
DZfr_EiHct7,tactical_promo,entertainment_content,aspiration,none,none_people,template_graphic,no,no,geny,football live on cable
DZfVZ4yFdrW,tactical_promo,entertainment_content,aspiration,none,celebrity,template_graphic,no,no,geny,football at home
DYzl1-oD6Ke,calendar_topical,brand_corporate,duty,none,none_people,template_graphic,no,no,mixed,Eid ul Adha
DWHPSoZl25g,calendar_topical,brand_corporate,duty,none,none_people,template_graphic,no,no,mixed,Eid Mubarak
DU6Cfs7DNMs,calendar_topical,brand_corporate,duty,none,none_people,template_graphic,no,no,mixed,Ramadan Kareem
DS9YeQyiiQd,calendar_topical,brand_corporate,aspiration,none,none_people,template_graphic,no,no,mixed,New Year 2026
DSSRBqBivo3,corporate_pr,enterprise_solutions,reassurance,partnership_brand,executive,event_photo,no,no,mixed,Minutes Network wholesale deal
DRwusypDFpB,corporate_pr,brand_corporate,pride,ratings_awards,executive,event_photo,no,no,mixed,Consumers Choice Award
DNfX-MLqrVR,corporate_pr,heritage_national,pride,none,none_people,event_photo,no,no,mixed,14 August at the office
DXgrbBKDEmL,brand_building,speed_performance,humour,celebrity,celebrity,studio,no,no,geny,taiz kitna taiz
DVtOxKaivmM,brand_building,innovation_future,aspiration,network_scale,none_people,studio,no,no,geny,Jazz 5G brand film
DT215fhCmeA,product_feature,price_value_bundle,reassurance,none,customer,studio,no,no,geny,PostPay
DdHESs0sE6v,product_feature,device_retail,aspiration,partnership_brand,none_people,studio,no,no,geny,iPhone 18 Pro via Mercantile
DdEWRGBDCYV,tactical_promo,device_retail,aspiration,celebrity,celebrity,studio,no,no,geny,phone ho tou 5G wala
DdDzliLjFTi,brand_building,heritage_national,aspiration,none,customer,studio,no,no,geny,80s nostalgia
Dc_WUe7Moy7,tactical_promo,device_retail,aspiration,celebrity,celebrity,studio,no,no,geny,estore open to all networks
Dc7uMgDMpwy,calendar_topical,heritage_national,pride,none,none_people,stock,no,no,mixed,Defence Day
Dc1RNlBDK1x,tactical_promo,price_value_bundle,aspiration,none,customer,studio,no,no,genz,We5 Fantastic 200GB
DcymX9IsllR,corporate_pr,service_support,reassurance,regulator_data,none_people,template_graphic,no,yes,mixed,PTA SIM security advisory
Dcv2zUeKcVW,tactical_promo,price_value_bundle,humour,none,customer,studio,no,no,genz,We5 sharing package
DcvMAsmq5UG,brand_building,brand_corporate,aspiration,celebrity,celebrity,studio,no,no,geny,celebrity brand film
DcnZTDCDIY3,tactical_promo,device_retail,aspiration,celebrity,celebrity,studio,no,no,geny,5G phone on instalments
Dcl5S2oT0JY,corporate_pr,innovation_future,pride,network_scale,staff,event_photo,no,no,mixed,"1,000 5G sites"
Dclgya7jOyb,tactical_promo,device_retail,aspiration,partnership_brand,none_people,studio,no,no,geny,Samsung Galaxy upgrade
Dck3m6-sfpM,corporate_pr,innovation_future,reassurance,regulator_data,none_people,template_graphic,no,no,mixed,SIMVORA eSIM advisory
DcjIViyq1uY,tactical_promo,device_retail,aspiration,celebrity,celebrity,studio,no,no,geny,choose your 5G model
Dci0kEGqUgX,brand_building,brand_corporate,pride,none,celebrity,event_photo,no,no,geny,Jazz Tapeball Clash
Dcix0q4jFm_,corporate_pr,innovation_future,pride,network_scale,none_people,studio,no,no,mixed,5G site rollout
Dcir3Qks3IR,corporate_pr,innovation_future,pride,network_scale,staff,event_photo,no,no,mixed,"five months 1,000 sites"
DcgyAfNsNCD,brand_building,brand_corporate,pride,none,none_people,event_photo,no,no,geny,JTC4 opening ceremony
DcgquLQIlkB,ugc_repost,device_retail,aspiration,partnership_brand,customer,ugc,no,no,geny,creator - Galaxy trade-in
DcgKcKjMoqT,brand_building,brand_corporate,humour,celebrity,celebrity,studio,no,no,geny,celebrity Q and A
Dcf89blMstz,brand_building,brand_corporate,aspiration,celebrity,celebrity,studio,no,no,geny,teaser
DdGl1cMDTGl,corporate_pr,brand_corporate,reassurance,none,executive,studio,no,no,mixed,leadership spotlight
DdELGYvN_cp,corporate_pr,enterprise_solutions,reassurance,none,executive,studio,no,no,mixed,CTO on AI
DdCFhWfDdzk,corporate_pr,enterprise_solutions,reassurance,partnership_brand,none_people,event_photo,no,no,mixed,McDonald's Pakistan connectivity
Dc7oSSBDZf7,calendar_topical,heritage_national,duty,none,none_people,stock,no,no,mixed,Defence Day
Dc03iENDZ3z,corporate_pr,enterprise_solutions,reassurance,partnership_brand,executive,event_photo,no,no,mixed,PITB enterprise AI session
DcylpuhjU8V,corporate_pr,enterprise_solutions,reassurance,partnership_brand,executive,event_photo,no,no,mixed,iTecknologi Drivver partnership
DcvIsvTjcSY,corporate_pr,enterprise_solutions,reassurance,partnership_brand,executive,event_photo,no,no,mixed,CBTL partnership
DckxNcEja_T,recruitment,brand_corporate,reassurance,none,executive,studio,no,no,mixed,senior hire
DcQYYx7tts9,calendar_topical,enterprise_solutions,aspiration,none,none_people,template_graphic,no,no,mixed,World Entrepreneurs Day
DcJRtrSDa9g,corporate_pr,enterprise_solutions,reassurance,partnership_brand,executive,event_photo,no,no,mixed,FPCCI partnership for SMEs
DcDTX2gDV8E,brand_building,enterprise_solutions,reassurance,none,executive,studio,no,yes,mixed,discounts do not build businesses
DcAZ7b-DXx_,calendar_topical,heritage_national,pride,none,none_people,template_graphic,no,no,mixed,Independence Day
Db5gQ6gNDO9,corporate_pr,enterprise_solutions,reassurance,none,executive,studio,no,no,mixed,Biz Buzz Insights
Dbsu3mkjbTF,tactical_promo,device_retail,aspiration,partnership_brand,none_people,studio,no,no,mixed,MacBook for business
DbnbxjdDZyr,corporate_pr,brand_corporate,reassurance,none,executive,studio,no,no,mixed,leadership perspective
DbTDeHntmpL,brand_building,enterprise_solutions,reassurance,none,executive,studio,no,yes,mixed,where to start transforming
DbIrkaYjdc2,corporate_pr,enterprise_solutions,aspiration,none,executive,studio,no,no,mixed,Biz Buzz season teaser
DbDgjmsDUvN,corporate_pr,enterprise_solutions,reassurance,none,executive,studio,no,no,mixed,cloud and AI evangelist
DbA_RwQs_Yx,corporate_pr,enterprise_solutions,reassurance,partnership_brand,executive,event_photo,no,no,mixed,NUTECH collaboration
Da7HE63jemM,recruitment,brand_corporate,reassurance,none,executive,studio,no,no,mixed,head of B2G appointment
Da4yn4tjTmO,corporate_pr,brand_corporate,pride,none,staff,event_photo,no,no,mixed,quarterly townhall
DazwhOzNoE6,brand_building,enterprise_solutions,aspiration,none,none_people,template_graphic,no,no,mixed,every skill adds up
Dap1ZGzjV0W,corporate_pr,enterprise_solutions,reassurance,partnership_brand,executive,event_photo,no,no,mixed,Huawei partnership
DakIvTLDQja,corporate_pr,enterprise_solutions,reassurance,partnership_brand,none_people,event_photo,no,no,mixed,foodpanda partnership
DdHERBDI5J1,product_feature,device_retail,aspiration,partnership_brand,none_people,studio,no,no,geny,iPhone via Mercantile
DdG8aWJowAd,brand_building,innovation_future,aspiration,none,customer,ai_generated,no,no,genz,make more of every moment
DdGSthoo1jI,tactical_promo,price_value_bundle,aspiration,none,customer,studio,yes,no,genz,weekly digital max
DdEZd7QoNNu,brand_building,innovation_future,aspiration,none,customer,studio,no,no,genz,connect create share
DdB4um-CID5,csr,brand_corporate,duty,none,customer,event_photo,no,no,mixed,International Literacy Day
DdBu7H9I-sD,tactical_promo,price_value_bundle,aspiration,none,customer,ai_generated,yes,no,genz,Monthly Pro Max Plus
Dc_LiORCCDX,csr,brand_corporate,duty,none,none_people,stock,no,no,mixed,Clean Air Day
Dc-2JPVI9PT,tactical_promo,price_value_bundle,aspiration,none,customer,ai_generated,yes,no,geny,Bachat Bazaar personalised offers
Dc7vKYkjjkX,calendar_topical,heritage_national,pride,none,none_people,studio,no,no,mixed,Defence Day
Dc5_iWls7by,corporate_pr,service_support,reassurance,regulator_data,none_people,template_graphic,no,yes,mixed,PTA SIM security advisory
Dc5spYPkZmE,product_feature,price_value_bundle,aspiration,none,customer,studio,yes,no,geny,Z Wallet recharge
Dc3GaiJIKMG,tactical_promo,price_value_bundle,aspiration,none,customer,ai_generated,yes,no,geny,Bachat Bazaar bundles
Dc0nJJHiPg1,product_feature,price_value_bundle,aspiration,none,customer,studio,yes,no,geny,Z Wallet cashback
Dc0N7dFoVP4,corporate_pr,brand_corporate,pride,ratings_awards,none_people,studio,no,no,mixed,5 Dragons wins
Dcx-IZSoadW,tactical_promo,price_value_bundle,aspiration,none,customer,ai_generated,yes,no,geny,Bachat Bazaar save more
DcvZaS4CPSL,product_feature,price_value_bundle,aspiration,none,customer,studio,yes,no,geny,Z Wallet earn more
Dcs7qeDiLPA,corporate_pr,brand_corporate,pride,ratings_awards,staff,event_photo,no,no,mixed,Dragons of Asia
Dcs099iIT7T,tactical_promo,price_value_bundle,reassurance,none,customer,ai_generated,yes,no,genz,double advance loan
DcqP5tCjEVO,product_feature,service_support,reassurance,none,none_people,ai_generated,yes,no,geny,My Zong App essentials
Dcnr38IIUiB,product_feature,gaming,aspiration,none,none_people,ai_generated,yes,no,genz,wallet gaming recharge in one app
DclZ8OBTwk1,tactical_promo,device_retail,aspiration,partnership_brand,none_people,studio,no,no,geny,Galaxy S26 with Galaxy AI
Dci4Z7roYj4,tactical_promo,gaming,aspiration,partnership_brand,none_people,ai_generated,yes,no,genz,gaming bundle with PUBG skins
DcoGi5xKJ1V,brand_building,innovation_future,aspiration,none,none_people,template_graphic,no,no,mixed,Ufone and Telenor - ready for more
DXy3Ba9KuaX,csr,brand_corporate,pride,none,celebrity,event_photo,no,no,mixed,Zalmi Women League
DX1sBPYDIsO,tactical_promo,price_value_bundle,aspiration,celebrity,celebrity,studio,no,no,mixed,7 crore ki calling family
DdJIrKJKhLG,brand_building,heritage_national,aspiration,celebrity,celebrity,studio,no,no,geny,timeless tunes
DdG_4deq2tI,brand_building,heritage_national,humour,none,celebrity,studio,no,no,geny,dialling back to the 80s
DdGoJwLj14f,brand_building,heritage_national,aspiration,none,celebrity,studio,no,no,geny,a connection that never gets old
Dc8nL9yqMIS,calendar_topical,heritage_national,pride,none,none_people,stock,no,no,mixed,Defence Day
Dcq8suvgNLc,corporate_pr,brand_corporate,pride,ratings_awards,none_people,studio,no,no,mixed,9 Dragons awards
DcAyRIFCnT8,calendar_topical,heritage_national,pride,none,none_people,studio,no,no,mixed,a nation that keeps doing more
DcAonJjG1_S,calendar_topical,heritage_national,pride,none,celebrity,studio,no,no,mixed,more dreams more possibilities
Db-8iXWIFJp,tactical_promo,price_value_bundle,aspiration,celebrity,celebrity,studio,no,no,geny,Super Card Premium 79GB
Db8ZptcG-4Q,csr,brand_corporate,aspiration,none,customer,template_graphic,no,no,genz,International Youth Day
DbGI-KiMhWn,csr,brand_corporate,pride,none,celebrity,event_photo,no,no,mixed,Zalmi Women League
Dak8buXq6vs,csr,brand_corporate,pride,none,celebrity,studio,no,no,mixed,Raahima Syed maiden call-up
DaUfN5QqtIy,brand_building,coverage_availability,aspiration,network_scale,staff,event_photo,no,no,mixed,merger flag on a tower
DaQSEiYquh_,brand_building,innovation_future,aspiration,none,none_people,template_graphic,no,no,mixed,all set to unite
DaNz8Lgqqzq,brand_building,gaming,pride,celebrity,celebrity,studio,no,no,genz,Arslan Ash esports
DaNZa3Lq13N,calendar_topical,brand_corporate,humour,none,celebrity,studio,no,no,genz,World Social Media Day
DaFe0nlqap2,csr,brand_corporate,duty,none,customer,studio,no,no,mixed,Dil Se Ba-Ikhtiar impact
DZ7sMVbq-P7,brand_building,heritage_national,pride,celebrity,celebrity,studio,no,no,mixed,Olympic gold national hero
DZ2UJKEKRPT,calendar_topical,brand_corporate,aspiration,none,customer,studio,no,no,mixed,Father's Day
DZ2T5c0qkf0,calendar_topical,brand_corporate,aspiration,none,customer,studio,no,no,mixed,Father's Day
DZ1cJL-KbDI,calendar_topical,brand_corporate,aspiration,none,customer,studio,no,no,mixed,Father's Day
DZ1bpNZquLm,calendar_topical,brand_corporate,aspiration,none,customer,studio,no,no,mixed,Father's Day
DaNhTZlNivq,product_feature,entertainment_content,aspiration,none,none_people,template_graphic,no,no,geny,Shoq entertainment
DWyp_feDZj0,product_feature,entertainment_content,aspiration,none,celebrity,studio,no,no,geny,Shoq TV box features
DU8DYo1jUg5,calendar_topical,brand_corporate,duty,none,none_people,template_graphic,no,no,mixed,Ramzan
DS9KAaKjOza,calendar_topical,brand_corporate,aspiration,none,none_people,template_graphic,no,no,mixed,New Year
DSrj3tPjZKV,calendar_topical,heritage_national,pride,none,celebrity,template_graphic,no,no,mixed,Quaid Day
DRtUNSYCOi7,product_feature,entertainment_content,pride,partnership_brand,none_people,template_graphic,no,no,mixed,Zalmi Women League stream
DRoYE_9CI6V,product_feature,entertainment_content,pride,partnership_brand,none_people,template_graphic,no,no,mixed,Zalmi Women League stream
DRmSghpDSg3,product_feature,entertainment_content,pride,partnership_brand,none_people,template_graphic,no,no,mixed,Zalmi Women League stream
DRlofREiJLj,product_feature,entertainment_content,pride,partnership_brand,none_people,template_graphic,no,no,mixed,Zalmi Women League stream
DRhbDkviO5M,product_feature,entertainment_content,pride,partnership_brand,none_people,template_graphic,no,no,mixed,Zalmi Women League stream
DPOACc9DaW-,product_feature,entertainment_content,pride,partnership_brand,none_people,template_graphic,no,no,mixed,ICC Women's World Cup free stream
DOPrPxMjZBK,calendar_topical,brand_corporate,duty,none,none_people,template_graphic,no,no,mixed,Milad-un-Nabi
DOO0VqOjQaK,calendar_topical,heritage_national,pride,none,none_people,template_graphic,no,no,mixed,Defence Day
DNUjwdMMHCl,calendar_topical,heritage_national,pride,none,none_people,template_graphic,no,no,mixed,Independence Day
DNTnm-fMZbE,brand_building,heritage_national,pride,celebrity,celebrity,studio,no,no,mixed,Pakistan ki pehchaan
DLZ3yZ1N81k,product_feature,entertainment_content,aspiration,none,customer,studio,no,no,mixed,sirf Shoq TV par
DLXUrq3t-io,tactical_promo,entertainment_content,aspiration,none,none_people,studio,no,no,mixed,Shoq TV box lagao
DKwoUKhtdJe,product_feature,entertainment_content,aspiration,none,none_people,template_graphic,no,no,mixed,World Test Championship free
DKlW1vHOZ4y,calendar_topical,brand_corporate,duty,none,none_people,template_graphic,no,no,mixed,Eid ul Azha
DKkErW1s0dt,calendar_topical,entertainment_content,aspiration,none,customer,studio,no,no,mixed,Eid ki khushi
DKhcN4cNfzW,calendar_topical,brand_corporate,duty,none,none_people,template_graphic,no,no,mixed,Hajj
DJf8aJBCobe,calendar_topical,brand_corporate,aspiration,none,customer,studio,no,no,mixed,Mother's Day
DJRIuXztHMs,tactical_promo,entertainment_content,reassurance,none,celebrity,studio,no,no,mixed,keep your subscription active
DI3627AtugL,tactical_promo,entertainment_content,aspiration,none,celebrity,studio,no,no,mixed,one subscription away
Dc-_LzlDFhV,product_feature,entertainment_content,aspiration,none,none_people,template_graphic,no,no,geny,UCL play-off fixtures
Dc9LtHWg8_6,product_feature,entertainment_content,aspiration,partnership_brand,celebrity,event_photo,no,no,geny,Ali Noor live
Dc1VXDKgh-i,product_feature,entertainment_content,aspiration,partnership_brand,celebrity,studio,no,no,genz,Coke Studio Nu.WAV
DdJPi2qHD0t,product_feature,entertainment_content,aspiration,none,celebrity,template_graphic,no,no,geny,England v Sri Lanka
DdJJY4gDNgq,product_feature,gaming,pride,none,celebrity,template_graphic,no,no,genz,esports group stage leaders
DdI80-GnNJm,product_feature,entertainment_content,aspiration,none,celebrity,template_graphic,no,no,genz,Man United transfer story
DdI8xm_HKec,product_feature,entertainment_content,aspiration,none,celebrity,template_graphic,no,no,genz,standout performers
DdI8NF9HI_x,product_feature,entertainment_content,aspiration,none,none_people,template_graphic,no,no,genz,match results
DdHjxWlFr1F,product_feature,entertainment_content,aspiration,none,celebrity,template_graphic,no,no,geny,England v Pakistan test
DdHYoV7Oxxa,product_feature,entertainment_content,aspiration,partnership_brand,celebrity,studio,no,no,geny,Pakistan's Got Talent final
DdHXIH2uPeD,product_feature,entertainment_content,aspiration,partnership_brand,celebrity,studio,no,no,geny,Pakistan's Got Talent
DdHUpkquLOk,product_feature,entertainment_content,aspiration,partnership_brand,celebrity,studio,no,no,genz,Pakistan's Got Talent act
DdHSH_OufUj,product_feature,entertainment_content,aspiration,partnership_brand,celebrity,studio,no,no,geny,Pakistan's Got Talent semi
DdHPc1Nzaih,brand_building,entertainment_content,humour,none,customer,ugc,no,no,genz,fan meme
DdHFI8wucH2,product_feature,entertainment_content,aspiration,partnership_brand,celebrity,studio,no,no,geny,Guinness record attempt
DdHD5DBOaIG,product_feature,entertainment_content,aspiration,partnership_brand,celebrity,studio,no,no,geny,grand finale countdown
DdHDgVFIvPZ,brand_building,entertainment_content,humour,none,celebrity,studio,no,no,genz,Act It Out format
DdHADjenM78,product_feature,entertainment_content,aspiration,none,celebrity,template_graphic,no,no,genz,Bayern v Bodo/Glimt
DdG9y9vsvRO,product_feature,entertainment_content,aspiration,partnership_brand,celebrity,studio,no,no,genz,MUNKR music
DdG6U0ynIOo,product_feature,entertainment_content,aspiration,none,none_people,template_graphic,no,no,genz,AFC Champions League Two
DdG53FlHAOX,brand_building,entertainment_content,humour,none,celebrity,template_graphic,no,no,genz,football quiz
DdG505nsYqX,brand_building,entertainment_content,humour,none,celebrity,studio,no,no,genz,transfer teaser
DdGrdheHIy-,product_feature,entertainment_content,aspiration,none,none_people,template_graphic,no,no,geny,US Open fixtures
DdGrcEJo-PB,brand_building,entertainment_content,humour,none,celebrity,studio,no,no,genz,judges unfiltered part 2
DdJMyOaDKOI,product_feature,enterprise_solutions,reassurance,none,none_people,stock,no,yes,mixed,FortSecure SOC
DdI3equlTIW,brand_building,enterprise_solutions,reassurance,network_scale,none_people,stock,no,no,mixed,behind every fibre connection
DdG2NVOjKTc,product_feature,enterprise_solutions,reassurance,none,none_people,template_graphic,no,yes,mixed,Nunomics BI
DdGLhXlDKmE,product_feature,enterprise_solutions,fear,none,none_people,stock,no,yes,mixed,cybersecurity as business concern
DdEQ9lLDaCO,product_feature,enterprise_solutions,reassurance,none,customer,stock,no,no,mixed,ithinX IoT visibility
DdEKRLFCshx,product_feature,enterprise_solutions,fear,none,none_people,stock,no,yes,mixed,FortSecure firewall
DdEEbc0lojM,csr,brand_corporate,aspiration,none,staff,event_photo,no,no,genz,MultiShip internship wrap
DdDb-_DHHOH,product_feature,enterprise_solutions,reassurance,none,none_people,stock,no,yes,mixed,data sovereignty
DdBUM07kxSQ,product_feature,enterprise_solutions,reassurance,none,none_people,stock,no,yes,mixed,cold chain monitoring
DdBC9pRFl8y,product_feature,enterprise_solutions,reassurance,none,none_people,stock,no,yes,mixed,networks under digital growth
DdA9QhbDgN2,product_feature,enterprise_solutions,fear,none,none_people,stock,no,yes,mixed,real-time threat visibility
DdA7_erk4Xo,corporate_pr,brand_corporate,reassurance,none,none_people,template_graphic,no,no,mixed,PING newsletter
Dc_Hpb3Cjlb,product_feature,enterprise_solutions,reassurance,none,staff,stock,no,yes,mixed,SOC never sleeps
Dc-W4gdCiN4,product_feature,enterprise_solutions,reassurance,none,none_people,template_graphic,no,yes,mixed,MyCloud database readiness
Dc-WweVjbUi,product_feature,enterprise_solutions,reassurance,none,none_people,stock,no,no,mixed,cloud as foundation
Dc6qg6TCoeh,calendar_topical,heritage_national,duty,none,none_people,template_graphic,no,no,mixed,Defence Day
Dc5IjaXnJyt,product_feature,enterprise_solutions,reassurance,none,customer,stock,no,yes,mixed,Tezz always connected
Dc5G1lojp8Q,product_feature,enterprise_solutions,fear,none,none_people,stock,no,yes,mixed,threats faster and automated
Dc2v-CGDhdz,csr,brand_corporate,aspiration,none,staff,event_photo,no,no,genz,MultiShip interns
Dc2qydLnJZ3,product_feature,enterprise_solutions,reassurance,none,none_people,template_graphic,no,yes,mixed,can your connectivity keep up
Dc0B8WxCnVQ,product_feature,enterprise_solutions,reassurance,none,none_people,stock,no,yes,mixed,always-on infrastructure
DcxboBgivnc,product_feature,enterprise_solutions,reassurance,none,none_people,stock,no,no,mixed,MyCloud developer cloud
DcvTod7Fc4i,product_feature,enterprise_solutions,reassurance,none,none_people,template_graphic,no,yes,mixed,Nunomics managed analytics
DcvCQclHAVc,product_feature,enterprise_solutions,reassurance,none,none_people,stock,no,yes,mixed,AI is getting smarter
