brand,ring,handle,notes
PTCL,client,ptclofficial,Masterbrand under repositioning; fixed-line + Flash Fiber + Smart TV/OTT + FWA
PTCL Business,client,,NO INSTAGRAM FOUND - B2B arm runs X (@PTCLbusiness) and the ptcl.com.pk/business site only; absence recorded
StormFiber,direct,stormfiber_official,Cybernet FTTH brand; brief names it leader on awareness-to-consideration conversion
Nayatel,direct,nayatel_official,FTTH Islamabad/Rawalpindi/Peshawar/Faisalabad; brief names it
Transworld Home,direct,transworldhome,TWA consumer FTTH; brief names it
Optix,direct,optixpkofficial,Multinet consumer FTTH; second account @optixfiber exists - verify follower count at collection
Fiberlink,direct,,NO INSTAGRAM - @fiberlink_get_connected returns "Profile isn't available" (removed); brand runs Facebook/X/LinkedIn only and fiberlink.net.pk is a "coming soon" placeholder as of 11 Sep 2026
Wateen,direct,wateentelecomlimited,Broadband + enterprise; second account @wateentel exists - verify at collection
Worldcall,direct,worldcalltel,Legacy broadband and HFC operator
Jazz,adjacent,jazzdigital,Largest mobile operator; mobile broadband substitutes fixed line
Jazz Business,adjacent,jazzbusinesspk,The B2B comparator PTCL Business lacks - enterprise half of the brief
Zong,adjacent,zong.official,Mobile broadband and 5G
Ufone,adjacent,ufone_official,PTCL Group sibling - now posting as "Ufone 5G"; Telenor merger context
Telenor Pakistan,adjacent,telenor.pk,Merged into the PTCL Group; the separated GSM business the brief refers to
Starlink,substitute,,NO PAKISTAN ACCOUNT - global @starlink only; no local creative in the category window
Shoq,substitute,shoqofficial,PTCL's own OTT/entertainment layer
Tapmad,substitute,tapmad.entertainment,Pakistani OTT - competes for the entertainment layer of the bundle
Cybernet,substitute,,NO INSTAGRAM FOUND - StormFiber's B2B parent runs LinkedIn only; absence recorded
Multinet,substitute,multinetpakistan,Enterprise connectivity and data centre - B2B set
