brand,platform,url,followers_raw,followers,status,title,snippet
PTCL,facebook,https://www.facebook.com/PTCL.Official,1.3M,1300000,ok,PTCL | Islamabad | Facebook,"Log in Active Status indicator PTCL 1.3M followers • 0 following More Posts About Reels Photos Intro As the leading Information and Communication Technology Service Provider in the region, we are the link that allows glo"
StormFiber,facebook,https://www.facebook.com/stormfiber,233K,233000,ok,StormFiber | Facebook,Log in Active Status indicator StormFiber 233K followers • 6 following More Posts About Reels Photos Intro Storm into the Future ⚡️ with StormFiber’s 100% Fiber Optic Network! Page · Internet service provider (021) 111 1
Nayatel,facebook,https://www.facebook.com/Nayatel,1.1M,1100000,ok,Nayatel | Islamabad | Facebook,"Log in Nayatel 1.1M followers • 10 following More Posts About Reels Photos Intro Nayatel Creator Community: https://forms.gle/k8TpvPnieozk4ueJ6 Page · Telecommunication company 73-E, GD Arcade, A.K. Fazl-ul-Haq Rd, Blue "
Transworld Home,facebook,https://www.facebook.com/transworldhome,381K,381000,ok,Transworld Home | Islamabad | Facebook,Log in Transworld Home 381K followers • 1 following More Posts About Reels Photos Intro Offers internet featuring speeds up to 1Gbps and TV services with more than 250 live TV channels providing an experience that matter
Optix,facebook,https://www.facebook.com/optixXtream,,,no_count,Facebook,"Log in This content isn't available at the moment When this happens, it's usually because the owner only shared it with a small group of people or changed who can see it, or it's been deleted. Go to Feed Go back Visit He"
Fiberlink,facebook,https://www.facebook.com/FiberlinkISP,23K,23000,ok,Fiberlink | Karachi | Facebook,Log in Fiberlink 23K followers • 24 following More Posts About Reels Photos Intro “Fiberlink”with a vision to be a global corporate leader we provide Dedicated and High Speed Internet Page · Local business Fiberlink Corp
Wateen,facebook,https://www.facebook.com/WateenTelecomLtd,93K,93000,ok,Wateen Telecom | Facebook,Log in Wateen Telecom 93K followers • 2 following More Posts About Reels Photos Intro Wateen telecom is among the largest and the fastest-growing fibre network infrastructure companies in Pakistan. We support enterprises
Worldcall,facebook,https://www.facebook.com/WorldCallTelecom,98K,98000,ok,WorldCall Telecom | Lahore | Facebook,Log in WorldCall Telecom 98K followers • 82 following More Posts About Reels Photos Intro Welcome to WorldCall’s official Facebook profile. Stay tuned for latest updates & more. Page · Telecommunication company Plot No. 
Jazz,facebook,https://www.facebook.com/JazzPK,5.5M,5500000,ok,Jazz | Islamabad | Facebook,"Log in Active Status indicator Jazz 5.5M followers • 13 following More Posts About Reels Photos Intro Welcome to the 5G era with Jazz, delivering faster speeds, smoother streaming, seamless connectivity, and enhanced dig"
Zong,facebook,https://www.facebook.com/ZongPakistan,,,no_count,Facebook,"Log in This content isn't available at the moment When this happens, it's usually because the owner only shared it with a small group of people or changed who can see it, or it's been deleted. Go to Feed Go back Visit He"
Ufone,facebook,https://www.facebook.com/ufone,3.2M,3200000,ok,Ufone 5G | Facebook,Log in Active Status indicator Ufone 5G 3.2M followers • 0 following More Posts About Reels Photos Intro Data Bohhaaat Hai! Page · Telecommunication company PAK TELECOM MOBILE LIMITED is responsible for this Page custome
Shoq,facebook,https://www.facebook.com/shoqofficial,,,no_count,Facebook,"Log in This content isn't available at the moment When this happens, it's usually because the owner only shared it with a small group of people or changed who can see it, or it's been deleted. Go to Feed Go back Visit He"
Tapmad,facebook,https://www.facebook.com/tapmadtv,,,no_count,Facebook,"Log in This content isn't available at the moment When this happens, it's usually because the owner only shared it with a small group of people or changed who can see it, or it's been deleted. Go to Feed Go back Visit He"
Multinet,facebook,https://www.facebook.com/MultinetPakistan,,,no_count,"Multinet Pakistan (@multinet.pakistan) • Facebook, Connect with friends | Facebook",Log in Multinet Pakistan More Friends Photos About Work Works at Multinet Pakistan (Pvt.) Limited 2012 - Present Worked at Multinet Worked at Multinet Pakistan Private Limited University Studied at University of Karachi 
Cybernet,facebook,https://www.facebook.com/CybernetPK,,,no_count,Facebook,"Log in This content isn't available at the moment When this happens, it's usually because the owner only shared it with a small group of people or changed who can see it, or it's been deleted. Go to Feed Go back Visit He"
PTCL,youtube,https://www.youtube.com/channel/UCEI853E4AAZRBoW9aZ8bZEw,43.4K,43400,ok,PTCL Official - YouTube,PK Skip navigation Sign in PTCL Official @InternetTohYaheeHai • 43.4K subscribers • 550 videos PTCL is all set to redefine the established boundaries of the telecommunication market and is shifting the productivity front
StormFiber,youtube,https://www.youtube.com/@stormfiber,,,no_count,404 Not Found,
Nayatel,youtube,https://www.youtube.com/channel/UCmzy5GOtBwDSsEkomZYcWcg,1.46K,1460,ok,Nayatel - YouTube,PK Skip navigation Sign in Nayatel @nayatel7594 • 1.46K subscribers • 47 videos More about this channel ...more Subscribe Home Videos Shorts Playlists Videos 0:49 How to pay bill through My Nayatel App | Tutorial | Compl
Transworld Home,youtube,https://www.youtube.com/c/transworldhome,1.81K,1810,ok,Transworld Home - YouTube,PK Skip navigation Sign in Transworld Home @TransworldHome • 1.81K subscribers • 34 videos Transworld Home was commercially launched in late 2017 and is the wholly owned subsidiary of Tier-1 Operator Transworld Associate
Optix,youtube,https://www.youtube.com/@Optixfiber,153,153,suspect,Optix Pakistan Private Limited - YouTube,PK Skip navigation Sign in Optix Pakistan Private Limited @Optixfiber • 153 subscribers • 56 videos Optix - Revolutionizing Connectivity and Entertainment in Pakistan ...more optix.pk and 4 more links Subscribe Home Vide
Wateen,youtube,https://www.youtube.com/@Wateenltd,627,627,ok,Wateen Telecom Limited - YouTube,PK Skip navigation Sign in Wateen Telecom Limited @Wateenltd • 627 subscribers • 13 videos Wateen Telecom is a converged communication services provider that enables all connectivity requirements for organisations and in
Worldcall,youtube,https://www.youtube.com/c/WorldCallTelecomLimited,349,349,suspect,WorldCall Telecom Limited - YouTube,PK Skip navigation Sign in WorldCall Telecom Limited @WorldCallTelecomLimited • 349 subscribers • 47 videos WorldCall Telecom Limited (WTL) is the most reliable and unique telecom and multimedia service provider in Pakis
Jazz,youtube,https://www.youtube.com/@JazzPakistan,9,9,suspect,jazzpakistan - YouTube,PK Skip navigation Sign in jazzpakistan @jazzpakistan • 9 subscribers • 3 videos MHM Production ...more Subscribe Videos 3:00 tum se he.mpg 32 views • 14 years ago 5:10 Moula..Nice Song By Zamin Ali .mpg 237 views • 15 y
Zong,youtube,https://www.youtube.com/@Zong4G,,,no_count,ZONG 4G - YouTube,PK Skip navigation Sign in ZONG 4G @zong4g More about this channel ...more Subscribe This channel doesn't have any content
Ufone,youtube,https://www.youtube.com/@UfoneOfficial,,,no_count,404 Not Found,
Shoq,youtube,https://www.youtube.com/@shoqofficial,5,5,suspect,ShoQofficial - YouTube,PK Skip navigation Sign in ShoQofficial @ShoQofficial • 5 subscribers • 3 videos je vais faire des videos de call of duty des petits montages et je vai aussi vous montrer mes petits trickshots ...more Subscribe Videos 0:
Tapmad,youtube,https://www.youtube.com/@tapmad,2.07K,2070,ok,Rusty Stainless - YouTube,PK Skip navigation Sign in Rusty Stainless @tapmad • 2.07K subscribers • 122 videos More about this channel ...more Subscribe Home Videos Playlists Videos 7:43 Prado 150 Master Window Switch trim replacement 166 views • 
Multinet,youtube,https://www.youtube.com/@MultinetPakistan,,,no_count,404 Not Found,
Fiberlink,youtube,https://www.youtube.com/@fiberlinkpk,,,no_count,404 Not Found,
PTCL,tiktok,https://www.tiktok.com/@ptcl.official,,,no_count,"Couldn’t find this account. Visit TikTok to discover more trending creators, hashtags, and","TikTok Couldn't find this account Looking for videos? Try browsing our trending creators, hashtags, and sounds."
StormFiber,tiktok,https://www.tiktok.com/@stormfiber.official,,,no_count,"Couldn’t find this account. Visit TikTok to discover more trending creators, hashtags, and","TikTok Couldn't find this account Looking for videos? Try browsing our trending creators, hashtags, and sounds."
Jazz,tiktok,https://www.tiktok.com/@jazz.official,0,0,suspect,TikTok - Make Your Day,Jazz official jazz.official 0 Following 0 Followers 0 Likes No bio yet. Drag the slider to fit the puzzle Audio 202609112109374B64EA3789CB78EF0E15
Zong,tiktok,https://www.tiktok.com/@zong.official,,,no_count,,TikTok Something went wrong Sorry about that! Please try again later. Refresh
Ufone,tiktok,https://www.tiktok.com/@ufone.official,,,no_count,,TikTok Something went wrong Sorry about that! Please try again later. Refresh
Tapmad,tiktok,https://www.tiktok.com/@tapmad,0,0,suspect,tapmad (@tapmad) | TikTok,TikTok tapmad tapmad 0 Following 0 Followers 0 Likes Follow Message No bio yet. Suggested accounts View all Videos Liked Latest Popular Oldest Something went wrong Sorry about that! Please try again later. Refresh
