brand,product_focus,ads
Jazz,taiz kitna taiz,1
Jazz,Jazz 5G brand film,1
Jazz,PostPay,1
Jazz,iPhone 18 Pro via Mercantile,1
Jazz,phone ho tou 5G wala,1
Jazz,80s nostalgia,1
Jazz,estore open to all networks,1
Jazz,Defence Day,1
Jazz,We5 Fantastic 200GB,1
Jazz,PTA SIM security advisory,1
Jazz,We5 sharing package,1
Jazz,celebrity brand film,1
Jazz,5G phone on instalments,1
Jazz,"1,000 5G sites",1
Jazz,Samsung Galaxy upgrade,1
Jazz,SIMVORA eSIM advisory,1
Jazz,choose your 5G model,1
Jazz,Jazz Tapeball Clash,1
Jazz,5G site rollout,1
Jazz,"five months 1,000 sites",1
Jazz,JTC4 opening ceremony,1
Jazz,creator - Galaxy trade-in,1
Jazz,celebrity Q and A,1
Jazz,teaser,1
Jazz Business,leadership spotlight,1
Jazz Business,CTO on AI,1
Jazz Business,McDonald's Pakistan connectivity,1
Jazz Business,Defence Day,1
Jazz Business,PITB enterprise AI session,1
Jazz Business,iTecknologi Drivver partnership,1
Jazz Business,CBTL partnership,1
Jazz Business,senior hire,1
Jazz Business,World Entrepreneurs Day,1
Jazz Business,FPCCI partnership for SMEs,1
Jazz Business,discounts do not build businesses,1
Jazz Business,Independence Day,1
Jazz Business,Biz Buzz Insights,1
Jazz Business,MacBook for business,1
Jazz Business,leadership perspective,1
Jazz Business,where to start transforming,1
Jazz Business,Biz Buzz season teaser,1
Jazz Business,cloud and AI evangelist,1
Jazz Business,NUTECH collaboration,1
Jazz Business,head of B2G appointment,1
Jazz Business,quarterly townhall,1
Jazz Business,every skill adds up,1
Jazz Business,Huawei partnership,1
Jazz Business,foodpanda partnership,1
Multinet,FortSecure SOC,1
Multinet,behind every fibre connection,1
Multinet,Nunomics BI,1
Multinet,cybersecurity as business concern,1
Multinet,ithinX IoT visibility,1
Multinet,FortSecure firewall,1
Multinet,MultiShip internship wrap,1
Multinet,data sovereignty,1
Multinet,cold chain monitoring,1
Multinet,networks under digital growth,1
Multinet,real-time threat visibility,1
Multinet,PING newsletter,1
Multinet,SOC never sleeps,1
Multinet,MyCloud database readiness,1
Multinet,cloud as foundation,1
Multinet,Defence Day,1
Multinet,Tezz always connected,1
Multinet,threats faster and automated,1
Multinet,MultiShip interns,1
Multinet,can your connectivity keep up,1
Multinet,always-on infrastructure,1
Multinet,MyCloud developer cloud,1
Multinet,Nunomics managed analytics,1
Multinet,AI is getting smarter,1
Nayatel,app teaser,2
Nayatel,Nayi Speed free bandwidth upgrade,1
Nayatel,My Nayatel App guide,1
Nayatel,Naya Level teaser,1
Nayatel,Episode 01 - Only Fahad knows the secret,1
Nayatel,Nayi Speed Naya Level,1
Nayatel,Episode 02 - Awais to the rescue,1
Nayatel,Our Freedom Our Pride,1
Nayatel,Independence Day - Minar-e-Pakistan,1
Nayatel,Celebrating 79 years - Faisal Mosque,1
Nayatel,Jinnah - mindset of conviction,1
Nayatel,Fatima Jinnah - mindset of sacrifice,1
Nayatel,Iqbal - mindset of vision,1
Nayatel,Azaadi quiz winners,1
Nayatel,Hum sab azad hain,1
Nayatel,Defence Day,1
Nayatel,Azaadi quiz Rs500 off,1
Nayatel,app update play and win,1
Nayatel,Rabi-ul-Awwal,1
Nayatel,Boost your - Aaazzzaa,1
Nayatel,Father's Day,1
Nayatel,Arfa Karim,1
Nayatel,Arshad Nadeem - a father's sacrifice,1
Optix,new hire announcement,5
Optix,"300 Mbps Rs 10,999",1
Optix,"200 Mbps Rs 6,399",1
Optix,buffering ka drama skip karo,1
Optix,stay in the game not the loading screen,1
Optix,no data capping,1
Optix,Defence Day,1
Optix,use internet without worrying,1
Optix,movie night plus buffering,1
Optix,no lag no cap,1
Optix,keep learning 75 Mbps,1
Optix,data limits se azadi,1
Optix,My Optix App,1
Optix,azadi from loading,1
Optix,Optix Xtream app,1
Optix,skip the buffer,1
Optix,streaming ki asli azadi,1
Optix,slow internet se azadi,1
Optix,hidden charges se azadi,1
Optix,azadi from speed limits,1
PTCL,79-years logo teaser,3
PTCL,Dragons of Pakistan awards,1
PTCL,79-years brand teaser,1
PTCL,iPhone 18 Pro via Mercantile,1
PTCL,Defence Day,1
PTCL,Flash Fiber,1
PTCL,FIH Hockey sponsorship,1
PTCL,iPhone teaser via Mercantile,1
PTCL,MacBook Neo retail,1
PTCL,MacBook + 100Mbps bolt-on,1
PTCL,World Humanitarian Day,1
PTCL,the one constant across every home,1
PTCL,Independence Day notification,1
PTCL,Who makes Pakistan 79 years young,1
PTCL,Pakistan v England hockey,1
PTCL,FIH Hockey World Cup,1
PTCL,hockey squad,1
PTCL,Tumhara junoon hai - hockey,1
PTCL,Jitna Jawan - 79 years,1
PTCL,Stay tuned teaser,1
PTCL,clean drinking water CSR,1
PTCL,Arslan Ash esports sponsorship,1
Shoq,Zalmi Women League stream,5
Shoq,Shoq entertainment,1
Shoq,Shoq TV box features,1
Shoq,Ramzan,1
Shoq,New Year,1
Shoq,Quaid Day,1
Shoq,ICC Women's World Cup free stream,1
Shoq,Milad-un-Nabi,1
Shoq,Defence Day,1
Shoq,Independence Day,1
Shoq,Pakistan ki pehchaan,1
Shoq,sirf Shoq TV par,1
Shoq,Shoq TV box lagao,1
Shoq,World Test Championship free,1
Shoq,Eid ul Azha,1
Shoq,Eid ki khushi,1
Shoq,Hajj,1
Shoq,Mother's Day,1
Shoq,keep your subscription active,1
Shoq,one subscription away,1
StormFiber,creator testimonial,3
StormFiber,new areas fiberized Bahawalpur,1
StormFiber,Myth vs Fact - restarting the router,1
StormFiber,Defence Day,1
StormFiber,field team energising a new area,1
StormFiber,Cheema Town Bahawalpur fiberized,1
StormFiber,Myth vs Fact - Wi-Fi signal per room,1
StormFiber,Village Garden Multan fiberized,1
StormFiber,Faisal Hills Islamabad fiberized,1
StormFiber,Kinda Chic to game,1
StormFiber,Freedom Offer 25-45 Mbps,1
StormFiber,Garden Villas DHA-4 fiberized,1
StormFiber,pay your bill your way,1
StormFiber,Myth vs Fact - bandwidth sharing,1
StormFiber,connection not found,1
StormFiber,Storm into smooth connectivity,1
StormFiber,Bahria Town Phase 8 fiberized,1
StormFiber,Myth vs Fact - more bars is not faster,1
StormFiber,Creative Den,1
StormFiber,DHA Phase VIII Lahore fiberized,1
StormFiber,Wi-Fi issues - try these steps,1
StormFiber,Khayaban-e-Amin Lahore fiberized,1
Tapmad,UCL play-off fixtures,1
Tapmad,Ali Noor live,1
Tapmad,Coke Studio Nu.WAV,1
Tapmad,England v Sri Lanka,1
Tapmad,esports group stage leaders,1
Tapmad,Man United transfer story,1
Tapmad,standout performers,1
Tapmad,match results,1
Tapmad,England v Pakistan test,1
Tapmad,Pakistan's Got Talent final,1
Tapmad,Pakistan's Got Talent,1
Tapmad,Pakistan's Got Talent act,1
Tapmad,Pakistan's Got Talent semi,1
Tapmad,fan meme,1
Tapmad,Guinness record attempt,1
Tapmad,grand finale countdown,1
Tapmad,Act It Out format,1
Tapmad,Bayern v Bodo/Glimt,1
Tapmad,MUNKR music,1
Tapmad,AFC Champions League Two,1
Tapmad,football quiz,1
Tapmad,transfer teaser,1
Tapmad,US Open fixtures,1
Tapmad,judges unfiltered part 2,1
Transworld Home,79 saal - connection est. 1947,1
Transworld Home,creator - burey internet se jaan,1
Transworld Home,Opti Zone,1
Transworld Home,binge-watcher vs sports fan,1
Transworld Home,Youm-e-Difa,1
Transworld Home,more Mbps is not always the answer,1
Transworld Home,your home got busier,1
Transworld Home,Tru HD Voice,1
Transworld Home,Transworld Associates event,1
Transworld Home,MyTruTV - something live,1
Transworld Home,My Transworld App bill pay,1
Transworld Home,tired of the spinning circle,1
Transworld Home,time for a better web,1
Transworld Home,Pak v India hockey on MyTruTV,1
Transworld Home,the fight for the remote,1
Transworld Home,creator - azaadi from slow internet,1
Transworld Home,creator - connections need no signal,1
Transworld Home,creator - connections beyond distance,1
Transworld Home,creator - connection story since 1947,1
Transworld Home,connection established 1947,1
Transworld Home,ONE DRUM collaboration,1
Transworld Home,best of luck team Pakistan,1
Transworld Home,the group has been created,1
Transworld Home,wish you were here to you are here,1
Ufone,Father's Day,4
Ufone,Zalmi Women League,2
Ufone,Ufone and Telenor - ready for more,1
Ufone,7 crore ki calling family,1
Ufone,timeless tunes,1
Ufone,dialling back to the 80s,1
Ufone,a connection that never gets old,1
Ufone,Defence Day,1
Ufone,9 Dragons awards,1
Ufone,a nation that keeps doing more,1
Ufone,more dreams more possibilities,1
Ufone,Super Card Premium 79GB,1
Ufone,International Youth Day,1
Ufone,Raahima Syed maiden call-up,1
Ufone,merger flag on a tower,1
Ufone,all set to unite,1
Ufone,Arslan Ash esports,1
Ufone,World Social Media Day,1
Ufone,Dil Se Ba-Ikhtiar impact,1
Ufone,Olympic gold national hero,1
Wateen,cyber security - do not be the headline,1
Wateen,leadership culture,1
Wateen,commitment under pressure,1
Wateen,team-building activity,1
Wateen,MLAB leadership programme,1
Wateen,Independence week,1
Wateen,Independence Day,1
Wateen,Independence celebration,1
Wateen,archive footage - belief in a better future,1
Wateen,navigate what's next,1
Wateen,summer energy challenges,1
Wateen,WAF and managed Wi-Fi with F5,1
Wateen,internship programme,1
Wateen,banking does not need more AI hype,1
Wateen,office moment,1
Wateen,digital signage solutions,1
Wateen,agentic AI for banking,1
Wateen,a breach costs trust,1
Wateen,security day event,1
Wateen,staff group photo,1
Wateen,network as advantage or liability,1
Wateen,fleet telematics,1
Wateen,move with clarity,1
Wateen,leadership development,1
Worldcall,we changed the game once,1
Worldcall,free Wi-Fi device,1
Worldcall,one connection for the whole home,1
Worldcall,"refer a friend Rs 1,000",1
Worldcall,Lahore fibre coverage,1
Worldcall,internet-only WMG plans,1
Worldcall,Independence Day at the office,1
Worldcall,work better from home,1
Worldcall,internet plus cable TV,1
Worldcall,wo Pakistan jo yaadon mein basta hai,1
Worldcall,more speed more possibilities,1
Worldcall,no installation cost,1
Worldcall,DHA Phase 3 fibre value,1
Worldcall,Wapda Town switch to fibre,1
Worldcall,Youm-e-Ashura,1
Worldcall,football live on cable,1
Worldcall,football at home,1
Worldcall,Eid ul Adha,1
Worldcall,Eid Mubarak,1
Worldcall,Ramadan Kareem,1
Worldcall,New Year 2026,1
Worldcall,Minutes Network wholesale deal,1
Worldcall,Consumers Choice Award,1
Worldcall,14 August at the office,1
Zong,PTA SIM security advisory,2
Zong,iPhone via Mercantile,1
Zong,make more of every moment,1
Zong,weekly digital max,1
Zong,connect create share,1
Zong,International Literacy Day,1
Zong,Monthly Pro Max Plus,1
Zong,Clean Air Day,1
Zong,Bachat Bazaar personalised offers,1
Zong,Defence Day,1
Zong,Z Wallet recharge,1
Zong,Bachat Bazaar bundles,1
Zong,Z Wallet cashback,1
Zong,5 Dragons wins,1
Zong,Bachat Bazaar save more,1
Zong,Z Wallet earn more,1
Zong,Dragons of Asia,1
Zong,double advance loan,1
Zong,My Zong App essentials,1
Zong,wallet gaming recharge in one app,1
Zong,Galaxy S26 with Galaxy AI,1
Zong,SIMVORA eSIM advisory,1
Zong,gaming bundle with PUBG skins,1
