brand,post_id,image_file,date,content_type,reason
PTCL,DcMFOptqAev,media/ptclofficial/DcMFOptqAev.jpg,2026-08-18,brand_building,proof_device
PTCL,DcqyIW9K11m,media/ptclofficial/DcqyIW9K11m.jpg,2026-08-30,brand_building,proof_device
PTCL,DdHV2e6qZdf,media/ptclofficial/DdHV2e6qZdf.jpg,2026-09-10,product_feature,proof_device
PTCL,DcjENSSFq60,media/ptclofficial/DcjENSSFq60.jpg,2026-08-27,tactical_promo,proof_device
PTCL,Dcof06MK4jo,media/ptclofficial/Dcof06MK4jo.jpg,2026-08-29,corporate_pr,proof_device
PTCL,DbquOxEK5I9,media/ptclofficial/DbquOxEK5I9.jpg,2026-08-05,brand_building,proof_device
PTCL,DcEfWuyCivK,media/ptclofficial/DcEfWuyCivK.jpg,2026-08-15,brand_building,proof_device
PTCL,DcESlFbKLTF,media/ptclofficial/DcESlFbKLTF.jpg,2026-08-15,brand_building,proof_device
PTCL,DcoAtaJqCPU,media/ptclofficial/DcoAtaJqCPU.jpg,2026-08-29,product_feature,proof_device
PTCL,DcbWiFUDzh5,media/ptclofficial/DcbWiFUDzh5.jpg,2026-08-24,tactical_promo,proof_device
PTCL,DcAqnPNFddF,media/ptclofficial/DcAqnPNFddF.jpg,2026-08-14,brand_building,proof_device
PTCL,DcEHV-DqZcD,media/ptclofficial/DcEHV-DqZcD.jpg,2026-08-15,brand_building,proof_device
StormFiber,DdEr6oCqA1F,media/stormfiber_official/DdEr6oCqA1F.jpg,2026-09-09,product_feature,proof_device
StormFiber,DXJo8KxCJK0,media/stormfiber_official/DXJo8KxCJK0.jpg,2026-04-15,ugc_repost,proof_device
StormFiber,Dc1Ync-kWz0,media/stormfiber_official/Dc1Ync-kWz0.jpg,2026-09-03,brand_building,proof_device
StormFiber,DXHXdxkihr_,media/stormfiber_official/DXHXdxkihr_.jpg,2026-04-14,ugc_repost,proof_device
StormFiber,DctevB5KuJK,media/stormfiber_official/DctevB5KuJK.jpg,2026-08-31,product_feature,proof_device
StormFiber,DXEbo2HsvDH,media/stormfiber_official/DXEbo2HsvDH.jpg,2026-04-13,ugc_repost,proof_device
StormFiber,DcjNbY4KUJO,media/stormfiber_official/DcjNbY4KUJO.jpg,2026-08-27,product_feature,proof_device
StormFiber,DdCMJL4KzRK,media/stormfiber_official/DdCMJL4KzRK.jpg,2026-09-08,product_feature,stratified:product_feature
StormFiber,DclwbDaqeMb,media/stormfiber_official/DclwbDaqeMb.jpg,2026-08-28,product_feature,stratified:product_feature
StormFiber,Dcdve_LKas_,media/stormfiber_official/Dcdve_LKas_.jpg,2026-08-25,product_feature,stratified:product_feature
StormFiber,Dc6v2hARep4,media/stormfiber_official/Dc6v2hARep4.jpg,2026-09-05,calendar_topical,stratified:calendar_topical
StormFiber,DcbhFb7Cnb7,media/stormfiber_official/DcbhFb7Cnb7.jpg,2026-08-24,brand_building,stratified:brand_building
Nayatel,DZzeFECEcPJ,media/nayatel_official/DZzeFECEcPJ.jpg,2026-06-20,brand_building,proof_device
Nayatel,DZxjLzEEdcg,media/nayatel_official/DZxjLzEEdcg.jpg,2026-06-19,brand_building,proof_device
Nayatel,Dc6rBKOHJnp,media/nayatel_official/Dc6rBKOHJnp.jpg,2026-09-05,calendar_topical,stratified:calendar_topical
Nayatel,Dcd5rHjnWdK,media/nayatel_official/Dcd5rHjnWdK.jpg,2026-08-25,calendar_topical,stratified:calendar_topical
Nayatel,Db_cniTiK79,media/nayatel_official/Db_cniTiK79.jpg,2026-08-13,calendar_topical,stratified:calendar_topical
Nayatel,Db_cXdpHBwq,media/nayatel_official/Db_cXdpHBwq.jpg,2026-08-13,calendar_topical,stratified:calendar_topical
Nayatel,Dcn3zq1CcgX,media/nayatel_official/Dcn3zq1CcgX.jpg,2026-08-29,brand_building,stratified:brand_building
Nayatel,DciKzYkHK8a,media/nayatel_official/DciKzYkHK8a.jpg,2026-08-27,brand_building,stratified:brand_building
Nayatel,DcbFLoZIK2f,media/nayatel_official/DcbFLoZIK2f.jpg,2026-08-24,brand_building,stratified:brand_building
Nayatel,DcvPC9UnEvM,media/nayatel_official/DcvPC9UnEvM.jpg,2026-09-01,tactical_promo,stratified:tactical_promo
Nayatel,DcvgRHUFEPg,media/nayatel_official/DcvgRHUFEPg.jpg,2026-09-01,tactical_promo,stratified:tactical_promo
Nayatel,DdBudHzCPMC,media/nayatel_official/DdBudHzCPMC.jpg,2026-09-08,product_feature,stratified:product_feature
Transworld Home,DcD3rzss31D,media/transworldhome/DcD3rzss31D.jpg,2026-08-15,ugc_repost,proof_device
Transworld Home,DcAZ6p5jYFX,media/transworldhome/DcAZ6p5jYFX.jpg,2026-08-14,brand_building,proof_device
Transworld Home,DcGCNnbNUnb,media/transworldhome/DcGCNnbNUnb.jpg,2026-08-16,ugc_repost,proof_device
Transworld Home,DclcDYDle5M,media/transworldhome/DclcDYDle5M.jpg,2026-08-28,product_feature,proof_device
Transworld Home,DcDcmEmMSRI,media/transworldhome/DcDcmEmMSRI.jpg,2026-08-15,ugc_repost,proof_device
Transworld Home,Db_cqyCG0h9,media/transworldhome/Db_cqyCG0h9.jpg,2026-08-13,brand_building,proof_device
Transworld Home,DcBCQ-pAhQ0,media/transworldhome/DcBCQ-pAhQ0.jpg,2026-08-14,ugc_repost,proof_device
Transworld Home,DcBRxMnoScO,media/transworldhome/DcBRxMnoScO.jpg,2026-08-14,ugc_repost,proof_device
Transworld Home,Db0XlieiPIf,media/transworldhome/Db0XlieiPIf.jpg,2026-08-09,brand_building,proof_device
Transworld Home,DdG4NI-HPBg,media/transworldhome/DdG4NI-HPBg.jpg,2026-09-10,product_feature,stratified:product_feature
Transworld Home,DdBqqaklZsm,media/transworldhome/DdBqqaklZsm.jpg,2026-09-08,brand_building,stratified:brand_building
Transworld Home,Dc6qabRGPJf,media/transworldhome/Dc6qabRGPJf.jpg,2026-09-05,calendar_topical,stratified:calendar_topical
Optix,DdG3DNoldOs,media/optixpkofficial/DdG3DNoldOs.jpg,2026-09-10,tactical_promo,stratified:tactical_promo
Optix,DdEKyyFHF89,media/optixpkofficial/DdEKyyFHF89.jpg,2026-09-09,tactical_promo,stratified:tactical_promo
Optix,DdBUL-PD9xb,media/optixpkofficial/DdBUL-PD9xb.jpg,2026-09-08,tactical_promo,stratified:tactical_promo
Optix,DdA2VnBDicp,media/optixpkofficial/DdA2VnBDicp.jpg,2026-09-08,tactical_promo,stratified:tactical_promo
Optix,Dc-iH-NDmPI,media/optixpkofficial/Dc-iH-NDmPI.jpg,2026-09-07,tactical_promo,stratified:tactical_promo
Optix,Dc3A_y5jc5m,media/optixpkofficial/Dc3A_y5jc5m.jpg,2026-09-04,tactical_promo,stratified:tactical_promo
Optix,Dc0TYIAjlvI,media/optixpkofficial/Dc0TYIAjlvI.jpg,2026-09-03,tactical_promo,stratified:tactical_promo
Optix,Dcv1GEZnGQ6,media/optixpkofficial/Dcv1GEZnGQ6.jpg,2026-09-03,tactical_promo,stratified:tactical_promo
Optix,DcdmEEfIFNN,media/optixpkofficial/DcdmEEfIFNN.jpg,2026-08-25,recruitment,stratified:recruitment
Optix,Dcdk_UjjZRD,media/optixpkofficial/Dcdk_UjjZRD.jpg,2026-08-25,recruitment,stratified:recruitment
Optix,Dc6qa_IjQb9,media/optixpkofficial/Dc6qa_IjQb9.jpg,2026-09-05,calendar_topical,stratified:calendar_topical
Optix,DcpygwRj52n,media/optixpkofficial/DcpygwRj52n.jpg,2026-08-30,product_feature,stratified:product_feature
Wateen,DbdXVfVDIO4,media/wateentelecomlimited/DbdXVfVDIO4.jpg,2026-07-31,corporate_pr,proof_device
Wateen,Db-51evDPHJ,media/wateentelecomlimited/Db-51evDPHJ.jpg,2026-08-13,calendar_topical,proof_device
Wateen,Dae8fZ7DGiA,media/wateentelecomlimited/Dae8fZ7DGiA.jpg,2026-07-07,corporate_pr,proof_device
Wateen,DcsZOsACW5x,media/wateentelecomlimited/DcsZOsACW5x.jpg,2026-08-31,product_feature,stratified:product_feature
Wateen,Dbm3v8ykv-1,media/wateentelecomlimited/Dbm3v8ykv-1.jpg,2026-08-04,product_feature,stratified:product_feature
Wateen,DbZ_u8PAbOT,media/wateentelecomlimited/DbZ_u8PAbOT.jpg,2026-07-30,product_feature,stratified:product_feature
Wateen,DckuXowDHCU,media/wateentelecomlimited/DckuXowDHCU.jpg,2026-08-28,corporate_pr,stratified:corporate_pr
Wateen,DcSmURWjKBl,media/wateentelecomlimited/DcSmURWjKBl.jpg,2026-08-21,corporate_pr,stratified:corporate_pr
Wateen,DcLjygADMMa,media/wateentelecomlimited/DcLjygADMMa.jpg,2026-08-18,corporate_pr,stratified:corporate_pr
Wateen,DcIuqe2DB1h,media/wateentelecomlimited/DcIuqe2DB1h.jpg,2026-08-17,calendar_topical,stratified:calendar_topical
Wateen,DcBzJM7K1sx,media/wateentelecomlimited/DcBzJM7K1sx.jpg,2026-08-14,calendar_topical,stratified:calendar_topical
Wateen,DciOb1_Ek-u,media/wateentelecomlimited/DciOb1_Ek-u.jpg,2026-08-27,brand_building,stratified:brand_building
Worldcall,Dcsl2rHFeR3,media/worldcalltel/Dcsl2rHFeR3.jpg,2026-08-31,product_feature,proof_device
Worldcall,DcBoRMwj2bH,media/worldcalltel/DcBoRMwj2bH.jpg,2026-08-14,calendar_topical,proof_device
Worldcall,DSSRBqBivo3,media/worldcalltel/DSSRBqBivo3.jpg,2025-12-15,corporate_pr,proof_device
Worldcall,DRwusypDFpB,media/worldcalltel/DRwusypDFpB.jpg,2025-12-02,corporate_pr,proof_device
Worldcall,Cuti-e4owyr,media/worldcalltel/Cuti-e4owyr.jpg,2023-07-15,brand_building,proof_device
Worldcall,DdGUZ0zlt42,media/worldcalltel/DdGUZ0zlt42.jpg,2026-09-10,tactical_promo,stratified:tactical_promo
Worldcall,DcxoKzaFVUd,media/worldcalltel/DcxoKzaFVUd.jpg,2026-09-02,tactical_promo,stratified:tactical_promo
Worldcall,Dck1EJWDJ65,media/worldcalltel/Dck1EJWDJ65.jpg,2026-08-28,tactical_promo,stratified:tactical_promo
Worldcall,DaBTFKZlfU9,media/worldcalltel/DaBTFKZlfU9.jpg,2026-06-25,calendar_topical,stratified:calendar_topical
Worldcall,DYzl1-oD6Ke,media/worldcalltel/DYzl1-oD6Ke.jpg,2026-05-26,calendar_topical,stratified:calendar_topical
Worldcall,DdBKLnxlTtq,media/worldcalltel/DdBKLnxlTtq.jpg,2026-09-08,product_feature,stratified:product_feature
Worldcall,Dca4jlgD-pd,media/worldcalltel/Dca4jlgD-pd.jpg,2026-08-24,corporate_pr,stratified:corporate_pr
Jazz,DdEWRGBDCYV,media/jazzdigital/DdEWRGBDCYV.jpg,2026-09-09,tactical_promo,proof_device
Jazz,DcvMAsmq5UG,media/jazzdigital/DcvMAsmq5UG.jpg,2026-09-01,brand_building,proof_device
Jazz,Dcix0q4jFm_,media/jazzdigital/Dcix0q4jFm_.jpg,2026-08-29,corporate_pr,proof_device
Jazz,DdHESs0sE6v,media/jazzdigital/DdHESs0sE6v.jpg,2026-09-10,product_feature,proof_device
Jazz,DcymX9IsllR,media/jazzdigital/DcymX9IsllR.jpg,2026-09-02,corporate_pr,proof_device
Jazz,Dclgya7jOyb,media/jazzdigital/Dclgya7jOyb.jpg,2026-08-28,tactical_promo,proof_device
Jazz,Dck3m6-sfpM,media/jazzdigital/Dck3m6-sfpM.jpg,2026-08-28,corporate_pr,proof_device
Jazz,DcgquLQIlkB,media/jazzdigital/DcgquLQIlkB.jpg,2026-08-26,ugc_repost,proof_device
Jazz,DXgrbBKDEmL,media/jazzdigital/DXgrbBKDEmL.jpg,2026-04-24,brand_building,proof_device
Jazz,DVtOxKaivmM,media/jazzdigital/DVtOxKaivmM.jpg,2026-03-10,brand_building,proof_device
Jazz,Dc_WUe7Moy7,media/jazzdigital/Dc_WUe7Moy7.jpg,2026-09-07,tactical_promo,proof_device
Jazz,DcgKcKjMoqT,media/jazzdigital/DcgKcKjMoqT.jpg,2026-08-26,brand_building,proof_device
Jazz Business,DdCFhWfDdzk,media/jazzbusinesspk/DdCFhWfDdzk.jpg,2026-09-08,corporate_pr,proof_device
Jazz Business,Dbsu3mkjbTF,media/jazzbusinesspk/Dbsu3mkjbTF.jpg,2026-08-06,tactical_promo,proof_device
Jazz Business,Dc03iENDZ3z,media/jazzbusinesspk/Dc03iENDZ3z.jpg,2026-09-03,corporate_pr,proof_device
Jazz Business,DcylpuhjU8V,media/jazzbusinesspk/DcylpuhjU8V.jpg,2026-09-02,corporate_pr,proof_device
Jazz Business,DdGl1cMDTGl,media/jazzbusinesspk/DdGl1cMDTGl.jpg,2026-09-10,corporate_pr,stratified:corporate_pr
Jazz Business,DdELGYvN_cp,media/jazzbusinesspk/DdELGYvN_cp.jpg,2026-09-09,corporate_pr,stratified:corporate_pr
Jazz Business,DcvIsvTjcSY,media/jazzbusinesspk/DcvIsvTjcSY.jpg,2026-09-01,corporate_pr,stratified:corporate_pr
Jazz Business,DcJRtrSDa9g,media/jazzbusinesspk/DcJRtrSDa9g.jpg,2026-08-17,corporate_pr,stratified:corporate_pr
Jazz Business,Db5gQ6gNDO9,media/jazzbusinesspk/Db5gQ6gNDO9.jpg,2026-08-11,corporate_pr,stratified:corporate_pr
Jazz Business,Dc7oSSBDZf7,media/jazzbusinesspk/Dc7oSSBDZf7.jpg,2026-09-06,calendar_topical,stratified:calendar_topical
Jazz Business,DckxNcEja_T,media/jazzbusinesspk/DckxNcEja_T.jpg,2026-08-28,recruitment,stratified:recruitment
Jazz Business,DcDTX2gDV8E,media/jazzbusinesspk/DcDTX2gDV8E.jpg,2026-08-15,brand_building,stratified:brand_building
Zong,Dc5_iWls7by,media/zong.official/Dc5_iWls7by.jpg,2026-09-05,corporate_pr,proof_device
Zong,Dc0N7dFoVP4,media/zong.official/Dc0N7dFoVP4.jpg,2026-09-03,corporate_pr,proof_device
Zong,DdHERBDI5J1,media/zong.official/DdHERBDI5J1.jpg,2026-09-10,product_feature,proof_device
Zong,DclZ8OBTwk1,media/zong.official/DclZ8OBTwk1.jpg,2026-08-28,tactical_promo,proof_device
Zong,Dck3m6-sfpM,media/zong.official/Dck3m6-sfpM.jpg,2026-08-28,corporate_pr,proof_device
Zong,Dci4Z7roYj4,media/zong.official/Dci4Z7roYj4.jpg,2026-08-27,tactical_promo,proof_device
Zong,DcymX9IsllR,media/zong.official/DcymX9IsllR.jpg,2026-09-02,corporate_pr,proof_device
Zong,Dcs7qeDiLPA,media/zong.official/Dcs7qeDiLPA.jpg,2026-08-31,corporate_pr,proof_device
Zong,Dc5spYPkZmE,media/zong.official/Dc5spYPkZmE.jpg,2026-09-05,product_feature,stratified:product_feature
Zong,DdG8aWJowAd,media/zong.official/DdG8aWJowAd.jpg,2026-09-10,brand_building,stratified:brand_building
Zong,DdGSthoo1jI,media/zong.official/DdGSthoo1jI.jpg,2026-09-10,tactical_promo,stratified:tactical_promo
Zong,DdB4um-CID5,media/zong.official/DdB4um-CID5.jpg,2026-09-08,csr,stratified:csr
Ufone,DdJIrKJKhLG,media/ufone_official/DdJIrKJKhLG.jpg,2026-09-11,brand_building,proof_device
Ufone,Db-8iXWIFJp,media/ufone_official/Db-8iXWIFJp.jpg,2026-08-13,tactical_promo,proof_device
Ufone,Dcq8suvgNLc,media/ufone_official/Dcq8suvgNLc.jpg,2026-08-30,corporate_pr,proof_device
Ufone,DaUfN5QqtIy,media/ufone_official/DaUfN5QqtIy.jpg,2026-07-03,brand_building,proof_device
Ufone,DaNz8Lgqqzq,media/ufone_official/DaNz8Lgqqzq.jpg,2026-06-30,brand_building,proof_device
Ufone,DZ7sMVbq-P7,media/ufone_official/DZ7sMVbq-P7.jpg,2026-06-23,brand_building,proof_device
Ufone,DX1sBPYDIsO,media/ufone_official/DX1sBPYDIsO.jpg,2026-05-02,tactical_promo,proof_device
Ufone,DdG_4deq2tI,media/ufone_official/DdG_4deq2tI.jpg,2026-09-10,brand_building,stratified:brand_building
Ufone,DdGoJwLj14f,media/ufone_official/DdGoJwLj14f.jpg,2026-09-10,brand_building,stratified:brand_building
Ufone,Dc8nL9yqMIS,media/ufone_official/Dc8nL9yqMIS.jpg,2026-09-06,calendar_topical,stratified:calendar_topical
Ufone,DcAyRIFCnT8,media/ufone_official/DcAyRIFCnT8.jpg,2026-08-14,calendar_topical,stratified:calendar_topical
Ufone,Db8ZptcG-4Q,media/ufone_official/Db8ZptcG-4Q.jpg,2026-08-12,csr,stratified:csr
Shoq,DRtUNSYCOi7,media/shoqofficial/DRtUNSYCOi7.jpg,2025-12-01,product_feature,proof_device
Shoq,DNTnm-fMZbE,media/shoqofficial/DNTnm-fMZbE.jpg,2025-08-13,brand_building,proof_device
Shoq,DRoYE_9CI6V,media/shoqofficial/DRoYE_9CI6V.jpg,2025-11-29,product_feature,proof_device
Shoq,DRmSghpDSg3,media/shoqofficial/DRmSghpDSg3.jpg,2025-11-28,product_feature,proof_device
Shoq,DaNhTZlNivq,media/shoqofficial/DaNhTZlNivq.jpg,2026-06-30,product_feature,stratified:product_feature
Shoq,DWyp_feDZj0,media/shoqofficial/DWyp_feDZj0.jpg,2026-04-06,product_feature,stratified:product_feature
Shoq,DRlofREiJLj,media/shoqofficial/DRlofREiJLj.jpg,2025-11-28,product_feature,stratified:product_feature
Shoq,DU8DYo1jUg5,media/shoqofficial/DU8DYo1jUg5.jpg,2026-02-19,calendar_topical,stratified:calendar_topical
Shoq,DS9KAaKjOza,media/shoqofficial/DS9KAaKjOza.jpg,2026-01-01,calendar_topical,stratified:calendar_topical
Shoq,DSrj3tPjZKV,media/shoqofficial/DSrj3tPjZKV.jpg,2025-12-25,calendar_topical,stratified:calendar_topical
Shoq,DLXUrq3t-io,media/shoqofficial/DLXUrq3t-io.jpg,2025-06-26,tactical_promo,stratified:tactical_promo
Shoq,DRhbDkviO5M,media/shoqofficial/DRhbDkviO5M.jpg,2025-11-26,product_feature,stratified:topup
Tapmad,DdHYoV7Oxxa,media/tapmad.entertainment/DdHYoV7Oxxa.jpg,2026-09-10,product_feature,proof_device
Tapmad,DdHXIH2uPeD,media/tapmad.entertainment/DdHXIH2uPeD.jpg,2026-09-10,product_feature,proof_device
Tapmad,DdHUpkquLOk,media/tapmad.entertainment/DdHUpkquLOk.jpg,2026-09-10,product_feature,proof_device
Tapmad,DdJPi2qHD0t,media/tapmad.entertainment/DdJPi2qHD0t.jpg,2026-09-11,product_feature,stratified:product_feature
Tapmad,DdJJY4gDNgq,media/tapmad.entertainment/DdJJY4gDNgq.jpg,2026-09-11,product_feature,stratified:product_feature
Tapmad,DdI80-GnNJm,media/tapmad.entertainment/DdI80-GnNJm.jpg,2026-09-11,product_feature,stratified:product_feature
Tapmad,DdI8xm_HKec,media/tapmad.entertainment/DdI8xm_HKec.jpg,2026-09-11,product_feature,stratified:product_feature
Tapmad,DdI8NF9HI_x,media/tapmad.entertainment/DdI8NF9HI_x.jpg,2026-09-11,product_feature,stratified:product_feature
Tapmad,DdHjxWlFr1F,media/tapmad.entertainment/DdHjxWlFr1F.jpg,2026-09-10,product_feature,stratified:product_feature
Tapmad,DdHSH_OufUj,media/tapmad.entertainment/DdHSH_OufUj.jpg,2026-09-10,product_feature,stratified:product_feature
Tapmad,DdHPc1Nzaih,media/tapmad.entertainment/DdHPc1Nzaih.jpg,2026-09-10,brand_building,stratified:brand_building
Tapmad,DdHDgVFIvPZ,media/tapmad.entertainment/DdHDgVFIvPZ.jpg,2026-09-10,brand_building,stratified:brand_building
Multinet,DdI3equlTIW,media/multinetpakistan/DdI3equlTIW.jpg,2026-09-11,brand_building,proof_device
Multinet,DdJMyOaDKOI,media/multinetpakistan/DdJMyOaDKOI.jpg,2026-09-11,product_feature,stratified:product_feature
Multinet,DdG2NVOjKTc,media/multinetpakistan/DdG2NVOjKTc.jpg,2026-09-10,product_feature,stratified:product_feature
Multinet,DdGLhXlDKmE,media/multinetpakistan/DdGLhXlDKmE.jpg,2026-09-10,product_feature,stratified:product_feature
Multinet,DdEQ9lLDaCO,media/multinetpakistan/DdEQ9lLDaCO.jpg,2026-09-09,product_feature,stratified:product_feature
Multinet,DdEKRLFCshx,media/multinetpakistan/DdEKRLFCshx.jpg,2026-09-09,product_feature,stratified:product_feature
Multinet,DdDb-_DHHOH,media/multinetpakistan/DdDb-_DHHOH.jpg,2026-09-09,product_feature,stratified:product_feature
Multinet,DdBUM07kxSQ,media/multinetpakistan/DdBUM07kxSQ.jpg,2026-09-08,product_feature,stratified:product_feature
Multinet,DdBC9pRFl8y,media/multinetpakistan/DdBC9pRFl8y.jpg,2026-09-08,product_feature,stratified:product_feature
Multinet,DdA9QhbDgN2,media/multinetpakistan/DdA9QhbDgN2.jpg,2026-09-08,product_feature,stratified:product_feature
Multinet,DdEEbc0lojM,media/multinetpakistan/DdEEbc0lojM.jpg,2026-09-09,csr,stratified:csr
Multinet,DdA7_erk4Xo,media/multinetpakistan/DdA7_erk4Xo.jpg,2026-09-08,corporate_pr,stratified:corporate_pr
