dimension,value,Sarsabz,Engro
content_type,brand_building,0,10
content_type,calendar_topical,14,1
content_type,corporate_pr,5,14
content_type,csr,7,0
content_type,product_feature,19,76
content_type,sponsorship,22,0
content_type,tactical_promo,23,9
claim_primary,advisory_service,3,44
claim_primary,authenticity,0,3
claim_primary,brand_goodwill,25,18
claim_primary,cost_saving,0,6
claim_primary,farmer_recognition,12,6
claim_primary,national_identity,22,1
claim_primary,product_quality,1,23
claim_primary,rewards_prizes,4,9
claim_primary,women_empowerment,8,0
claim_primary,yield_increase,15,0
proof_device,celebrity,24,0
proof_device,claim_statistics,0,13
proof_device,expert_authority,3,55
proof_device,heritage_scale,1,0
proof_device,none,54,36
proof_device,ratings_awards,5,0
proof_device,testimonial,3,6
who_is_in_frame,celebrity,24,13
who_is_in_frame,customer,46,19
who_is_in_frame,executive,3,14
who_is_in_frame,expert,0,31
who_is_in_frame,none_people,14,28
who_is_in_frame,staff,3,5
production_value,ai_generated,7,0
production_value,event_photo,16,0
production_value,stock,1,0
production_value,studio,49,107
production_value,template_graphic,15,3
production_value,ugc,2,0
