post_id,brand,ladder_level,ladder_reason,platform,views,title
kO5ojQw78aw,Sarsabz,5,women_empowerment: stated belief about women's role in farming,sarsabz_tabeer,855,Sarsabz Tabeer | Bahawalpur | Alina Rizvi
KGmwOesEH2c,Sarsabz,1,"brand_goodwill: presence: sponsorship, festive or corporate film; no product or belief claim",undp_sdg,13693062,Leading Sustainable Change for Pakistan | Fatima Fertilizer in partnership with UNDP
ocAfIej7bDA,Sarsabz,3,yield_increase: benefit: more yield per acre,yield_10pct,8996873,Sarsabz Nitrophos aur Calcium Ammonium Nitrate | Gandum ki 10 Feesad se Ziada Izafi Paidawar
tmsxM37QY88,Sarsabz,5,women_empowerment: stated belief about women's role in farming,sarsabz_tabeer,518,Sarsabz Tabeer Training | Gilgit
OSoA3-sntts,Sarsabz,1,"brand_goodwill: presence: sponsorship, festive or corporate film; no product or belief claim",undp_sdg,469,Fatima Fertilizer Unveils First SDG Impact Report in Collaboration with UNDP
PHXK8cX8zqc,Sarsabz,4,"farmer_recognition: psychological: what being a farmer, and choosing this brand, says about me",salam_kissan,1947,Sarsabz Fertilizers Celebrating Kissan Day on 18th December!
tRD1wlJIYfs,Sarsabz,4,"farmer_recognition: psychological: what being a farmer, and choosing this brand, says about me",salam_kissan,2463,Sarsabz Fertilizers Celebrating Kissan Day on 18th December!
qCEyOikXxgY,Sarsabz,1,"brand_goodwill: presence: sponsorship, festive or corporate film; no product or belief claim",corporate,809,FG Podcast | Fatima Group | Asad Murad
gqSmz6eAvfA,Sarsabz,4,"farmer_recognition: psychological: what being a farmer, and choosing this brand, says about me",salam_kissan,543,Salam Kissan Journey | Fatima Fertilizer | Salam Kissan | Sarsabz Pakistan
VbWMhfg6JbY,Sarsabz,4,"farmer_recognition: psychological: what being a farmer, and choosing this brand, says about me",salam_kissan,546,"Kissan Day 2024 | Salam Kissan, Sarsabz Pakistan | Fatima Fertilizer"
JTNQRbI5sMw,Sarsabz,3,yield_increase: benefit: more yield per acre,yield_10pct,2652270,Sarsabz CAN | Gandum ki Izafi Paidawar
C9aI_qRxk-A,Sarsabz,5,women_empowerment: stated belief about women's role in farming,womens_day,1088887,Iss Mitti Ki Beti | Women's Day | 8th March | Fatima Fertilizer
GuW1XB_JwmY,Sarsabz,5,women_empowerment: stated belief about women's role in farming,sarsabz_tabeer,1522,Sarsabz Tabeer | Citrus Training | Sargodha
BYeaJSav0Io,Sarsabz,1,"brand_goodwill: presence: sponsorship, festive or corporate film; no product or belief claim",ramzan,25191498,Faslon Ko Takalluf | Atif Aslam | Ramzan 2025 | Sarsabz Fertilizer
cYhKhsFpD2s,Sarsabz,1,"brand_goodwill: presence: sponsorship, festive or corporate film; no product or belief claim",multan_sultans,5624,Sarsabz Ke Sultan | Chris Jordan
y_JXTnFDf9E,Sarsabz,1,"brand_goodwill: presence: sponsorship, festive or corporate film; no product or belief claim",multan_sultans,4105,Ask The Sultan | Iftikhar Ahmed | Sarsabz Ke Sultan
d98OKzwvWWk,Sarsabz,1,"brand_goodwill: presence: sponsorship, festive or corporate film; no product or belief claim",multan_sultans,579403,Phone Explore with Sarsabz Ke Sultan | Usama Mir & David Willey | Multan Sultans
LEx1oMGII9c,Sarsabz,1,"brand_goodwill: presence: sponsorship, festive or corporate film; no product or belief claim",multan_sultans,470311,Insta Comments with Muhammad Hasnain | Sarsabz Ke Sultan | Multan Sultans
rumYBJeQQ8Y,Sarsabz,1,"brand_goodwill: presence: sponsorship, festive or corporate film; no product or belief claim",multan_sultans,509087,Sultan Ka Bachpan | Muhammad Hasnain & Ubaid Shah | Sarsabz Ke Sultan | Multan Sultans
foVU2M3ddBQ,Sarsabz,1,"brand_goodwill: presence: sponsorship, festive or corporate film; no product or belief claim",multan_sultans,556190,"Fill The Glass | Chris Jordan, Usama Mir & David Willey | Sarsabz Ke Sultan | Multan Sultans"
v0Izbo6Nax4,Sarsabz,1,"brand_goodwill: presence: sponsorship, festive or corporate film; no product or belief claim",multan_sultans,285094,"Food Tasting with Sarsabz Ke Sultan | Usama, Jorden, Willey & Hasnain | Multan Sultans"
6fEBWFezM4Q,Sarsabz,2,product_quality: attribute: what is in the bag,pak_arab_can,3802503,Pak Arab CAN | Cotton Crop
t7vgtbyTDr0,Sarsabz,1,"brand_goodwill: presence: sponsorship, festive or corporate film; no product or belief claim",multan_sultans,143459,Meet And Greet 2025 | Multan Sultans | Fatima Fertilizer
iLBeeJZiDZU,Sarsabz,1,"brand_goodwill: presence: sponsorship, festive or corporate film; no product or belief claim",csr_other,231,Art Competition | SOS Children's Village | Fatima Fertilizer
qVFtzaOJ-6g,Sarsabz,2,rewards_prizes: attribute-level reason to buy: scratch code and prize draw,multan_sultans,294149,Sarsabz Golden Ticket 2025 | Sarsabz Ke Sultan | Multan Sultans
3agl0vkpvnQ,Sarsabz,5,women_empowerment: stated belief about women's role in farming,sarsabz_tabeer,1036,Sarsabz Tabeer | Strawberry Training | Lahore
LEISoNY9fwI,Sarsabz,5,national_identity: stated belief / way of life: the land and the nation,dil_se_sarsabz,130531,Dil Se Sarsabz| Independence Day | 14th August
ZdyooEF58Jo,Sarsabz,5,national_identity: stated belief / way of life: the land and the nation,dil_se_sarsabz,79901,Dil Se Sarsabz | Independence Day | Sarsabz Pakistan
kOrx__cm5EA,Sarsabz,5,national_identity: stated belief / way of life: the land and the nation,dil_se_sarsabz,38575,Dill Se Sarsabz
AJSrHulG5x8,Sarsabz,5,national_identity: stated belief / way of life: the land and the nation,dil_se_sarsabz,29676,Dil Se Sarsabz | Milli Naghma
dEhn36c_7c4,Sarsabz,5,women_empowerment: stated belief about women's role in farming,sarsabz_tabeer,230,Sarsabz Tabeer | Peach Training | Peshawar
4eQSPxeNIAY,Sarsabz,5,national_identity: stated belief / way of life: the land and the nation,dil_se_sarsabz,524,Dil Se Sarsabz | Independence Day | Sarsabz Pakistan
nb2lVqSA6g0,Sarsabz,3,yield_increase: benefit: more yield per acre,yield_10pct,4211198,Sarsabz Nitrophos aur CAN | Makai ki 10% Se Bhi Ziyada Izaafi Paidawaar
UGtEj4-rn2o,Sarsabz,3,yield_increase: benefit: more yield per acre,yield_10pct,5094386,Sarsabz Nitrophos aur CAN | Gannay ki 10% Se Bhi Ziada Izaafi Paidawaar
hXNGklmodak,Sarsabz,3,yield_increase: benefit: more yield per acre,yield_10pct,1829,Sarsabz Nitrophos aur CAN | Gannay ki 10% Se Bhi Ziada Izaafi Paidawaar
aTrMa67mvs8,Sarsabz,3,yield_increase: benefit: more yield per acre,yield_10pct,2680,Sarsabz Nitrophos aur CAN | Makai ki 10% Se Bhi Ziada Izaafi Paidawaar
gxTVL8xY_0I,Sarsabz,3,"advisory_service: benefit: my crop problem solved, my soil tested",sarsabz_app,310,Sarsabz Pakistan App | Hafizabad | Haroon Rashid | Ali Hassan
jXq69MvtD7Q,Sarsabz,3,yield_increase: benefit: more yield per acre,sarsabz_ki_jeet,4927490,Shahid Abbas Khan | Punjab Gandum Paidawaari Muqabla | Sarsabz Ki Jeet
6Hsh2UhZlDI,Sarsabz,3,yield_increase: benefit: more yield per acre,sarsabz_ki_jeet,5400257,Muhammad Afzal | Punjab Gandum Paidawaari Muqabla | Sarsabz Ki Jeet
DFwWI4qFVTk,Sarsabz,3,yield_increase: benefit: more yield per acre,sarsabz_ki_jeet,8212592,Muzaffar Farms | Punjab Gandum Paidawaari Muqabla | Sarsabz Ki Jeet
GWnmS-0jngw,Sarsabz,3,yield_increase: benefit: more yield per acre,sarsabz_ki_jeet,7527502,Sarsabz Ki Jeet | Punjab Gandum Paidawaari Muqabla | Gandum Ki 10% Izaafi Paidawaar
hFSXu_2SqhI,Sarsabz,3,"advisory_service: benefit: my crop problem solved, my soil tested",sarsabz_app,376,Sarsabz Pakistan App | Hafizabad | Bilal Ahmed
bRiMDHr8mTI,Sarsabz,4,"farmer_recognition: psychological: what being a farmer, and choosing this brand, says about me",salam_kissan,1005590,"Salam Kissan, Sarsabz Pakistan"
NluNk5dpZw0,Sarsabz,4,"farmer_recognition: psychological: what being a farmer, and choosing this brand, says about me",salam_kissan,5387086,Salam Kissan 2025 | Kissan Day 18th Dec | A Tribute to Farmers by Sarsabz Fertilizers
t2JC0sCMAUk,Sarsabz,4,"farmer_recognition: psychological: what being a farmer, and choosing this brand, says about me",salam_kissan,2244091,Sarsabz Fertilizers Celebrating Kissan Day on 18th December!
hfIC9a-Fots,Sarsabz,4,"farmer_recognition: psychological: what being a farmer, and choosing this brand, says about me",salam_kissan,1001255,Kissan Ki Mehnat
QfR5uPqdmjo,Sarsabz,4,"farmer_recognition: psychological: what being a farmer, and choosing this brand, says about me",salam_kissan,1002540,"Salam Kissan, Sarsabz Pakistan"
ewOknRTj03w,Sarsabz,4,"farmer_recognition: psychological: what being a farmer, and choosing this brand, says about me",salam_kissan,485791,Mulk ke tumam mehnatkash kissanon ko Salam!
XzpUJvQMPHc,Sarsabz,4,"farmer_recognition: psychological: what being a farmer, and choosing this brand, says about me",salam_kissan,594000,"Salam Kissan, Sarsabz Pakistan!"
LC0NhNPU1Ic,Sarsabz,4,"farmer_recognition: psychological: what being a farmer, and choosing this brand, says about me",salam_kissan,4000000,Behind every meal is a farmer's hard work.
Zbd2jzKfbJA,Sarsabz,3,"advisory_service: benefit: my crop problem solved, my soil tested",agrimart,1105,Sarsabz AgriMart | Sarsabz Pakistan
t4llON7BskE,Sarsabz,5,women_empowerment: stated belief about women's role in farming,sarsabz_tabeer,8331273,Sarsabz Tabeer | Women's Day | 8th March | Seeds of Change
trjTDIVewic,Sarsabz,1,"brand_goodwill: presence: sponsorship, festive or corporate film; no product or belief claim",multan_sultans,407769,Sahibzada Farhan Prank Called Muhammad Nawaz | Multan Sultans | Sarsabz Ke Sultan
4dJnVYMvYiY,Sarsabz,1,"brand_goodwill: presence: sponsorship, festive or corporate film; no product or belief claim",multan_sultans,436240,Fun Q&A with the Sultans | Shan Masood | Josh Philippe | Multan Sultans | Sarsabz Ke Sultan
_ej_fuU9tBc,Sarsabz,1,"brand_goodwill: presence: sponsorship, festive or corporate film; no product or belief claim",multan_sultans,3206647,Sarsabz Ke Sultan | Multan Sultans
nqlRhFIGVQE,Sarsabz,1,"brand_goodwill: presence: sponsorship, festive or corporate film; no product or belief claim",multan_sultans,340131,Who Would You Call? challenge with Peter Siddle | Multan Sultans | Sarsabz Ke Sultan
sq3D6FPb_SU,Sarsabz,1,"brand_goodwill: presence: sponsorship, festive or corporate film; no product or belief claim",multan_sultans,548928,Phone Explore with Sarsabz Ke Sultans | Josh Philippe & Shan Masood | Multan Sultans
-E_y-BG8OVg,Sarsabz,1,"brand_goodwill: presence: sponsorship, festive or corporate film; no product or belief claim",multan_sultans,238907,Rapid Fire: First Thing That Comes To Your Mind | Josh Philippe | Multan Sultans | Sarsabz Ke Sultan
dslIzat7TEg,Sarsabz,1,"brand_goodwill: presence: sponsorship, festive or corporate film; no product or belief claim",multan_sultans,412166,"Ping Pong Challenge with Sarsabz Ke Sultans | Sahibzada Farhan, Momin Qamar & Muhammad Shehzad"
LFIGQNXRieE,Sarsabz,1,"brand_goodwill: presence: sponsorship, festive or corporate film; no product or belief claim",multan_sultans,72165,Meet And Greet 2026 | Multan Sultans | Fatima Fertilizer
hRGH96GQVVI,Sarsabz,1,"brand_goodwill: presence: sponsorship, festive or corporate film; no product or belief claim",multan_sultans,3980,Training Session with Sarsabz Ke Sultans | Multan Sultans
zcBUkFRCPxs,Sarsabz,1,"brand_goodwill: presence: sponsorship, festive or corporate film; no product or belief claim",multan_sultans,476039,Whisper Challenge with Sarsabz Ke Sultans | Shan Masood & Sahibzada Farhan | Multan Sultans
AskueRyr4S8,Sarsabz,1,"brand_goodwill: presence: sponsorship, festive or corporate film; no product or belief claim",multan_sultans,157783,Rapid Fire: First Thing That Comes To Your Mind | Peter Siddle | Multan Sultans | Sarsabz Ke Sultan
kp7m3tu-Wmg,Sarsabz,1,"brand_goodwill: presence: sponsorship, festive or corporate film; no product or belief claim",multan_sultans,156665,Whisper Challenge with Sarsabz Ke Sultans | Peter Siddle & Josh Philippe | Multan Sultans
v5wZGZg2sjg,Sarsabz,3,yield_increase: benefit: more yield per acre,yield_10pct,8856043,Sarsabz Nitrophos aur CAN | Kapas Ki 10% Se Bhi Ziyada Izaafi Paidawaar
_Vty2bMQ1OA,Sarsabz,3,yield_increase: benefit: more yield per acre,yield_10pct,9851,Sarsabz Nitrophos aur CAN | Kapas Ki 10% Se Bhi Ziyada Izaafi Paidawaar
3a1sdG6PHxE,Sarsabz,2,rewards_prizes: attribute-level reason to buy: scratch code and prize draw,multan_sultans,774586,Sarsabz Golden Ticket 2026 | Sarsabz Ke Sultan | Multan Sultans
IZ7bP6mAk-8,Sarsabz,3,yield_increase: benefit: more yield per acre,yield_10pct,1653850,Rameez Akbar | Sarsabz Nitrophos aur CAN | Dhaan Ki 10% Se Bhi Ziyada Izaafi Paidawaar
SCukBvl3MHc,Sarsabz,3,yield_increase: benefit: more yield per acre,yield_10pct,15966,Dhaan | Sarsabz Nitrophos aur CAN | 10% Se Bhi Ziyada Izaafi Paidawaar
IswTDNz-e1s,Sarsabz,3,yield_increase: benefit: more yield per acre,yield_10pct,10186761,Dhaan | Sarsabz Nitrophos aur CAN | 10% Se Bhi Ziyada Izaafi Paidawaar
kb3q9s9daYI,Sarsabz,5,national_identity: stated belief / way of life: the land and the nation,dil_se_dekho,649957,Dil Se Dekho Sarsabz Pakistan
Tmg7YrMMeiA,Sarsabz,5,national_identity: stated belief / way of life: the land and the nation,dil_se_dekho,655325,Dil Se Dekho Sarsabz Pakistan | Independence Day
DL5JuinAOTk,Sarsabz,5,national_identity: stated belief / way of life: the land and the nation,dil_se_dekho,631118,Dil Se Dekho Sarsabz Pakistan Challenge
_ISTst0Io08,Sarsabz,5,national_identity: stated belief / way of life: the land and the nation,dil_se_dekho,591540,Dil Se Sarsabz Pakistan Challenge
4b26qjL_zSs,Sarsabz,5,national_identity: stated belief / way of life: the land and the nation,dil_se_dekho,889000,Dil Se Dekho Sarsabz Pakistan Challenge
vXhWSuXdzp0,Sarsabz,5,national_identity: stated belief / way of life: the land and the nation,dil_se_dekho,3200,Terms & Conditions
ajbE_bGBhw8,Sarsabz,5,national_identity: stated belief / way of life: the land and the nation,dil_se_dekho,3600,Terms & Conditions | Dil Se Dekho Sarsabz Pakistan
1n9Q5aV4HPo,Sarsabz,2,rewards_prizes: attribute-level reason to buy: scratch code and prize draw,nitrophos_scheme,1360759,Nitrophos Ko Laga aur Jeetaja | Sarsabz Nitrophos Scheme 2026
3JU7-oHy7tQ,Sarsabz,5,national_identity: stated belief / way of life: the land and the nation,dil_se_dekho,539178,Dil Se Sarsabz Pakistan Challenge
dQS_P9jBBBg,Sarsabz,5,national_identity: stated belief / way of life: the land and the nation,dil_se_dekho,2981,Dil Se Dekho Sarsabz Pakistan | Winners | Week 2
asQ7UsItMxw,Sarsabz,5,national_identity: stated belief / way of life: the land and the nation,dil_se_dekho,530063,'Dil Se Sarsabz Pakistan' Challenge
aifZG_1iIls,Sarsabz,5,national_identity: stated belief / way of life: the land and the nation,dil_se_dekho,627596,Dil Se Dekho Sarsabz Pakistan
_tj8fq5mJqk,Sarsabz,5,national_identity: stated belief / way of life: the land and the nation,dil_se_dekho,695202,Dil Se Dekho Sarsabz Pakistan
kL7iZQa88Hw,Sarsabz,5,national_identity: stated belief / way of life: the land and the nation,dil_se_dekho,948524,Dil Se Dekho Sarsabz Pakistan Challenge 2026
MC7yHC9wU-A,Sarsabz,2,rewards_prizes: attribute-level reason to buy: scratch code and prize draw,nitrophos_scheme,9999889,Sarsabz Nitrophos Scheme 2026
qgepwtDDGVk,Sarsabz,5,national_identity: stated belief / way of life: the land and the nation,dil_se_dekho,397,Weekly Winners
gdwxDhhPijo,Sarsabz,5,national_identity: stated belief / way of life: the land and the nation,dil_se_dekho,2500,Dil Se Dekho Sarsabz Pakistan | Winners | Week 1
ea1gvQwEjfQ,Sarsabz,5,national_identity: stated belief / way of life: the land and the nation,dil_se_dekho,560,Winners | Dil Se Dekho Sarsabz Pakistan'
lWpmI7k1Tfw,Sarsabz,5,women_empowerment: stated belief about women's role in farming,sarsabz_tabeer,239,Sarsabz Tabeer | Pickles Training | Sahiwal
khNEmw9NNS8,Sarsabz,5,national_identity: stated belief / way of life: the land and the nation,dil_se_dekho,154,Dil Se Dekho Sarsabz Pakistan | Independence Day | Sarsabz Pakistan
fX1tDsyg_Vk,Engro,1,"brand_goodwill: presence: sponsorship, festive or corporate film; no product or belief claim",corporate,845,Celebrating Global Fertilizer Day: Championing Sustainable Agriculture and Food Security
Ns1pA6eVEwI,Engro,3,"advisory_service: benefit: my crop problem solved, my soil tested",agronomy_education,882,Potassium is an essential nutrient for plant growth
EIEQ5F6EKNM,Engro,3,"advisory_service: benefit: my crop problem solved, my soil tested",agronomy_education,706,Did you know over 98% of Pakistani soils are nitrogen deficient?
kcAWct1cxaU,Engro,3,"advisory_service: benefit: my crop problem solved, my soil tested",ugai_app,602,Engro Fertilizers Introduces #UgAi
iSGJ01EcaLE,Engro,3,"advisory_service: benefit: my crop problem solved, my soil tested",agronomy_education,890,"Phosphorus, a key element for plant development, plays a vital role in improving crop quality"
6xHO16o7jgw,Engro,1,"brand_goodwill: presence: sponsorship, festive or corporate film; no product or belief claim",corporate,323,"Sardar Muhammad Bux Khan Mahar, Minister Agriculture Department - Sindh, praises Engro Fertilizers"
OUZpCk7LFmg,Engro,3,"advisory_service: benefit: my crop problem solved, my soil tested",ugai_app,946,Engro Fertilizers Introduces #UgAi
4cLJbOR7OOQ,Engro,1,"brand_goodwill: presence: sponsorship, festive or corporate film; no product or belief claim",corporate,371,Engro Fertilizers remains committed to transforming Pakistan’s agriculture sector
vzAa5B9JCHI,Engro,1,"brand_goodwill: presence: sponsorship, festive or corporate film; no product or belief claim",corporate,1594,"Atif Mohammad Ali, VP Marketing at Engro Fertilizers"
p_B-49tPa1c,Engro,1,"brand_goodwill: presence: sponsorship, festive or corporate film; no product or belief claim",corporate,1936,"Ali Rathore, CEO of Engro Fertilizers"
b4-2mx_cDBU,Engro,1,"brand_goodwill: presence: sponsorship, festive or corporate film; no product or belief claim",corporate,1230,Hear How the Right Tools Empower Our Farmers | Engro's Commitment to Those Who Nourish the Nation
vOPAFRWUnYA,Engro,1,"brand_goodwill: presence: sponsorship, festive or corporate film; no product or belief claim",corporate,1487,"At Engro, we’re dedicated to supporting those who nourish the nation"
lH6zOift2yM,Engro,1,"brand_goodwill: presence: sponsorship, festive or corporate film; no product or belief claim",corporate,989,Engro Fertilizers is committed to advancing agriculture through innovation and farmer education
C8uHOaUc1QE,Engro,1,"brand_goodwill: presence: sponsorship, festive or corporate film; no product or belief claim",corporate,1009,"Dr. Mohammad Akram Qazi, Chief Scientist at the Soil Fertility and Research Institute, Punjab"
wNS6dzU6Y1Y,Engro,1,"brand_goodwill: presence: sponsorship, festive or corporate film; no product or belief claim",corporate,1280,"Dr. Iqrar Ahmed Khan, Vice Chancellor at the University of Agriculture Faisalabad"
0m194u5gs74,Engro,1,"brand_goodwill: presence: sponsorship, festive or corporate film; no product or belief claim",corporate,264,Atif Mohammad Ali Recently Spoke at a Webinar
B8Dfbbuos2o,Engro,1,"brand_goodwill: presence: sponsorship, festive or corporate film; no product or belief claim",corporate,298,"Atif Mohammed Ali Spoke At The ""Transforming Agriculture for a Food-Secure Pakistan"" Webinar"
WkoYlNMo9_Q,Engro,2,product_quality: attribute: what is in the bag,zabardast_urea,5765481,Engro Zabardast Urea
pZrCwO21kGg,Engro,2,product_quality: attribute: what is in the bag,zarkhez,556232,Engro Zarkhez Khaas - Mehnat ka Phal
2Xjv0jGZgNQ,Engro,4,"farmer_recognition: psychological: what being a farmer, and choosing this brand, says about me",shaandar_kissan,382,Hamid Saleem Waraich Ki Kahani
EvzQ5D4T_n0,Engro,3,"advisory_service: benefit: my crop problem solved, my soil tested",engro_markaz,1312,Inauguration of Engro Markaz in Muridke
_LBuPo1JJrQ,Engro,1,"brand_goodwill: presence: sponsorship, festive or corporate film; no product or belief claim",corporate,2949,"Ali Rathore, CEO of Engro Fertilizers"
Ao2eh3xT7Bw,Engro,1,"brand_goodwill: presence: sponsorship, festive or corporate film; no product or belief claim",corporate,1995,"Atif Mohammad Ali, VP Marketing at Engro Fertilizers"
OAuukDm89XA,Engro,2,product_quality: attribute: what is in the bag,np_plus,310493,Engro NP+
f4-ok6MkBiE,Engro,2,product_quality: attribute: what is in the bag,zarkhez,259709,Engro Zarkhez Plus
TpGslN4HyKA,Engro,2,product_quality: attribute: what is in the bag,zarkhez,157727,Engro SOP Power
TqDKdHmRDxQ,Engro,2,product_quality: attribute: what is in the bag,zarkhez,135652,Engro Zarkhez Khas
SFgYMNsxeIA,Engro,3,"advisory_service: benefit: my crop problem solved, my soil tested",engro_kahanian,18648,Engro Kahanian K Liye Tayyar Hojaye
aKTKmxby5J0,Engro,3,"advisory_service: benefit: my crop problem solved, my soil tested",engro_kahanian,9394,Engro Kahanian K Liye Tayyar Hojaye
W8pw0LiBV7U,Engro,3,"advisory_service: benefit: my crop problem solved, my soil tested",engro_kahanian,852659,Kapas Ki Fasal Ke Masail Ka Hal | Expert Tips from Jamal Khan Khoso
dogCCGV4-qk,Engro,3,"advisory_service: benefit: my crop problem solved, my soil tested",engro_kahanian,93,Pani Ki Kami Ka Hal | Expert Tips from Jamal Khan Khoso
LxLMZNMkEpg,Engro,3,"advisory_service: benefit: my crop problem solved, my soil tested",engro_kahanian,95,Soil Testing Ki Ehmiyat | Expert Tips from Jamal Khan Khoso
syOlbyxd7ZY,Engro,3,"advisory_service: benefit: my crop problem solved, my soil tested",engro_kahanian,1105434,Chawal Ki Fasal Ugana  | Expert Tips from Gul Hasan Soomro
5q-6Px0LGF0,Engro,3,"advisory_service: benefit: my crop problem solved, my soil tested",engro_kahanian,3033,Pani Ki Kami Ka Hal | Expert Tips from Jamal Khan Khoso
20XZxhTMaT8,Engro,3,"advisory_service: benefit: my crop problem solved, my soil tested",engro_kahanian,1801,Soil Testing Ki Ehmiyat | Expert Tips from Jamal Khan Khoso
Gm3TLQrZnw0,Engro,3,"advisory_service: benefit: my crop problem solved, my soil tested",engro_kahanian,155343,Achi Chawal Ki Fasal Ka Raaz | Expert Tips from Gul Hasan Soomro
-vLf3hx4dtM,Engro,3,"advisory_service: benefit: my crop problem solved, my soil tested",engro_kahanian,571809,"Pani Ki Kami Ka Hal, Potash | Expert Tips from Gul Hasan Soomro"
7nZibQHZTOc,Engro,3,"cost_saving: benefit: less cost per acre, more profit",engro_gupshup,33931,Kharcha Kam Aur Munafa Ziada Kaisay Ho? | Launching 8th July
BiB6yWX8-TA,Engro,2,product_quality: attribute: what is in the bag,zabardast_urea,3929993,"Bioactive Zinc Ki Coating Wala, Engro Zabardast Urea!"
tFLnST8oclI,Engro,2,product_quality: attribute: what is in the bag,zabardast_urea,2025460,"Bioactive Zinc Ki Coating Wala, Engro Zabardast Urea!"
iGgCBVZWAxA,Engro,2,product_quality: attribute: what is in the bag,zabardast_urea,169,"Bioactive Zinc Ki Coating Wala, Engro Zabardast Urea!"
edk8IJWX6Wg,Engro,2,product_quality: attribute: what is in the bag,zabardast_urea,4927,"Bioactive Zinc Ki Coating Wala, Engro Zabardast Urea!"
0Tl9sM8rfTg,Engro,4,"farmer_recognition: psychological: what being a farmer, and choosing this brand, says about me",shaandar_kissan,7953,Shaandar Kissan Kay Saath
7r274Ertum0,Engro,4,"farmer_recognition: psychological: what being a farmer, and choosing this brand, says about me",shaandar_kissan,6460,Shaandar Kissan Kay Saath
SG2D2fxaa9s,Engro,4,"farmer_recognition: psychological: what being a farmer, and choosing this brand, says about me",shaandar_kissan,961837,Shaandar Kissan Kay Saath - Shehryar Sipra
Gu4sa_M-LT0,Engro,2,product_quality: attribute: what is in the bag,zabardast_urea,288193,Bioactive Zinc's Importance For Better Yield
F6NgMVsJHtA,Engro,2,product_quality: attribute: what is in the bag,zabardast_urea,66647,Bioactive Zinc's Importance For Better Yield
pozrWVNYswA,Engro,4,"farmer_recognition: psychological: what being a farmer, and choosing this brand, says about me",shaandar_kissan,272030,Shaandar Kissan Kay Saath - Younus Khan Sahab
vPTs1KIXiyA,Engro,3,"advisory_service: benefit: my crop problem solved, my soil tested",engro_kahanian,130,Makkayi Ki Tayyari Ka Kya Hai Sahi Tareeqa - Jaaniya Expert Younus Khan Sahab Ki Zubaani
-gA6dVb9EtQ,Engro,3,"advisory_service: benefit: my crop problem solved, my soil tested",engro_kahanian,3389,Makkayi Ki Tayyari Ka Kya Hai Sahi Tareeqa - Jaaniya Expert Younus Khan Sahab Ki Zubaani
9BexAlbJ5OY,Engro,3,"advisory_service: benefit: my crop problem solved, my soil tested",engro_markaz,2164255,Engro Markaz - Sahulat aur Engro Saath Saath!
JKy2vAWIue8,Engro,3,"advisory_service: benefit: my crop problem solved, my soil tested",engro_markaz,2257,Engro Markaz - Sahulat aur Engro Saath Saath!
_maSjsRF-os,Engro,3,"advisory_service: benefit: my crop problem solved, my soil tested",engro_kahanian,1024595,Aloo Ki Kamiyab Kaasht Kay Tareeqay | Expert Tips From Rana Saeed
7h1DV8Q9pAA,Engro,3,"advisory_service: benefit: my crop problem solved, my soil tested",engro_markaz,316366,Engro Markaz - Sahulat aur Engro Saath Saath!
UFryuqi0EBY,Engro,3,"advisory_service: benefit: my crop problem solved, my soil tested",engro_kahanian,145,Aloo Ki Kamiyab Kaasht Kay Tareeqay | Expert Tips From Rana Saeed
-uDkQ8PWfBE,Engro,3,"advisory_service: benefit: my crop problem solved, my soil tested",engro_kahanian,101,Aloo Ki Kamiyab Kaasht Kay Tareeqay | Expert Tips From Rana Saeed
6k2oCm-wHUU,Engro,3,"cost_saving: benefit: less cost per acre, more profit",engro_gupshup,245,Agar kashtkaar samajhlen mausam ki zubaan tou munafa dugna karna hai buhat asaan! | Engro GupShup
xD_Zkv71A7o,Engro,4,"farmer_recognition: psychological: what being a farmer, and choosing this brand, says about me",shaandar_kissan,1390316,Shaandar Kissan Kay Saath - Kashif Tarrar
ZCrwj1Z9qHQ,Engro,3,"cost_saving: benefit: less cost per acre, more profit",engro_gupshup,9755260,Agar kashtkaar sumjhlen mausam ki zubaan tou munafa dugna karna hai buhat asaan! | Engro GupShup
Cyf2h2bhMnU,Engro,3,"advisory_service: benefit: my crop problem solved, my soil tested",engro_kahanian,131,Gannay Ki Tayyari Ka Kya Hai Sahi Tareeqa | Expert Tips From Kashif Tarrar
EqC9ClN7_bs,Engro,3,"cost_saving: benefit: less cost per acre, more profit",engro_gupshup,1149085,Munafa brhana hua buhat asaan! | Engro GupShup
n3iLvdSVUH8,Engro,2,product_quality: attribute: what is in the bag,tsp,6320888,Engro TSP
PxId1Lwp0W8,Engro,2,rewards_prizes: attribute-level reason to buy: scratch code and prize draw,jeet_ki_baazi,857216,Engro Jeet Ki Baazi
v2ydQF3jJJs,Engro,2,rewards_prizes: attribute-level reason to buy: scratch code and prize draw,jeet_ki_baazi,13805546,Engro Jeet Ki Baazi
1v4YENqLc6E,Engro,2,rewards_prizes: attribute-level reason to buy: scratch code and prize draw,jeet_ki_baazi,1414,Engro Jeet Ki Baazi
7nfv9VgFMJk,Engro,2,product_quality: attribute: what is in the bag,tsp,2864,Engro TSP
sy_ta9JBgLI,Engro,2,rewards_prizes: attribute-level reason to buy: scratch code and prize draw,jeet_ki_baazi,3448538,Engro Jeet Ki Baazi
SeVJH_Jp8Y0,Engro,2,rewards_prizes: attribute-level reason to buy: scratch code and prize draw,jeet_ki_baazi,10536,Engro Jeet Ki Baazi
cCzUZNQ3VnU,Engro,2,rewards_prizes: attribute-level reason to buy: scratch code and prize draw,jeet_ki_baazi,5792,Jeet Ki Baazi | Pehli Qurandazi
702T4wDWXz0,Engro,3,"advisory_service: benefit: my crop problem solved, my soil tested",engro_kahanian,3368648,Gandum Ki Fasal Ke Masail Ka Hal | Expert Tips from Muhammad Azeem Tarhana
uIM5Pwj3Lio,Engro,2,product_quality: attribute: what is in the bag,tsp,824598,Engro TSP
MaLj5IDXrPQ,Engro,2,rewards_prizes: attribute-level reason to buy: scratch code and prize draw,jeet_ki_baazi,19214,Engro Jeet Ki Baazi Mein Hissa Lenay Ka Shukria!
3nxPq0F7BTk,Engro,2,rewards_prizes: attribute-level reason to buy: scratch code and prize draw,jeet_ki_baazi,139275,Engro Jeet Ki Baazi | Dusri Qurandazi Ke Nataij
mvdLrfIsc-I,Engro,3,"advisory_service: benefit: my crop problem solved, my soil tested",engro_kahanian,495,Gandum Ki Kamiyab Kaasht Kay Tareeqay | Expert Tips From Muhammad Azeem Tarhana
_bJSNlC4uF4,Engro,3,"advisory_service: benefit: my crop problem solved, my soil tested",engro_kahanian,183,Gandum Ki Kamiyab Kaasht Kay Tareeqay | Expert Tips From Muhammad Azeem Tarhana
ZrWMwx77CI4,Engro,2,rewards_prizes: attribute-level reason to buy: scratch code and prize draw,jeet_ki_baazi,1837960,Engro Jeet Ki Baazi mein inamat ka silsila abhi jaari hai!
NUfTPhlDILo,Engro,3,"advisory_service: benefit: my crop problem solved, my soil tested",engro_kahanian,3382669,Kaise Paayen Citrus ki Export Quality Paidawar  | Expert Tips From Malik Ghulam Hussain
hhDS0xpByEY,Engro,3,"advisory_service: benefit: my crop problem solved, my soil tested",engro_kahanian,281,Citrus Ko Girnay Se Kaisay Bachayen | Expert Tips From Malik Ghulam Hussain
dds0nkS4ewk,Engro,3,"advisory_service: benefit: my crop problem solved, my soil tested",engro_kahanian,126,Citrus Ke Phal Ka Rung Aur Size Kesay Barhayen | Expert Tips From Malik Ghulam Hussain
weI2a8Frv7w,Engro,3,"advisory_service: benefit: my crop problem solved, my soil tested",engro_kahanian,3471535,Kelay Ki Zabardast Paidawar Ki Tarqeeb | Expert Tips From Shabih Ul Hasan
wNsY4WkM0sA,Engro,3,"advisory_service: benefit: my crop problem solved, my soil tested",engro_kahanian,174,Kelay Ka Size Chota Aur Rang Kharab Hounay Se Kaise Bachayen | Expert Tips From Shabih Ul Hasan
MEyUzabha9I,Engro,3,"advisory_service: benefit: my crop problem solved, my soil tested",engro_kahanian,105,Kelay Ko Achi Khurak Na Milnay Se Kya Hota Hai | Expert Tips From Shabih Ul Hasan
5daQHDkVb84,Engro,3,"advisory_service: benefit: my crop problem solved, my soil tested",mitti_mahir,233,Engro Mitti Mahir
Tqp6jqWwbtI,Engro,3,"advisory_service: benefit: my crop problem solved, my soil tested",mitti_mahir,236,Engro Mitti Mahir
SwXvNcp-0as,Engro,3,"advisory_service: benefit: my crop problem solved, my soil tested",mitti_mahir,562769,Engro Markaz laya hai Engro Mitti Mahir
ktkwXTjgTHQ,Engro,3,"advisory_service: benefit: my crop problem solved, my soil tested",mitti_mahir,3783712,Engro Markaz laya hai Engro Mitti Mahir
lqRK9ZguwIk,Engro,3,"advisory_service: benefit: my crop problem solved, my soil tested",mitti_mahir,198,Engro Mitti Mahir
kpuSYTnZWtw,Engro,1,"brand_goodwill: presence: sponsorship, festive or corporate film; no product or belief claim",engro_musafir,489,ENGRO MUSAFIR
3u4__i2CtmE,Engro,1,"brand_goodwill: presence: sponsorship, festive or corporate film; no product or belief claim",engro_musafir,2438,"Mitti, Logon aur Tajurbon ka Safarnama"
qrPY1rdVFZw,Engro,2,product_quality: attribute: what is in the bag,zarkhez,2784331,Engro Zarkhez Khas - Banaye Jaandar Kapas
nKM-7rBt2TI,Engro,1,"brand_goodwill: presence: sponsorship, festive or corporate film; no product or belief claim",engro_musafir,518,"Engro Musafir - Mitti, Logon aur Tajurbon ka Safarnama"
-3rGxjGXHUE,Engro,2,product_quality: attribute: what is in the bag,zarkhez,228,Engro Zarkhez Khas - Banaye Jaandar Kapas
L-_ijds4aDc,Engro,2,product_quality: attribute: what is in the bag,zarkhez,454,Engro Zarkhez Khas - Banaye Jaandar Kapas
FAwSJRVQBlI,Engro,2,product_quality: attribute: what is in the bag,zarkhez,503,Engro Zarkhez Khas - Banaye Jaandar Kapas
iKULAwgM5s0,Engro,2,product_quality: attribute: what is in the bag,zarkhez,467,Engro Zarkhez Khas - Banaye Jaandar Kapas
ygty-MyQ4FU,Engro,1,"brand_goodwill: presence: sponsorship, festive or corporate film; no product or belief claim",engro_musafir,327,"Mitti, Logon Aur Tajurbon Ke Safarnama"
Z2QyjYFTosM,Engro,3,"advisory_service: benefit: my crop problem solved, my soil tested",engro_markaz,3011258,Engro Markaz - Kisaan Ka Markaz e Yaqeen
EVKls2DX8sc,Engro,2,product_quality: attribute: what is in the bag,zabardast_urea,5858096,Engro Zabardast Urea - Fasal Ko Mila Gehra Hara Rung
xMX_IWM-ZFM,Engro,3,"advisory_service: benefit: my crop problem solved, my soil tested",engro_markaz,1846707,Aap ki sahoolat ke lie Engro laya Engro Markaz App
IXIBWtUyIGM,Engro,3,"advisory_service: benefit: my crop problem solved, my soil tested",engro_markaz,1342575,Engro Markaz - Kisaan Ka Markaz e Yaqeen
WAiQqHxEsn4,Engro,3,"advisory_service: benefit: my crop problem solved, my soil tested",engro_markaz,525,Engro Markaz - Kisaan Ka Markaz e Yaqeen
JLF7A2DGZeE,Engro,2,product_quality: attribute: what is in the bag,zabardast_urea,743,Engro Zabardast Urea - Fasal Ko Mila Gehra Hara Rung
Avny4IkGxJQ,Engro,2,product_quality: attribute: what is in the bag,zabardast_urea,5490603,Engro Zabardast Urea - Fasal Ko Mila Gehra Hara Rung
j-uW7Ns-X1Y,Engro,2,authenticity: attribute: a verifiable seal on the bag,dap_bharosa_seal,1567533,اينگرو ڊي-اي-پي ڀروسو سيل - چمڪي ته اصل، نه چمڪي ته نقل
x0eEnOvPOpE,Engro,2,authenticity: attribute: a verifiable seal on the bag,dap_bharosa_seal,160,"Engro DAP Bharosa Seal - Chamkay Toh Asal, Na Chamkay Toh Naqal"
C_haqOPHIcU,Engro,5,national_identity: stated belief / way of life: the land and the nation,corporate,168,"Engro Fertilizers - Kisaan Zindabad, Pakistan Paindabad"
-j6r7QmAfkg,Engro,3,"cost_saving: benefit: less cost per acre, more profit",engro_gupshup,179,"Kam Kharch, Zyada Paidawar! Makai aur Chawal ki Kasht Mein Bachat aur Munafe ke Raaz | Engro Gupshup"
M8tuGFNe050,Engro,3,"advisory_service: benefit: my crop problem solved, my soil tested",engro_markaz,88341,Engro Markaz App Par Payen 500 Rupay Cashback!
owJ54zP1sbw,Engro,3,"cost_saving: benefit: less cost per acre, more profit",engro_gupshup,3609965,"Kam Kharch, Zyada Paidawar! Makai aur Chawal ki Kasht Mein Bachat aur Munafe ke Raaz | Engro Gupshup"
p_y5eKMdgVM,Engro,2,authenticity: attribute: a verifiable seal on the bag,dap_bharosa_seal,86,Engro DAP Bharosa Seal ki SMS ke zariye tasdeeq karne ka tareeqa
