brand,brand_building,tactical_promo,product_feature,corporate_pr,recruitment,calendar_topical,csr,ugc_repost
Adamjee Life Assurance,0,0,5,3,1,2,1,0
Al Meezan Investments,3,0,4,2,1,1,1,0
Askari Life Assurance,6,0,6,0,0,0,0,0
Dawood Family Takaful,3,0,4,0,0,5,0,0
EFU Life Assurance,2,4,3,2,0,0,1,0
EFU Life Window Takaful,0,0,7,3,0,1,1,0
IGI Life Insurance,4,1,3,1,0,2,1,0
Jubilee Life Insurance,1,3,4,0,1,0,0,3
Pak-Qatar Family Takaful,0,0,7,4,0,0,1,0
State Life Insurance Corporation of Pakistan,4,0,1,4,0,3,0,0
TPL Life Insurance,0,0,8,2,0,2,0,0
UBL Fund Managers,0,0,4,3,3,2,0,0
