campaign,year_brief,url
Salam Kissan,2020,https://youtu.be/pvdFiE4RmKE
Salam Kissan,2021,https://youtu.be/llIKvpyxhKM
Salam Kissan,2023,https://youtu.be/PX7Lvjs639U
Sarsabz Tabeer IWD,2026,https://youtu.be/t4llON7BskE
Sarsabz Tabeer initiative,2022,https://youtu.be/gyxlIkVCYDs
Sarsabz Ki Jeet,,https://youtu.be/jXq69MvtD7Q
Sarsabz Ki Jeet,,https://youtu.be/GWnmS-0jngw
Womens Day,2025,https://youtu.be/C9aI_qRxk-A
Ramzan,2025,https://www.youtube.com/watch?v=BYeaJSav0Io
Ramzan,2024,https://www.youtube.com/watch?v=HKvtByXSNG4
Jeet Ka Ab Tu Jashan Mana,2022,https://youtu.be/G7rKswE9-sA
Sarsabz Kahani,2020,https://youtu.be/BHE1m_xkfwY
Sarsabz Kahani,2020,https://youtu.be/M74hN1rSrQw
Sarsabz Kahani,2020,https://youtu.be/byJMWfP6sJI
Rabia Sultan testimonial,2018,https://youtu.be/-tJ22-R8dxU
