campaign,year_brief,url,video_id,status,title,channel,published,views,length_sec,description
Salam Kissan,2020,https://youtu.be/pvdFiE4RmKE,pvdFiE4RmKE,OK,Salam Kissan won Best Digital Campaign Award at PDA 2020 | Sarsabz | Overview,Sarsabz,2020-10-15,1424,91,"Salam Kissan- BDigital's objectively crafted campaign highlighting Sarsabz (Fatima Fertilizers) thoughtful narrative to recognize the farmers of Pakistan, gets awarded as the ""Best Digital Campaign"" of the year at Pakistan Digital Awards 2020.  The beauty of the campaign lies in how it reached out to more than 9.9M people across multiple platforms (i.e. Facebook, YouTube, Twitter plus Instagram) & all segments of society to evoke the sentiments of gratitude for the farmers and reminded everyone to stop for a moment to look around and realize the impact of Kissan’s contribution to our everyday "
Salam Kissan,2021,https://youtu.be/llIKvpyxhKM,llIKvpyxhKM,OK,Salam Kissan 2021 | Kissan Day | A Tribute to Farmers by Sarsabz Fertilizers,Sarsabz,2021-12-11,13085382,210,A tribute to the hardworking farmers of Pakistan by Sarsabz Fertilizers. Let’s celebrate Kissan Day on 18th December Nationwide and thank them for taking care of the food security of our country. Share your tribute using #SalamKissan #SarsabzPakistan #KissanDay  Video Director: Jami Singer: Mai Dhai & Shani Arshad  Music Composition: Shani Arshad Lyricist: Sabir Zafar Concept: Saima Saleem Production House: Azadfilm
Salam Kissan,2023,https://youtu.be/PX7Lvjs639U,PX7Lvjs639U,OK,Salam Kissan | Kissan Day 18th Dec | A Tribute to Farmers by Sarsabz Fertilizer,Sarsabz,2023-12-10,22627461,255,"Sarsabz Fertilizer proudly continues its tradition of honoring the relentless dedication of farmers, the backbone of our nation, who tirelessly fuel our prosperity. Join us in saluting the resilience and spirit of these farming heroes as we celebrate Kissan Day on December 18th. We recognize and stand by our farmers, commemorating their hard work and unwavering commitment that drives our nation forward.  #SalamKissan #SarsabzPakistan #KissanDay  Produced by: Azadfilm Company  Directed by: Jami (DGP Member)  Music composer: Shani Haider Lyrics by: Sabir Zafar Singers: Shani Haider and Nirmila B"
Sarsabz Tabeer IWD,2026,https://youtu.be/t4llON7BskE,t4llON7BskE,OK,Sarsabz Tabeer | Women's Day | 8th March | Seeds of Change,Sarsabz,2026-03-07,8331273,187,"Across Pakistan, countless women farmers work the land, grow our food, and sustain our communities, yet their stories often remain unseen.  Sarsabz Tabeer’s Seeds of Change shines a light on their strength, resilience, and unwavering dedication. It is a tribute to the women who nurture not only their fields, but also their families, their communities, and the future of our nation.  This Women's Day, we celebrate the hands that sow the seeds of change.   #SarsabzTabeer #IWD #WomensDay2026 #SarsabzPakistan #SeedsOfChange    Brands Team: Haris Ahmed Khan, Noor Malik, Usman Sharif Director: Jami P"
Sarsabz Tabeer initiative,2022,https://youtu.be/gyxlIkVCYDs,gyxlIkVCYDs,OK,Sarsabz Tabeer | Sarsabz Pakistan,Sarsabz,2023-09-22,194215,238,"Sarsabz Tabeer is an innovative project aimed at empowering female farmers. This initiative highlights the determination and vigor of female farmers and seeks to uplift their valuable contributions to agriculture. Through training and support, the initiative strives to empower female farmers, fostering an inclusive and brighter future. #SarsabzPakistan #SarsabzTabeer"
Sarsabz Ki Jeet,,https://youtu.be/jXq69MvtD7Q,jXq69MvtD7Q,OK,Shahid Abbas Khan | Punjab Gandum Paidawaari Muqabla | Sarsabz Ki Jeet,Sarsabz,2025-10-18,4927490,51,"DG Khan ke Shahid Abbas Khan ne Punjab Gandum Paidawaari Muqablay mein Sarsabz Nitrophos aur CAN gawara ke istemaal se jeeti teesri position, aur hasil ki 69 man 29 kilo fi-acre ki lajawab paidawaar!   40 mein se 34 azlaa mein hui Sarsabz kissanon ki jeet!  #SarsabzPakistan #SarsabzKiJeet #SarsabzNitrophos #SarsabzCAN"
Sarsabz Ki Jeet,,https://youtu.be/GWnmS-0jngw,GWnmS-0jngw,OK,Sarsabz Ki Jeet | Punjab Gandum Paidawaari Muqabla | Gandum Ki 10% Izaafi Paidawaar,Sarsabz,2025-10-18,7527502,70,Punjab Gandum Paidawaari Muqablay mein Sarsabz kissanon ne pehli teen positions jeet kar sabit kar diya ke Sarsabz Nitrophos aur CAN se milay gandum ki 10% se bhi ziyada paidawaar.   40 mein se 34 azlaa mein hui Sarsabz kissanon ki jeet.   #SarsabzPakistan #SarsabzKiJeet #SarsabzNitrophos #SarsabzCAN
Womens Day,2025,https://youtu.be/C9aI_qRxk-A,C9aI_qRxk-A,OK,Iss Mitti Ki Beti | Women's Day | 8th March | Fatima Fertilizer,Sarsabz,2025-03-07,1088887,106,"Es saal auraton ka aalmi din un khawateen ke naam, jin ki mehnat ki daastanein es dharti ki sanson mein basi hein! Khawateen ke es aalmi din per Pakistan ki tumam betiyon ko Fatima Fertilizer ka Salam!  #DaughtersOfTheSoil #WomensDay #FatimaFertilizer #SarsabzPakistan"
Ramzan,2025,https://www.youtube.com/watch?v=BYeaJSav0Io,BYeaJSav0Io,OK,Faslon Ko Takalluf | Atif Aslam | Ramzan 2025 | Sarsabz Fertilizer,Sarsabz,2025-03-14,25191498,231,"Ramzan-ul-Mubarak - Rehmat, Barkat aur Maghfirat ka mahina, jismay rehmat ka darwaza hamesha khula rehta hai, aur har sajday se dilon mein noor bharta hai!  Sarsabz Fertilizer ki jaanib sey umat-e-muslima aur tumam kissanon ko Ramzan ki khushiyaan aur ronaqein bohat mubarak!  #SarsabzPakistan #Ramzan2025 #SarsabzNaat2025 #AtifAslam    Singer: Atif Aslam  Director: Asim Raza Fatima Fertilizer Team: Mariam Naeem Siddiqi, Fahad Mehmood, Muzaffar Mazari and Mahnoor Ahmad Khan Production House: Rock n Roll Productions  Composer: Sahir Ali Bagga Special Thanks: Shahzad Aslam"
Ramzan,2024,https://www.youtube.com/watch?v=HKvtByXSNG4,HKvtByXSNG4,OK,Allah Hu Allah Hu | Atif Aslam | Ramzan 2024 | Sarsabz Fertilizer,Sarsabz,2024-03-11,36061926,283,"Ramzan-Ul-Kareem - Naimaton ka khazeena aur barkaton ka mahina!  Sarsabz Fertilizer ki jaanib sey umat-e-muslima aur tumam kissanon ko Ramzan ki khushiyaan aur ronaqein bohat bohat mubarak!  Rehmat-o-Barkat hai Ramzan, Sarsabz Pakistan!  #SarsabzPakistan #Ramadan2024 #AtifAslam   Singer: Atif Aslam Director: Jami Fatima Fertilizer Team: Mariam Naeem Siddiqi, Semal Atif and Muzzafar Mazari  Special Thanks: Shahzad Aslam Wardrobe: Muneeb Nawaz Makeup: Sajid Asst Director: Saima Composer: Ahsan Pervaiz  Spotify: https://open.spotify.com/track/1gWOXdwhktUXskDPgYiafD?si=ba9b2aca87374caf"
Jeet Ka Ab Tu Jashan Mana,2022,https://youtu.be/G7rKswE9-sA,G7rKswE9-sA,OK,"Jeet Ka Ab Tu Jashan Mana, NP Ko Laga aur Jeetaja | Sarsabz",Sarsabz,2022-05-18,9709906,82,Sarsabz NP laya apnay Kissan bhaiyoon ke liye beyshumaar keemti inamaat jeetnay ka mauqa! Aaj hee NP ki bori khareedein aur us pey lagay sticker ka code apnay naam ke saath 03000300641 per sms bhejein! #SarsabzNP #SarsabzPakistan
Sarsabz Kahani,2020,https://youtu.be/BHE1m_xkfwY,BHE1m_xkfwY,OK,Dahani | Sarsabz Kahani #3 | Short Film,Sarsabz,2023-11-11,4737680,940,"In this riveting episode of 'Sarsabz Kahani,' witness the transformative odyssey of Shahnawaz Dahani. From the quiet corners of rural Pakistan to the thunderous applause on the cricketing stage, this short film unveils the unspoken challenges, the sacrifices, and the unwavering determination that shaped Shahnawaz's extraordinary journey. This is more than a story; it's a symphony of grit and passion, where resilience meets triumph. Join us in this cinematic portrayal of a cricketing legend in the making.  #SarsabzKahani #Dahani #SarsabzPakistan  Sarsabz Kahani, is an initiative of Sarsabz Fert"
Sarsabz Kahani,2020,https://youtu.be/M74hN1rSrQw,M74hN1rSrQw,OK,Khaki Desan | Sarsabz Kahani #2 | Short Film,Sarsabz,2022-07-09,6350204,724,"Our motherland gives birth to another courageous Sarsabz Kahani of entrepreneurship and love for our culture and heritage - Khaki Desan. Experience how Jugnu Mohsin, an entrepreneur and public figure, struggles to bring back the lost gem of cotton crop - Khaki Desan back to life!  Sarsabz Kahani, is an initiative of Sarsabz Fertilizers a specialty brand from world-class manufacturer Fatima Fertilizer. It seeks to bring true stories from Pakistan's rural community to the world in a series of short film.  Sarsabz Fertilizer stands for Growth, Progress and Innovation in Agriculture sector.  • We "
Sarsabz Kahani,2020,https://youtu.be/byJMWfP6sJI,byJMWfP6sJI,OK,Nazo | Sarsabz Kahani #1 | Short Film,Sarsabz,2020-12-18,15577954,690,"From Sindh, comes the story of a valiant girl Nazo who represents the courageous and incredibly resilient women from rural Pakistan. For farmers, land is like their mother and they will never abandon it no matter what the cost.   Sarsabz Kahani, is an intiative of Sarsabz Fertilizers a specialty brand from world-class manufacturer Fatima Fertilizer. It seeks to bring true stories from Pakistan's rural community to the world in a series of short film.  Sarsabz Fertilizer stands for Growth, Progress and Innovation in Agriculture sector.  • We are the voice of farmers – fearless & bold • We are a"
Rabia Sultan testimonial,2018,https://youtu.be/-tJ22-R8dxU,-tJ22-R8dxU,OK,Highest Cotton Yield in Punjab - Rabia Sultan's Testimonial,Sarsabz,2018-06-07,6964,65,"Rabia Sultan, a progressive farmer from Pakistan and president of Farmer Association of Pakistan tells us her story of becoming a farmer. In 2017, she clinched the 1st Prize for Farmer-Farmer competition on Cotton organized by Govt. of Punjab. Sarsabz Fertilizer has stood beside her throughout her journey and has managed to give her more than 10% increase in yield for cotton compared to regular fertilizers!"
