brand,brand_corporate,convenience_digital,education_marriage,faith_compliance,national_trust,other,price_affordability,protection,retirement,savings_return
State Life Insurance Corporation of Pakistan,4,0,0,1,3,1,0,3,0,0
EFU Life Assurance,2,4,0,0,1,3,2,0,0,0
Jubilee Life Insurance,1,6,0,0,1,2,2,0,0,0
Adamjee Life Assurance,1,2,0,0,3,6,0,0,0,0
IGI Life Insurance,2,0,1,0,2,3,1,3,0,0
Askari Life Assurance,1,0,1,0,0,6,0,3,0,1
TPL Life Insurance,1,0,0,2,1,0,2,6,0,0
Pak-Qatar Family Takaful,3,0,0,0,1,3,0,1,2,2
Dawood Family Takaful,0,1,0,2,2,6,0,1,0,0
EFU Life Window Takaful,2,3,0,1,1,4,0,0,0,1
Al Meezan Investments,2,2,0,2,1,1,0,0,0,4
UBL Fund Managers,3,4,0,1,1,2,0,0,0,1
