brand,ring,notes
State Life Insurance Corporation of Pakistan,client,"Market leader in life; state-owned. Sovereign backing + tied agency network are the assets competitors cannot copy."
EFU Life Assurance,direct,"Largest private life insurer. Heavy bancassurance distribution."
Jubilee Life Insurance,direct,"Aga Khan / Habib group. Strong bancassurance and digital presence."
Adamjee Life Assurance,direct,"MCB-linked distribution."
IGI Life Insurance,direct,"Packages group. Smaller, affluent skew."
Askari Life Assurance,direct,"Army Welfare Trust linked - note it also claims an institutional-trust territory."
TPL Life Insurance,direct,"Digital-first challenger; check convenience_digital claim."
Pak-Qatar Family Takaful,adjacent,"Dedicated family Takaful operator."
Dawood Family Takaful,adjacent,"Dedicated family Takaful operator."
EFU Life Window Takaful,adjacent,"Search separately from EFU Life - window operations advertise under their own page names."
Jubilee Life Window Takaful,adjacent,"Search separately from Jubilee Life."
Adamjee Life Window Takaful,adjacent,"Search separately from Adamjee Life."
Postal Life Insurance,substitute,"State-run alternative; low advertising expected but confirm."
Central Directorate of National Savings,substitute,"Competes for the same protection/savings wallet - certificates, pension schemes."
Al Meezan Investments,substitute,"Shariah-compliant savings and retirement funds - competes for faith_compliance + retirement."
UBL Fund Managers,substitute,"Retirement and savings funds."
