post_id,product_focus,audience_generation,content_type,who_is_in_frame,production_value,ecosystem_push,campaign_platform,language_lead
Dcd2vnBE2WW,brand,mixed,calendar_topical,none_people,template_graphic,no,,equal
DcdSRaYDJgx,brand,genz,corporate_pr,staff,event_photo,no,,english_first
DcK3NfajCKE,brand,genx,corporate_pr,executive,event_photo,no,,english_first
DcByD4DDwQZ,brand,mixed,calendar_topical,none_people,template_graphic,no,,english_first
Db_cOMoDCos,brand,mixed,calendar_topical,customer,studio,no,Har Khwab Rahe Azaad,english_first
Db5AI2Joex3,brand,genx,corporate_pr,executive,event_photo,no,,english_first
Db40vJeDIdE,E-Kachehri,mixed,product_feature,none_people,template_graphic,no,,equal
DbzJUzCgQRC,brand,geny,brand_building,none_people,studio,no,Plan Ahead With State Life,english_first
DbygIFcEQfj,brand,geny,brand_building,customer,studio,no,Plan Ahead With State Life,english_first
Dbx2qijjH7a,brand,geny,brand_building,customer,studio,no,Plan Ahead With State Life,english_first
DbfQOFYn5_V,brand,genx,corporate_pr,executive,event_photo,no,,english_first
DbOTNzjlDXw,brand,mixed,brand_building,none_people,template_graphic,no,,english_first
DVdIMC4DE8k,brand,genx,corporate_pr,executive,studio,no,,english_first
DciavMlFF7k,PRIMUS,genz,tactical_promo,none_people,stock,yes,,english_first
Dca_LdWEWTe,Thrive,genz,product_feature,none_people,template_graphic,yes,,english_first
DcazN3EASRP,EFU Life WIN,genz,brand_building,none_people,template_graphic,yes,,english_first
DcVip3mjbwg,PRIMUS,geny,tactical_promo,none_people,stock,yes,,english_first
DcQZIsPGrnn,PRIMUS,geny,tactical_promo,none_people,stock,yes,,english_first
DcN7TnYjVis,Nexus Pro,genx,corporate_pr,none_people,template_graphic,no,,urdu_first
DcNp6fnjfJU,EFU Life mHealth,genx,product_feature,none_people,template_graphic,yes,,english_first
DcLWVP1DdZh,EFU Life WIN,genz,tactical_promo,none_people,template_graphic,yes,,english_first
DcK-QqLHBqA,brand,mixed,csr,staff,event_photo,no,,english_first
DcI9D_fEq-g,brand,geny,brand_building,expert,studio,no,,english_first
DcI7gFrAP1p,Thrive,genz,product_feature,none_people,template_graphic,yes,,english_first
DaKLEGSh1X5,brand,mixed,brand_building,customer,studio,no,Befiker Mustaqbil,english_first
DciVEastwvH,Jubilee Active,genz,ugc_repost,customer,ugc,yes,,english_first
DceHneNo1lK,Jubilee Active,genz,product_feature,customer,ugc,yes,,english_first
DcdnGakiGqB,brand,genz,recruitment,none_people,template_graphic,no,,english_first
Dcdf27ktk9U,Jubilee Active,genz,product_feature,customer,ugc,yes,,english_first
DcdXP-dJM0H,Jubilee Active,genz,ugc_repost,customer,ugc,yes,,english_first
DcdGTrliAY6,Jubilee Active,genz,tactical_promo,none_people,stock,yes,,english_first
Dcc1kliCaRT,WhatsApp service,geny,product_feature,none_people,template_graphic,yes,,english_first
Dcc1kfVAQlg,Jubilee Active,geny,tactical_promo,none_people,template_graphic,yes,,english_first
Dcbi4YpNL_0,Jubilee Active,genz,ugc_repost,customer,ugc,yes,,english_first
DcbbO6GsuM_,Jubilee Active,genz,product_feature,customer,ugc,yes,,english_first
DcaZMaQiguj,Jubilee Active,geny,tactical_promo,none_people,template_graphic,yes,,english_first
DVN44h_ABrE,Adamjee Life App,geny,product_feature,none_people,studio,yes,,english_first
DU-cDpIgMZ1,Adamjee Life App,geny,product_feature,customer,studio,yes,,english_first
DUvXTlGAams,Adamjee Life App,geny,product_feature,customer,studio,yes,,english_first
DcajWyjje2Z,Adamjee Life App,genx,product_feature,customer,studio,yes,Kabhi bhi Kahin bhi,english_first
DcVULHvFxlK,brand,genz,recruitment,none_people,template_graphic,no,,english_first
DcTWqQPDa_e,brand,mixed,corporate_pr,executive,event_photo,no,,english_first
DcQg_ZWDSdB,Adamjee Life App,geny,product_feature,none_people,template_graphic,yes,Kabhi bhi Kahin bhi,english_first
DcEXyLqIlf9,brand,mixed,corporate_pr,staff,event_photo,no,,english_first
DcAxZVCjv1L,brand,mixed,calendar_topical,staff,event_photo,no,,english_first
DcAaAdSDE4I,brand,mixed,corporate_pr,staff,event_photo,no,,english_first
Db_kUlJjaX7,brand,mixed,csr,staff,event_photo,no,,english_first
Db_cNbHD-Xo,brand,mixed,calendar_topical,none_people,studio,no,The Home to Every Life,english_first
DciNdoxjbDG,IGI Life Vitality,geny,product_feature,customer,stock,no,,english_first
Dcdab3GFWHn,brand,mixed,csr,staff,event_photo,no,,english_first
DcasP2TjOGX,brand,geny,brand_building,customer,studio,no,,english_first
DcN-s7Moy5R,brand,genz,corporate_pr,staff,event_photo,no,,english_first
DcN0QDWCNxB,IGI Life Vitality,geny,product_feature,customer,stock,no,,english_first
DcLPa5CD6T0,brand,geny,brand_building,none_people,template_graphic,no,Life Insurance Myth,english_first
DcBMHQKo-v6,brand,mixed,calendar_topical,staff,event_photo,no,,english_first
DcATDr3j3PY,brand,mixed,calendar_topical,none_people,template_graphic,no,,english_first
Db-Jv0bDaPD,IGI Life Vitality,geny,product_feature,none_people,stock,no,,english_first
Db7rzY9AVzh,brand,genz,brand_building,none_people,template_graphic,no,Life Insurance Myth,english_first
Db2v7eQDbqi,IGI Life Vitality,genz,tactical_promo,none_people,stock,yes,,english_first
DbvBkKNihue,brand,genz,brand_building,none_people,template_graphic,no,Life Insurance Myth,english_first
DKymkdrNBgN,brand,geny,brand_building,customer,studio,no,Iraada Karo / Jeeto Har Ghari,english_first
DKymitONopz,brand,geny,brand_building,customer,studio,no,Iraada Karo / Jeeto Har Ghari,english_first
DKymg91NZ_o,brand,geny,brand_building,customer,studio,no,Iraada Karo / Jeeto Har Ghari,english_first
DcdED9xHHlD,Golden Path,geny,product_feature,none_people,template_graphic,no,,english_first
DcS3gNbErb4,Golden Path,geny,product_feature,none_people,template_graphic,no,,english_first
DcIqpNlnO6e,brand,geny,brand_building,none_people,studio,no,Iraada Karo / Jeeto Har Ghari,urdu_first
Db-rn1YNn8B,brand,geny,brand_building,customer,studio,no,Iraada Karo / Jeeto Har Ghari,english_first
Db2YMNtk5rg,Family Takaful,geny,product_feature,none_people,studio,no,,english_first
Dbk1r-mnNNk,Golden Path,geny,product_feature,customer,studio,no,,english_first
DbYIN_GnLR2,brand,genz,brand_building,customer,studio,no,Iraada Karo / Jeeto Har Ghari,english_first
DbH_qeKnBPu,Education Plan,geny,product_feature,customer,studio,no,,english_first
DawwI8XlG62,Education Plan,geny,product_feature,customer,studio,no,,english_first
DcK1y_ngGU4,Globewell,genx,product_feature,none_people,studio,no,,english_first
DcAifPGiqQj,brand,mixed,calendar_topical,none_people,template_graphic,no,,english_first
Db7pvpIFvNs,brand,genx,corporate_pr,executive,event_photo,no,,english_first
Db2NdLgCO4g,Globewell,geny,product_feature,customer,studio,no,,english_first
DbpYV5UDu4L,brand,genx,corporate_pr,executive,event_photo,no,,english_first
DbSMK7XCNHi,Globewell,geny,product_feature,customer,studio,no,,english_first
DbAO2HPgPVi,Globewell,geny,product_feature,customer,studio,no,,english_first
DauMnaKgFfh,Globewell,geny,product_feature,customer,studio,no,,english_first
DZUBKHvCK9b,Sehat Zindagi,mixed,product_feature,customer,studio,no,,english_first
DZHJYUpgGo4,Sehat Zindagi,mixed,product_feature,expert,studio,no,,english_first
DY04PKAiNdu,brand,mixed,calendar_topical,none_people,template_graphic,no,,english_first
DYWPP3_ACKa,Globewell,geny,product_feature,customer,studio,no,,english_first
DciELVJiOxw,Group Health Takaful,genx,product_feature,none_people,stock,no,,english_first
DcdG-TJiCOi,brand,mixed,corporate_pr,staff,event_photo,no,,english_first
DcaX5R-CNB3,Lifetime Kafalat Plan,genx,product_feature,customer,studio,no,,english_first
DcQs_BUjKCa,Mahana Bachat,geny,product_feature,customer,studio,no,,english_first
DcOOz4CjJ_4,Voluntary Pension Scheme,genx,product_feature,customer,studio,no,,english_first
Db-9UNvjBoR,brand,genx,corporate_pr,executive,event_photo,no,,english_first
Db5B8ZcDDwK,Pension Fund Manager,genx,corporate_pr,none_people,template_graphic,no,,english_first
DbvX7bhPajD,Mahana Bachat,geny,product_feature,none_people,template_graphic,no,,urdu_first
DbUy7M5DMow,brand,mixed,csr,none_people,template_graphic,no,,english_first
DbKhUFcPC8Z,brand,geny,product_feature,customer,studio,no,,english_first
DbDTAzQDIBc,brand,genx,corporate_pr,executive,event_photo,no,,english_first
DbAYGZ1DF0h,Mahana Bachat,geny,product_feature,customer,studio,no,,english_first
DKg6sGpNq_k,Sarmaya Takaful Plan,geny,product_feature,customer,stock,no,,english_first
DKcJknbtstL,brand,geny,brand_building,none_people,template_graphic,no,,english_first
DKUmrwSOwIY,brand,mixed,calendar_topical,celebrity,template_graphic,no,,english_first
DKRI67-tiN4,brand,mixed,brand_building,none_people,template_graphic,no,,english_first
DKLt2M6v0Dc,brand,mixed,calendar_topical,none_people,template_graphic,no,,english_first
DKHIC7_tjkx,Samar Takaful,geny,product_feature,none_people,template_graphic,no,,english_first
DJ_kjMmtmkh,brand,mixed,brand_building,none_people,template_graphic,no,,english_first
DJ0_ugxt7-x,brand,geny,product_feature,none_people,template_graphic,yes,,english_first
DJqqGDsNdlO,Sahulat Plan,geny,product_feature,none_people,template_graphic,no,,english_first
DJlsQMStTvl,brand,mixed,calendar_topical,none_people,template_graphic,no,,english_first
DJbGZ9lodTR,brand,mixed,calendar_topical,none_people,template_graphic,no,,urdu_first
DJWnn_7oIze,brand,mixed,calendar_topical,none_people,template_graphic,no,,english_first
DcDdjWLjnQY,EFU Life mHealth,genx,product_feature,none_people,template_graphic,yes,,english_first
DcA0mhrONio,brand,mixed,calendar_topical,none_people,template_graphic,no,,english_first
DbupP4oM3Md,EFU Life mHealth,geny,product_feature,none_people,template_graphic,yes,,english_first
DbuoyOFsZIx,Federal Hemayah Pension Fund,genx,corporate_pr,none_people,template_graphic,no,,english_first
DbM8kFHMcF6,brand,mixed,csr,none_people,template_graphic,no,,english_first
Da5c7P7s9ny,EFU LifeBot,geny,product_feature,none_people,template_graphic,yes,,english_first
Damvw69uB1A,Hemayah x BankIslami,mixed,corporate_pr,none_people,template_graphic,no,,english_first
DaK2RcqDMW6,brand,genx,corporate_pr,executive,studio,no,,english_first
DaAcbOdDHuo,Hemayah Retirement,genx,product_feature,customer,studio,no,,english_first
DaAbyhfsHKW,Hemayah Retirement,genx,product_feature,customer,studio,no,,english_first
DaAZZPsMq9M,Hemayah Retirement,geny,product_feature,none_people,template_graphic,no,,english_first
DaAYLFMM81j,Hemayah Takaful Podcast,genx,product_feature,expert,studio,no,,english_first
Dbd2rDrEYya,Market research,genx,brand_building,executive,studio,no,,english_first
Da6_VMcjBTw,Market research,genx,brand_building,none_people,template_graphic,no,,english_first
Dci2Jq3DQGJ,brand,genx,corporate_pr,executive,event_photo,no,,english_first
Dcik9WYjupP,brand,mixed,corporate_pr,staff,event_photo,no,,english_first
Dcf7OwnjP6V,brand,genz,recruitment,none_people,template_graphic,no,,english_first
DcfTi9zijsM,brand,mixed,calendar_topical,none_people,template_graphic,no,,equal
Dcdq4IbNeul,Meezan Funds Online,genz,product_feature,none_people,template_graphic,yes,,english_first
DcaT_zvjFTc,Home Builder Plan,geny,product_feature,none_people,template_graphic,no,,english_first
DcTGy3DFNJi,Meezan Tahaffuz Pension,genz,brand_building,none_people,template_graphic,no,Myth & Fact,english_first
DcNvAhKDByh,brand,mixed,corporate_pr,none_people,template_graphic,no,,english_first
DcLPygWAXyz,Meezan Funds Online,geny,product_feature,none_people,template_graphic,yes,,english_first
DcIqvkLFGD5,Meezan Funds Online,geny,product_feature,none_people,template_graphic,yes,,english_first
DNkisDyMwXu,Al-Ameen Funds App,geny,product_feature,none_people,template_graphic,yes,,english_first
DLj9FzXI_3H,UBL Funds App,geny,product_feature,none_people,template_graphic,yes,,english_first
C0MOKhSocyS,UBL Funds App,geny,product_feature,none_people,template_graphic,yes,,english_first
DceOx12CGcI,brand,mixed,calendar_topical,none_people,template_graphic,no,,equal
DcdL47_jIrP,brand,genx,corporate_pr,executive,event_photo,no,,english_first
Dca-Uw3grJ2,brand,mixed,corporate_pr,staff,event_photo,no,,english_first
Dcazxa3jPIk,UBL Funds App,genx,product_feature,none_people,template_graphic,yes,,english_first
DcaoSS1s1DR,brand,mixed,calendar_topical,staff,event_photo,no,,english_first
DcNmmoKjK0L,brand,mixed,corporate_pr,none_people,template_graphic,no,,english_first
DcNdT6qjOCZ,brand,genz,recruitment,none_people,template_graphic,no,,english_first
DcNc9TVjH77,brand,genz,recruitment,none_people,template_graphic,no,,english_first
DcLgeH8lLnr,brand,genz,recruitment,none_people,template_graphic,no,,english_first
DcFqcCxEgUF,brand,mixed,csr,none_people,template_graphic,no,,english_first
