post_id,claim_primary,claim_secondary,register,proof_device,addresses_objection
Dcd2vnBE2WW,faith_compliance,other,reassurance,none,no
DcdSRaYDJgx,brand_corporate,other,pride,none,no
DcK3NfajCKE,brand_corporate,other,pride,none,no
DcByD4DDwQZ,national_trust,other,pride,none,no
Db_cOMoDCos,national_trust,other,pride,none,no
Db5AI2Joex3,brand_corporate,other,pride,expert_authority,no
Db40vJeDIdE,national_trust,other,reassurance,claim_statistics,yes
DbzJUzCgQRC,protection,other,reassurance,heritage_scale,no
DbygIFcEQfj,protection,savings_return,aspiration,heritage_scale,no
Dbx2qijjH7a,protection,education_marriage,reassurance,heritage_scale,no
DbfQOFYn5_V,brand_corporate,other,pride,none,no
DbOTNzjlDXw,other,other,reassurance,none,no
DbAP0luDFI3,national_trust,other,reassurance,claim_statistics,yes
DaN96unAJTQ,education_marriage,protection,duty,none,no
DaN3DkOE97v,faith_compliance,savings_return,reassurance,none,no
DaNwNCSCkON,faith_compliance,savings_return,reassurance,none,no
DaZaH_dCOwP,brand_corporate,other,aspiration,none,no
DaNdg5liNxv,brand_corporate,other,reassurance,none,no
DaHmSIiiXoX,brand_corporate,other,reassurance,none,no
DZ4Jg4XjFCw,retirement,savings_return,reassurance,none,no
DZyyQKsghhI,national_trust,protection,pride,heritage_scale,no
DZwbHd5nyp8,national_trust,protection,pride,heritage_scale,no
DZUGhuZAsgz,national_trust,protection,reassurance,testimonial,yes
DZRhsaCj9X3,national_trust,protection,reassurance,testimonial,yes
DVdIMC4DE8k,national_trust,protection,reassurance,expert_authority,no
DciavMlFF7k,other,other,reassurance,none,no
Dca_LdWEWTe,convenience_digital,savings_return,aspiration,none,no
DcazN3EASRP,convenience_digital,other,aspiration,none,no
DcVip3mjbwg,price_affordability,other,aspiration,none,no
DcQZIsPGrnn,other,other,reassurance,none,no
DcN7TnYjVis,brand_corporate,other,aspiration,none,no
DcNp6fnjfJU,convenience_digital,other,reassurance,none,no
DcLWVP1DdZh,price_affordability,convenience_digital,aspiration,none,no
DcK-QqLHBqA,brand_corporate,other,pride,none,no
DcI9D_fEq-g,other,other,aspiration,expert_authority,no
DcI7gFrAP1p,convenience_digital,savings_return,aspiration,none,no
DcIxm8TilfP,health,other,reassurance,none,no
DcDWvDrDXQm,convenience_digital,other,aspiration,none,no
DcBQJ2rmsBa,national_trust,other,pride,none,no
DcAN_76jGFd,national_trust,other,pride,none,no
Db-4Iu8D7oQ,national_trust,other,pride,none,no
Db-p92yDBPQ,price_affordability,convenience_digital,aspiration,none,no
Db9_DHbANqi,brand_corporate,other,reassurance,none,no
Db71KbnDxR-,convenience_digital,other,aspiration,none,no
Db2zm21Dzl_,health,other,reassurance,none,no
DbxRxBED7FR,convenience_digital,other,aspiration,none,no
DbuzLkOAYyN,savings_return,other,aspiration,none,no
DbumKrTFPH8,convenience_digital,other,aspiration,none,no
DaKLEGSh1X5,national_trust,protection,reassurance,claim_statistics,yes
Dci1jIliBMs,price_affordability,convenience_digital,aspiration,none,no
DciVEastwvH,convenience_digital,other,aspiration,testimonial,no
DceHneNo1lK,convenience_digital,price_affordability,aspiration,none,no
DcdnGakiGqB,brand_corporate,other,aspiration,none,no
Dcdf27ktk9U,convenience_digital,other,aspiration,testimonial,no
DcdXP-dJM0H,convenience_digital,other,aspiration,testimonial,no
DcdGTrliAY6,other,other,reassurance,none,no
Dcc1kliCaRT,other,other,reassurance,none,no
Dcc1kfVAQlg,price_affordability,convenience_digital,aspiration,none,no
Dcbi4YpNL_0,convenience_digital,other,aspiration,testimonial,no
DcbbO6GsuM_,convenience_digital,other,aspiration,testimonial,no
DcaZMaQiguj,price_affordability,convenience_digital,aspiration,none,no
DcYIw3xkt7M,health,other,aspiration,testimonial,no
DcXr9rfIIMf,price_affordability,convenience_digital,aspiration,none,no
DcVHL_GAcQf,convenience_digital,other,aspiration,none,no
DcVHLCjDldy,convenience_digital,other,aspiration,none,no
DcTPQ1JiEiA,health,other,aspiration,testimonial,no
DcTDGODiLo5,price_affordability,convenience_digital,aspiration,none,no
DcSiXBUlYEK,price_affordability,convenience_digital,aspiration,none,no
DcSiWJICCg7,price_affordability,convenience_digital,aspiration,none,no
DcQrpObDbW6,price_affordability,convenience_digital,aspiration,none,no
DcQRaEwiGF5,convenience_digital,other,aspiration,none,no
DcQOu4tEkF2,health,other,aspiration,testimonial,no
DVN44h_ABrE,other,other,aspiration,none,no
DU-cDpIgMZ1,other,other,reassurance,none,no
DUvXTlGAams,other,other,reassurance,none,no
DcajWyjje2Z,convenience_digital,other,reassurance,none,no
DcVULHvFxlK,other,other,reassurance,none,no
DcTWqQPDa_e,brand_corporate,other,pride,ratings_awards,no
DcQg_ZWDSdB,convenience_digital,other,reassurance,none,no
DcEXyLqIlf9,other,other,reassurance,none,no
DcAxZVCjv1L,national_trust,other,pride,none,no
DcAaAdSDE4I,national_trust,other,pride,heritage_scale,no
Db_kUlJjaX7,other,other,reassurance,none,no
Db_cNbHD-Xo,national_trust,other,pride,none,no
Db-53BaDMy8,brand_corporate,other,reassurance,none,no
Db-s2QxFIHc,brand_corporate,other,reassurance,none,no
Db8D0AIjPX6,brand_corporate,other,reassurance,none,no
Db789MeDMdn,brand_corporate,other,reassurance,none,no
DbvZTKGs5HY,brand_corporate,other,reassurance,none,no
DbsQ3oODhT5,brand_corporate,other,reassurance,none,no
Dbp9hzqkVb1,convenience_digital,other,aspiration,none,no
Dbk7E16jZXX,convenience_digital,other,aspiration,none,no
DbkdTheEl4i,convenience_digital,other,aspiration,none,no
Dbav0BHjcBy,convenience_digital,other,aspiration,none,no
Dbae-urjTf2,brand_corporate,other,reassurance,none,no
DbYLEwFIKk5,brand_corporate,other,reassurance,none,no
DciNdoxjbDG,other,other,fear,none,no
Dcdab3GFWHn,brand_corporate,other,duty,none,no
DcasP2TjOGX,protection,other,reassurance,none,no
DcN-s7Moy5R,brand_corporate,other,aspiration,none,no
DcN0QDWCNxB,other,other,reassurance,none,no
DcLPa5CD6T0,education_marriage,other,reassurance,none,yes
DcBMHQKo-v6,national_trust,other,pride,none,no
DcATDr3j3PY,national_trust,other,pride,none,no
Db-Jv0bDaPD,other,other,aspiration,none,no
Db7rzY9AVzh,protection,other,reassurance,none,yes
Db2v7eQDbqi,price_affordability,convenience_digital,aspiration,none,no
DbvBkKNihue,protection,other,reassurance,none,yes
DbsPH-gIKns,brand_corporate,other,reassurance,none,no
Dbkuc9agYUY,brand_corporate,other,reassurance,none,no
DbcyYJcDY7V,health,other,reassurance,none,no
DbVEB-hjSRY,health,other,aspiration,none,no
DbSfFcZE_fo,health,other,reassurance,none,no
DbKcHaJiKv_,health,other,reassurance,none,no
DbFZ6fPol-J,brand_corporate,other,pride,expert_authority,no
DbC7dRutgMR,brand_corporate,other,reassurance,none,no
DbAkbVIJ4Ah,brand_corporate,other,reassurance,none,no
Da4veSAkTBr,health,other,reassurance,none,no
Da2XgG7FZTV,health,other,reassurance,none,no
Daw9WsSjx-U,brand_corporate,other,reassurance,none,no
DKymkdrNBgN,brand_corporate,other,aspiration,none,no
DKymitONopz,other,other,aspiration,none,no
DKymg91NZ_o,other,other,aspiration,none,no
DcdED9xHHlD,other,other,reassurance,none,no
DcS3gNbErb4,protection,savings_return,aspiration,none,no
DcIqpNlnO6e,other,other,reassurance,none,no
Db-rn1YNn8B,protection,other,aspiration,none,no
Db2YMNtk5rg,protection,other,reassurance,none,yes
Dbk1r-mnNNk,savings_return,other,aspiration,none,no
DbYIN_GnLR2,other,other,reassurance,none,no
DbH_qeKnBPu,education_marriage,other,duty,none,no
DawwI8XlG62,other,other,reassurance,none,no
DanBD1xnMgI,brand_corporate,other,reassurance,none,no
DaUqbdBHI8L,brand_corporate,other,reassurance,none,no
DaFQ6L_J11p,brand_corporate,other,reassurance,none,no
DZ1d8G3gURz,convenience_digital,other,aspiration,none,no
DZuXeVCgNh6,brand_corporate,other,reassurance,none,no
DZmcIMajR0N,savings_return,other,aspiration,none,no
DZU5Z89jY3q,brand_corporate,other,reassurance,none,no
DZEsVcVDvRl,brand_corporate,other,reassurance,none,no
DY6rlyuDlU2,protection,other,fear,none,yes
DY0xcf8jBqJ,faith_compliance,other,reassurance,none,no
DYyaa3uCKND,brand_corporate,other,reassurance,none,no
DYocT4HDkZs,education_marriage,protection,duty,none,no
DcK1y_ngGU4,protection,other,aspiration,none,no
DcAifPGiqQj,national_trust,other,pride,none,no
Db7pvpIFvNs,faith_compliance,other,pride,none,no
Db2NdLgCO4g,protection,convenience_digital,reassurance,none,no
DbpYV5UDu4L,brand_corporate,other,pride,none,no
DbSMK7XCNHi,protection,other,reassurance,none,no
DbAO2HPgPVi,protection,other,aspiration,none,no
DauMnaKgFfh,protection,other,aspiration,none,no
DZUBKHvCK9b,price_affordability,other,reassurance,none,no
DZHJYUpgGo4,price_affordability,protection,reassurance,none,no
DY04PKAiNdu,faith_compliance,other,reassurance,none,no
DYWPP3_ACKa,protection,other,reassurance,none,no
DYOdeXrAKcs,protection,health,aspiration,none,no
DX_FT8ZAEla,protection,health,aspiration,none,no
DXs_t1FABQ4,protection,health,aspiration,none,no
DXdk-VIgFI8,protection,health,aspiration,none,no
DWNuXNHj75W,health,other,reassurance,none,no
DWId6amDG2j,brand_corporate,other,reassurance,none,no
DV7sHTPDvTQ,price_affordability,health,reassurance,none,no
DVsPzeoiKTN,brand_corporate,other,reassurance,none,no
DVaQG4agDC4,price_affordability,health,reassurance,none,no
DVFqxuBgPVL,price_affordability,health,reassurance,none,no
DUhnJSBjwnG,protection,health,aspiration,none,no
DUXRwi6jS6x,brand_corporate,other,reassurance,none,no
DciELVJiOxw,protection,other,duty,ratings_awards,no
DcdG-TJiCOi,brand_corporate,other,pride,none,no
DcaX5R-CNB3,retirement,faith_compliance,reassurance,ratings_awards,no
DcQs_BUjKCa,savings_return,faith_compliance,aspiration,ratings_awards,no
DcOOz4CjJ_4,retirement,savings_return,aspiration,ratings_awards,no
Db-9UNvjBoR,brand_corporate,other,pride,expert_authority,no
Db5B8ZcDDwK,national_trust,faith_compliance,pride,sovereign_guarantee,no
DbvX7bhPajD,other,other,reassurance,ratings_awards,no
DbUy7M5DMow,other,other,duty,expert_authority,no
DbKhUFcPC8Z,other,other,reassurance,ratings_awards,no
DbDTAzQDIBc,brand_corporate,other,pride,ratings_awards,no
DbAYGZ1DF0h,savings_return,faith_compliance,aspiration,ratings_awards,no
DarcmKtiGeJ,brand_corporate,other,reassurance,ratings_awards,no
DanDYFvDL2-,brand_corporate,other,reassurance,ratings_awards,no
DahxcHLjPlC,brand_corporate,other,reassurance,ratings_awards,no
DacoAXLDNrF,education_marriage,protection,duty,ratings_awards,no
DaNfi65DD1C,brand_corporate,other,reassurance,ratings_awards,no
DaKodESPbya,faith_compliance,savings_return,reassurance,ratings_awards,no
DZ93kryDMWJ,faith_compliance,savings_return,reassurance,ratings_awards,no
DZ6wOC8DJQd,faith_compliance,savings_return,reassurance,ratings_awards,no
DZzevsqDPnF,faith_compliance,savings_return,reassurance,ratings_awards,no
DZwlKsTjPH0,faith_compliance,savings_return,reassurance,ratings_awards,no
DZpOo5cDMeX,faith_compliance,savings_return,reassurance,ratings_awards,no
DZmXlDMDMOa,brand_corporate,other,reassurance,ratings_awards,no
DKg6sGpNq_k,other,other,reassurance,none,no
DKcJknbtstL,protection,faith_compliance,reassurance,none,yes
DKUmrwSOwIY,other,other,reassurance,none,no
DKRI67-tiN4,other,other,reassurance,none,no
DKLt2M6v0Dc,national_trust,other,pride,none,no
DKHIC7_tjkx,other,other,reassurance,none,no
DJ_kjMmtmkh,faith_compliance,other,duty,none,yes
DJ0_ugxt7-x,convenience_digital,other,reassurance,none,no
DJqqGDsNdlO,other,other,reassurance,none,no
DJlsQMStTvl,other,other,reassurance,none,no
DJbGZ9lodTR,faith_compliance,other,reassurance,none,no
DJWnn_7oIze,national_trust,other,pride,none,no
DJFOnK9JpTa,faith_compliance,protection,reassurance,none,no
DIveFbmoD5s,faith_compliance,savings_return,reassurance,none,no
DIlneVloZ1N,faith_compliance,protection,reassurance,none,no
DIThYVNIvjz,brand_corporate,other,reassurance,none,no
DH1Kjv7onSJ,faith_compliance,protection,reassurance,none,no
DHtrdgXPKTH,faith_compliance,other,reassurance,none,no
DHjSYGZoAZg,brand_corporate,other,reassurance,none,no
Ch6qhPhDIB6,brand_corporate,other,reassurance,none,no
Ch6qbd6jzft,brand_corporate,other,reassurance,none,no
Ch6prY0DYX_,brand_corporate,other,reassurance,none,no
Ch1RKsWjiQe,faith_compliance,protection,reassurance,none,no
Ch1QuhajnFM,brand_corporate,other,reassurance,none,no
DcDdjWLjnQY,convenience_digital,other,reassurance,none,no
DcA0mhrONio,brand_corporate,other,pride,heritage_scale,no
DbupP4oM3Md,convenience_digital,other,reassurance,none,no
DbuoyOFsZIx,national_trust,retirement,reassurance,sovereign_guarantee,no
DbM8kFHMcF6,other,other,duty,none,no
Da5c7P7s9ny,convenience_digital,other,reassurance,none,no
Damvw69uB1A,faith_compliance,convenience_digital,reassurance,none,no
DaK2RcqDMW6,brand_corporate,convenience_digital,pride,expert_authority,no
DaAcbOdDHuo,savings_return,faith_compliance,aspiration,none,no
DaAbyhfsHKW,other,other,reassurance,none,no
DaAZZPsMq9M,other,other,reassurance,none,no
DaAYLFMM81j,other,other,reassurance,none,no
DaAXrUMM3Rv,faith_compliance,savings_return,reassurance,none,no
DaAXSNZM7tU,retirement,savings_return,reassurance,none,no
DaAWrAVshdi,retirement,savings_return,reassurance,none,no
DaAWBzSMZa9,faith_compliance,protection,reassurance,none,no
DaANi9BOlSQ,faith_compliance,protection,reassurance,none,no
DZxGR_4Mzp1,price_affordability,convenience_digital,aspiration,none,no
DZxENYJMl6S,brand_corporate,other,reassurance,none,no
DZxD9cIMy5D,brand_corporate,other,reassurance,none,no
DZxDllfM5NV,convenience_digital,other,aspiration,none,no
DZxDaWCMAxf,education_marriage,protection,duty,none,no
DZxCn6WsEvV,brand_corporate,other,reassurance,none,no
DZxCH7jsByT,retirement,savings_return,reassurance,none,no
Dbd2rDrEYya,savings_return,other,reassurance,expert_authority,no
Da6_VMcjBTw,savings_return,other,reassurance,expert_authority,no
Dci2Jq3DQGJ,faith_compliance,savings_return,reassurance,none,no
Dcik9WYjupP,national_trust,other,pride,none,no
Dcf7OwnjP6V,brand_corporate,other,aspiration,none,no
DcfTi9zijsM,faith_compliance,other,reassurance,none,no
Dcdq4IbNeul,other,other,reassurance,none,no
DcaT_zvjFTc,savings_return,faith_compliance,aspiration,none,no
DcTGy3DFNJi,faith_compliance,other,humour,none,yes
DcNvAhKDByh,savings_return,other,aspiration,none,no
DcLPygWAXyz,convenience_digital,other,reassurance,none,no
DcIqvkLFGD5,convenience_digital,other,reassurance,none,no
DcFqcCxEgUF,brand_corporate,other,duty,none,no
DcDFpGrDUgI,national_trust,other,pride,none,no
DcBMgbkj3-F,national_trust,other,pride,none,no
Db98AA0kf8V,national_trust,other,pride,none,no
Db8OtTADDWB,national_trust,other,pride,none,no
Db5H_gcESgL,savings_return,other,aspiration,none,no
Db2v-BDiNfA,brand_corporate,other,reassurance,none,no
DbvWMtPiT0O,savings_return,other,aspiration,none,no
Dbs7dA0CYqu,savings_return,other,aspiration,none,no
DbsncoYilL-,brand_corporate,other,reassurance,none,no
DbsYiV1ElcJ,protection,other,reassurance,none,yes
Dbp0xbuEp06,brand_corporate,other,pride,expert_authority,no
DNkisDyMwXu,convenience_digital,other,aspiration,none,no
DLj9FzXI_3H,other,other,reassurance,none,no
C0MOKhSocyS,convenience_digital,other,reassurance,none,no
DceOx12CGcI,faith_compliance,other,reassurance,none,no
DcdL47_jIrP,brand_corporate,other,pride,none,no
Dca-Uw3grJ2,convenience_digital,other,aspiration,none,no
Dcazxa3jPIk,convenience_digital,savings_return,reassurance,ratings_awards,no
DcaoSS1s1DR,national_trust,other,pride,none,no
DcNmmoKjK0L,savings_return,other,aspiration,none,no
DcNdT6qjOCZ,brand_corporate,other,aspiration,none,no
DcNc9TVjH77,brand_corporate,other,aspiration,none,no
DcLgeH8lLnr,other,other,reassurance,none,no
DcIgwGDDNoo,brand_corporate,other,reassurance,none,no
Db_VPChD_-L,brand_corporate,other,reassurance,none,no
Db4-jL7jIND,brand_corporate,other,reassurance,none,no
Db44RdjDLsP,brand_corporate,other,reassurance,none,no
Db4zGcKMl_U,brand_corporate,other,aspiration,none,no
DbvDhEADEmQ,convenience_digital,other,aspiration,none,no
Dbkq_f7DN4X,brand_corporate,other,aspiration,none,no
DbcfoEymI6L,brand_corporate,other,aspiration,none,no
DbaJKvEmMb1,brand_corporate,other,aspiration,none,no
DbXzVwxkxxX,brand_corporate,other,reassurance,none,no
DbXzBNSjEs0,brand_corporate,other,reassurance,none,no
DbS6AuJDKtn,convenience_digital,other,pride,heritage_scale,no
