brand,ring,handle,shortcode,kind,source_url,image_file,alt_text,reposted_from
State Life Insurance Corporation of Pakistan,client,statelifeofficialpakistan,Dcd2vnBE2WW,p,https://www.instagram.com/statelifeofficialpakistan/p/Dcd2vnBE2WW/,media/statelifeofficialpakistan/Dcd2vnBE2WW.jpg,"Photo by State Life Insurance Corporation of Pakistan on August 25, 2026. May be an image of ‎poster and ‎text that says '‎عید جشن میلادالنبى ميلاد البى 1 STATE STATELIFE LIFE INSURANCE CORPORATIONO INSURANCE.CORPORATIONOFPAKISTAN O PAKISTAN OF www.statelife.com.pk‎'‎‎.",
State Life Insurance Corporation of Pakistan,client,statelifeofficialpakistan,DcdSRaYDJgx,p,https://www.instagram.com/statelifeofficialpakistan/p/DcdSRaYDJgx/,media/statelifeofficialpakistan/DcdSRaYDJgx.jpg,"Photo by State Life Insurance Corporation of Pakistan on August 25, 2026.",
State Life Insurance Corporation of Pakistan,client,statelifeofficialpakistan,DcK3NfajCKE,p,https://www.instagram.com/statelifeofficialpakistan/p/DcK3NfajCKE/,media/statelifeofficialpakistan/DcK3NfajCKE.jpg,"Photo by State Life Insurance Corporation of Pakistan on August 17, 2026.",
State Life Insurance Corporation of Pakistan,client,statelifeofficialpakistan,DcByD4DDwQZ,p,https://www.instagram.com/statelifeofficialpakistan/p/DcByD4DDwQZ/,media/statelifeofficialpakistan/DcByD4DDwQZ.jpg,"Photo by State Life Insurance Corporation of Pakistan on August 14, 2026.",
State Life Insurance Corporation of Pakistan,client,statelifeofficialpakistan,Db_cOMoDCos,p,https://www.instagram.com/statelifeofficialpakistan/p/Db_cOMoDCos/,media/statelifeofficialpakistan/Db_cOMoDCos.jpg,"Photo by State Life Insurance Corporation of Pakistan on August 13, 2026. May be an image of ‎poster, flag, magazine and ‎text that says '‎AM ByжиETEP T OFPAKISTAN איר AAA MI通E Har Khwab Rahe Azaad May every child dream without limits, every family move forward with confidence, and every tomorrow remain protected. Together, we look toward a future where every dream has the freedom to grow. Celebrating 79 Years of Freedom STATE LIFE NSURANCE CORPORATION NSLRANCE.CORPORATIONOFPAKISTA OF PAKISTAN w",
State Life Insurance Corporation of Pakistan,client,statelifeofficialpakistan,Db5AI2Joex3,reel,https://www.instagram.com/vcastonline/reel/Db5AI2Joex3/,media/statelifeofficialpakistan/Db5AI2Joex3.jpg,"Video by VCast Online on August 11, 2026. May be an image of standing and text.",vcastonline
State Life Insurance Corporation of Pakistan,client,statelifeofficialpakistan,Db40vJeDIdE,p,https://www.instagram.com/statelifeofficialpakistan/p/Db40vJeDIdE/,media/statelifeofficialpakistan/Db40vJeDIdE.jpg,"Photo by State Life Insurance Corporation of Pakistan on August 10, 2026. May be an image of ‎map, poster and ‎text that says '‎E-Kachehri ای-کچہری Shoaib Javed Hussain CEO 13 August, 2026 3:00 PM- 5:00 PM سیائیاو Head Office, Karachi 2026 2026 3ااگست رث:3گت،62 تاریخ سےشام00:جتک 00:3 دھہ:3م0:کچنک دوپہر 5:00lc 3:00."" بیڈآفس،کراچی 744 Complaints Resolved 745 Total Complaints Received STATE STATELIFE LIFE NSURANCE CORPORATION NSLRANCE.CORPORATION.OFPAKISTAN OF PAKISTAN www.statelife.com.pk‎'‎‎.",
State Life Insurance Corporation of Pakistan,client,statelifeofficialpakistan,DbzJUzCgQRC,p,https://www.instagram.com/statelifeofficialpakistan/p/DbzJUzCgQRC/,media/statelifeofficialpakistan/DbzJUzCgQRC.jpg,"Photo by State Life Insurance Corporation of Pakistan on August 08, 2026. May be an image of magazine, stethoscope, poster, hospital, office and text that says 'HEALTHCARE PLANNING STARTS BEFORE YOU EVER NEED CARE. PLAN AHEAD WITH STATE LIFE in @statelifeofficial FOLLOW TO LEARN MORE f @statelifeofficialpakistan d STATE LIFE INSURANCE CORPORATION NSURANCE.CORPORATIONOFPAKISTAN OF PAKISTAN @slicpakistanofficial Pakistan's Largest Life and Health Insurer'.",
State Life Insurance Corporation of Pakistan,client,statelifeofficialpakistan,DbygIFcEQfj,p,https://www.instagram.com/statelifeofficialpakistan/p/DbygIFcEQfj/,media/statelifeofficialpakistan/DbygIFcEQfj.jpg,"Photo by State Life Insurance Corporation of Pakistan on August 08, 2026. May be an image of ‎skydiving, parasail, parachute and ‎text that says '‎THE OPPORTUNITIES ARE EASIER TO SEIZE WHEN YOU'RE PREPARED. PLAN AHEAD WITH STATE LIFE 政 ر ណឈប្ in @statelifeofficial FOLLOW to LEARN MORE f @statelifeofficialpakistan STATE LIFE INSURANCE CORPORATION INSURANCE.CORPORATIONOFPAKISTA OF PAKISTAN @slicpakistanofficial Pakistan's Largest Life and Health Insurer‎'‎‎.",
State Life Insurance Corporation of Pakistan,client,statelifeofficialpakistan,Dbx2qijjH7a,p,https://www.instagram.com/statelifeofficialpakistan/p/Dbx2qijjH7a/,media/statelifeofficialpakistan/Dbx2qijjH7a.jpg,"Photo by State Life Insurance Corporation of Pakistan on August 08, 2026. May be an image of poster, magazine, card and text that says 'Education Planning Starts Years Before the Admission Form Plan ahead with State Life HAUAN in @statelifeofficial FOLLOW to LEARN MORE f @statelifeofficialpakistan 0 STATE LIFE INSURANCE CORPORATIONO NSURANCE.CORPORATIONOFPAKISTAN OF PAKISTAN @slicpakistanofficial Pakistan's Largest Life and Health Insurer'.",
State Life Insurance Corporation of Pakistan,client,statelifeofficialpakistan,DbfQOFYn5_V,p,https://www.instagram.com/statelifeofficialpakistan/p/DbfQOFYn5_V/,media/statelifeofficialpakistan/DbfQOFYn5_V.jpg,"Photo by State Life Insurance Corporation of Pakistan on August 01, 2026. May be an image of standing, magazine, office and text that says '리용 MR. SHOAIB JAVED HUSSAIN, CEO, STATE LIFE INSURANCE CORPORATION OF PAKISTAN (SLIC) CALLED ON RANA TANVEER HUSSAIN, FEDERAL MINISTER FOR NATIONAL FOOD SECURITY AND RESEARCH. During the meeting, both sides discussed matters of mutual interest and explored opportunities for collaboration in support of national development priorities. STATE LIFE NSURANCE CORP",
State Life Insurance Corporation of Pakistan,client,statelifeofficialpakistan,DbOTNzjlDXw,reel,https://www.instagram.com/statelifeofficialpakistan/reel/DbOTNzjlDXw/,media/statelifeofficialpakistan/DbOTNzjlDXw.jpg,"Video by State Life Insurance Corporation of Pakistan on July 25, 2026. May be an image of magazine, poster, office and text that says 'STATE LIFE INSURANCE CORPORATIONO INSUJRANCECOPRPCRATIONOFPAKSTA OF PAKISTAN Protecting Every Life Journey Corporate CorporateGroup+ Group Retirement Plans Individual Life + Health GeneralInsurance General Insurance Through Alpha Bancassurance Wealth Management Digital Insurance + Micro Insurance Takaful + Gulf Products'.",
EFU Life Assurance,direct,efu_life,DVdIMC4DE8k,p,https://www.instagram.com/efu_life/p/DVdIMC4DE8k/,media/efu_life/DVdIMC4DE8k.jpg,"Photo by EFU Life on March 04, 2026.",
EFU Life Assurance,direct,efu_life,DciavMlFF7k,reel,https://www.instagram.com/efu_life/reel/DciavMlFF7k/,media/efu_life/DciavMlFF7k.jpg,"Video by EFU Life on August 27, 2026. May be an image of burger, french fries, meat and text that says 'efu LIFE PRIMUS Bissn 監 iG Dash PUzaZ DURGER. TO PERFECTION 25% OFF Planit Google Googk Plary AppStore App'.",
EFU Life Assurance,direct,efu_life,Dca_LdWEWTe,reel,https://www.instagram.com/efu_life/reel/Dca_LdWEWTe/,media/efu_life/Dca_LdWEWTe.jpg,"Video by EFU Life on August 24, 2026. May be an image of card, poster and text that says 'thrive Inspiring Possibilities LEARN, EARN AND THRIVE. VIDEOS DEKHEIN, QUIZ COMPLETE KAREIN JEETAIN 1000 EFU COINS BITESIZE BITE SIZE CONTENT 대체종 Inaa UNDERSTAND YOUR MONEY 050 二 LEARN & GET REWARDED GROW GROWYOUR YOUR FINANCIAL KNOWLEDGE LEARN SMARTER SAVE SAVEBETTER BETTER Build financial knowedge your money wisely while being rewarded. Next A Store DOWNLOAD NOW GEITO OEITGN GoogleP Play'.",
EFU Life Assurance,direct,efu_life,DcazN3EASRP,reel,https://www.instagram.com/win.efulife/reel/DcazN3EASRP/,media/efu_life/DcazN3EASRP.jpg,"Video by WIN by EFU Life on August 24, 2026. May be an image of poster, card, crossword puzzle, sports equipment and text that says 'WIN LIFE What is your one WIN for today?'.",win.efulife
EFU Life Assurance,direct,efu_life,DcVip3mjbwg,reel,https://www.instagram.com/efu_life/reel/DcVip3mjbwg/,media/efu_life/DcVip3mjbwg.jpg,"Video by EFU Life on August 22, 2026. May be an image of furniture and text that says 'efu LIFE PRIMUS LELOTUS LE LOTUS CLINIQUE CONFIDENCE STARTS HERE UP TO 20% 20 OFF Planil GooglePlay Google lay AppStore'.",
EFU Life Assurance,direct,efu_life,DcQZIsPGrnn,reel,https://www.instagram.com/efu_life/reel/DcQZIsPGrnn/,media/efu_life/DcQZIsPGrnn.jpg,"Video by EFU Life on August 20, 2026. May be an image of magazine, microscope, screen, poster, hospital and text that says 'efu LIFE PRIMUS ··· NL N Disgnogis Citagnasiswithparfecion withp perfection YOUR HEALTH MATTERS UP ΤΟ 30% 30 /0 OFF Planil GooglePlay AppStore'.",
EFU Life Assurance,direct,efu_life,DcN7TnYjVis,reel,https://www.instagram.com/efu_life/reel/DcN7TnYjVis/,media/efu_life/DcN7TnYjVis.jpg,"Video by EFU Life on August 19, 2026. May be a graphic of magazine, sports equipment, screen, poster, card and text that says 'efu Nexus LIFE LIFE MANAGEMENT DEVELOPMENT PROGRAM pro'.",
EFU Life Assurance,direct,efu_life,DcNp6fnjfJU,p,https://www.instagram.com/efu_life/p/DcNp6fnjfJU/,media/efu_life/DcNp6fnjfJU.jpg,"Photo by EFU Life on August 19, 2026.",
EFU Life Assurance,direct,efu_life,DcLWVP1DdZh,reel,https://www.instagram.com/win.efulife/reel/DcLWVP1DdZh/,media/efu_life/DcLWVP1DdZh.jpg,"Video by WIN by EFU Life on August 18, 2026. May be an image of ‎card, poster and ‎text that says '‎אוזד EFU EFULIFE Krave Mart GOT A KRAVE? FIRST, EARN YOUR WIN! Complete your challenges, earn reward points & gain KraveMart vouchers worth Rs. 500! VOUCHER Rs. 500 Krave Mart א ALL THROUGH EFU LIFE WIN APP! Amailableur AppStore Store App Google Play‎'‎‎.",win.efulife
EFU Life Assurance,direct,efu_life,DcK-QqLHBqA,p,https://www.instagram.com/efu_life/p/DcK-QqLHBqA/,media/efu_life/DcK-QqLHBqA.jpg,"Photo by EFU Life on August 17, 2026.",
EFU Life Assurance,direct,efu_life,DcI9D_fEq-g,reel,https://www.instagram.com/win.efulife/reel/DcI9D_fEq-g/,media/efu_life/DcI9D_fEq-g.jpg,"Video by WIN by EFU Life on August 17, 2026. May be an image of one or more people, poster, magazine and text that says 'FALAK ZEHRA Senior Lecturer & Director, Wellness Center -KSBL'.",win.efulife
EFU Life Assurance,direct,efu_life,DcI7gFrAP1p,reel,https://www.instagram.com/efu_life/reel/DcI7gFrAP1p/,media/efu_life/DcI7gFrAP1p.jpg,"Video by EFU Life on August 17, 2026. May be an image of card and text that says 'thrive Inspiring Possibilities SIGN-UP KAREIN AUR REWARDS EARN KAREIN! GET 2000 EFU COINS 9:41 Get Started Seanch For Pages. Tah Setttnga- NO PAPER WORK Sign Up Get 500 EFU Coins แขน t00my reaarids ۲ SIGN-UP IN MINUTES Insurance InsurancePlans San Muaamnal PAAn ป้งฟริมณ Saver Plan Goals unad &Maroa BONUS COINS 一 Iwite&Eam2000Coins Dul Inite Earn 2000 Colns จพชิง Venduy gave EASY WITHDRAWAL Redeem RedeemVoucher Vouc",
Jubilee Life Insurance,direct,jubileelife,DaKLEGSh1X5,reel,https://www.instagram.com/jubileelife/reel/DaKLEGSh1X5/,media/jubileelife/DaKLEGSh1X5.jpg,"Video by Jubilee Life Insurance on June 28, 2026. May be an image of text that says 'Jubilee LIFE INSURANCE PKR 54 BILLION CLAIMS PAID IN 2025 Behind every claim is α promise fulfilled'.",
Jubilee Life Insurance,direct,jubileelife,DciVEastwvH,reel,https://www.instagram.com/_its_duha20/reel/DciVEastwvH/,media/jubileelife/DciVEastwvH.jpg,"Video by Duaa Ansari 💎 on August 27, 2026. May be an image of headscarf, turban and text that says 'Jubilee JubileeActive Active'.",_its_duha20
Jubilee Life Insurance,direct,jubileelife,DceHneNo1lK,reel,https://www.instagram.com/fitellect/reel/DceHneNo1lK/,media/jubileelife/DceHneNo1lK.jpg,"Video by Fahad Raza | Mindset | Awareness on August 25, 2026. May be an image of one or more people, beard, phone, timer, tablet, screen and text that says 'Steps Health Log > Points Redeem Now 1,600 +Add Goal 248,421'.",fitellect
Jubilee Life Insurance,direct,jubileelife,DcdnGakiGqB,p,https://www.instagram.com/jubileelife/p/DcdnGakiGqB/,media/jubileelife/DcdnGakiGqB.jpg,"Photo by Jubilee Life Insurance on August 25, 2026. May be an image of poster, magazine, calendar, tower and text that says 'Jubilee LIFE INSURANCE Jubilee EMERGING LEADERS LEADERSPROGRAM PROGRAM Mark Your Calendars Jubilee Life is coming to Iqra University Job Fair 2026 27th August, 2026 IQRA UNIVERSITY'.",
Jubilee Life Insurance,direct,jubileelife,Dcdf27ktk9U,reel,https://www.instagram.com/kiranashfaquehusseindar/reel/Dcdf27ktk9U/,media/jubileelife/Dcdf27ktk9U.jpg,"Video by Kiran Ashfaque Hussein Dar on August 25, 2026. May be an image of activewear, sweatpants, juice, sportswear and text that says 'Food Health c2. ONLY FOM 18 再本'.",kiranashfaquehusseindar
Jubilee Life Insurance,direct,jubileelife,DcdXP-dJM0H,reel,https://www.instagram.com/anum_nadeemm/reel/DcdXP-dJM0H/,media/jubileelife/DcdXP-dJM0H.jpg,"Video by Anum Nadeem on August 25, 2026. May be an image of one or more people, people playing tennis, people playing basketball, people playing racquetball, activewear, sportswear, racket, sports equipment and text.",anum_nadeemm
Jubilee Life Insurance,direct,jubileelife,DcdGTrliAY6,p,https://www.instagram.com/jubileelife/p/DcdGTrliAY6/,media/jubileelife/DcdGTrliAY6.jpg,"Photo by Jubilee Life Insurance on August 25, 2026. May be an image of burger, french fries, tablet and text.",
Jubilee Life Insurance,direct,jubileelife,Dcc1kliCaRT,reel,https://www.instagram.com/jubileelife/reel/Dcc1kliCaRT/,media/jubileelife/Dcc1kliCaRT.jpg,"Video by Jubilee Life Insurance on August 24, 2026. May be a cartoon of lighting, carpet, chaise lounge, curtains and text that says 'Jubilee LIFE INSURANCE'.",
Jubilee Life Insurance,direct,jubileelife,Dcc1kfVAQlg,reel,https://www.instagram.com/jubileelife/reel/Dcc1kfVAQlg/,media/jubileelife/Dcc1kfVAQlg.jpg,"Video by Jubilee Life Insurance on August 24, 2026. May be an image of outdoors and text.",
Jubilee Life Insurance,direct,jubileelife,Dcbi4YpNL_0,reel,https://www.instagram.com/glamandlights/reel/Dcbi4YpNL_0/,media/jubileelife/Dcbi4YpNL_0.jpg,"Video by Ayesha Lakhani on August 24, 2026. May be a selfie of one or more people, people smiling, phone, mirror and text.",glamandlights
Jubilee Life Insurance,direct,jubileelife,DcbbO6GsuM_,reel,https://www.instagram.com/maryamsoomro._/reel/DcbbO6GsuM_/,media/jubileelife/DcbbO6GsuM_.jpg,"Video by Mariam on August 24, 2026. May be a selfie of smiling, picnic and text that says 'ACTIVE'.",maryamsoomro._
Jubilee Life Insurance,direct,jubileelife,DcaZMaQiguj,reel,https://www.instagram.com/jubileelife/reel/DcaZMaQiguj/,media/jubileelife/DcaZMaQiguj.jpg,"Video by Jubilee Life Insurance on August 23, 2026. May be an image of beaker, microscope and text.",
Adamjee Life Assurance,direct,adamjeelifeassurance,DVN44h_ABrE,reel,https://www.instagram.com/adamjeelifeassurance/reel/DVN44h_ABrE/,media/adamjeelifeassurance/DVN44h_ABrE.jpg,"Video by Adamjee Life Assurance on February 26, 2026.",
Adamjee Life Assurance,direct,adamjeelifeassurance,DU-cDpIgMZ1,reel,https://www.instagram.com/adamjeelifeassurance/reel/DU-cDpIgMZ1/,media/adamjeelifeassurance/DU-cDpIgMZ1.jpg,"Video by Adamjee Life Assurance on February 20, 2026.",
Adamjee Life Assurance,direct,adamjeelifeassurance,DUvXTlGAams,reel,https://www.instagram.com/adamjeelifeassurance/reel/DUvXTlGAams/,media/adamjeelifeassurance/DUvXTlGAams.jpg,"Video by Adamjee Life Assurance on February 14, 2026.",
Adamjee Life Assurance,direct,adamjeelifeassurance,DcajWyjje2Z,p,https://www.instagram.com/adamjeelifeassurance/p/DcajWyjje2Z/,media/adamjeelifeassurance/DcajWyjje2Z.jpg,"Photo by Adamjee Life Assurance on August 24, 2026. May be an image of screen, poster, tablet, card, phone and text.",
Adamjee Life Assurance,direct,adamjeelifeassurance,DcVULHvFxlK,p,https://www.instagram.com/adamjeelifeassurance/p/DcVULHvFxlK/,media/adamjeelifeassurance/DcVULHvFxlK.jpg,"Photo by Adamjee Life Assurance on August 21, 2026.",
Adamjee Life Assurance,direct,adamjeelifeassurance,DcTWqQPDa_e,p,https://www.instagram.com/adamjeelifeassurance/p/DcTWqQPDa_e/,media/adamjeelifeassurance/DcTWqQPDa_e.jpg,"Photo by Adamjee Life Assurance on August 21, 2026.",
Adamjee Life Assurance,direct,adamjeelifeassurance,DcQg_ZWDSdB,p,https://www.instagram.com/adamjeelifeassurance/p/DcQg_ZWDSdB/,media/adamjeelifeassurance/DcQg_ZWDSdB.jpg,"Photo by Adamjee Life Assurance on August 20, 2026. May be an image of water heater, phone, thermostat, timer and text that says 'adamjeelife Kabhi bhi Kahin ち Calculate coverage. Compare smarter. Stay informed with Online Calculator! Coverage Calculator ዲጊኛ パー 9:41 BMI Calorle Calculator wil Hi! 목콩 Comparative Calculator Proposala 600046176 Mode 100.000/An 62567.47 Product Date IWant: Let's et ou insured Proceed Online IndividualLife CorporateLife Bancassurance Quick Services 01% PieCia FleClai",
Adamjee Life Assurance,direct,adamjeelifeassurance,DcEXyLqIlf9,reel,https://www.instagram.com/thehunarfoundation/reel/DcEXyLqIlf9/,media/adamjeelifeassurance/DcEXyLqIlf9.jpg,"Video by The Hunar Foundation on August 15, 2026. May be an image of one or more people, hospital, wedding, office and text.",thehunarfoundation
Adamjee Life Assurance,direct,adamjeelifeassurance,DcAxZVCjv1L,reel,https://www.instagram.com/adamjeelifeassurance/reel/DcAxZVCjv1L/,media/adamjeelifeassurance/DcAxZVCjv1L.jpg,"Video by Adamjee Life Assurance on August 14, 2026. May be an image of balloon, flag, banner, office and text that says 'ራ adamjeelife adarcie adaracen ife'.",
Adamjee Life Assurance,direct,adamjeelifeassurance,DcAaAdSDE4I,p,https://www.instagram.com/adamjeelifeassurance/p/DcAaAdSDE4I/,media/adamjeelifeassurance/DcAaAdSDE4I.jpg,"Photo by Adamjee Life Assurance on August 13, 2026.",
Adamjee Life Assurance,direct,adamjeelifeassurance,Db_kUlJjaX7,reel,https://www.instagram.com/adamjeelifeassurance/reel/Db_kUlJjaX7/,media/adamjeelifeassurance/Db_kUlJjaX7.jpg,"Video by Adamjee Life Assurance on August 13, 2026. May be an image of ‎one or more people, dais and ‎text that says '‎adamjeelife life ا nigehbaan adam THEHИHAR UMAR FOUNDATION EDUNDATION INSTITUTES OODO‎'‎‎.",
Adamjee Life Assurance,direct,adamjeelifeassurance,Db_cNbHD-Xo,reel,https://www.instagram.com/adamjeelifeassurance/reel/Db_cNbHD-Xo/,media/adamjeelifeassurance/Db_cNbHD-Xo.jpg,"Video by Adamjee Life Assurance on August 13, 2026. May be a doodle of ‎map, book, magazine, poster and ‎text that says '‎ل adamjeelife The Home to to Every Life áno‎'‎‎.",
IGI Life Insurance,direct,igilifevitality,DciNdoxjbDG,reel,https://www.instagram.com/igilifevitality/reel/DciNdoxjbDG/,media/igilifevitality/DciNdoxjbDG.jpg,"Video by IGI Life Insurance Limited on August 27, 2026. May be an image of studying, computer keyboard, bureau, office and text that says 'IGI Vitality Life P caGMGN CETINTOUCH FOR FORMOREINFORMATION MORE INFORMATION D +(92)-21-111-171-711 2- igilife.com.pk'.",
IGI Life Insurance,direct,igilifevitality,Dcdab3GFWHn,p,https://www.instagram.com/igigeneralinsurance/p/Dcdab3GFWHn/,media/igilifevitality/Dcdab3GFWHn.jpg,"Photo by IGI General Insurance on August 25, 2026.",igigeneralinsurance
IGI Life Insurance,direct,igilifevitality,DcasP2TjOGX,p,https://www.instagram.com/igilifevitality/p/DcasP2TjOGX/,media/igilifevitality/DcasP2TjOGX.jpg,"Photo by IGI Life Insurance Limited on August 24, 2026.",
IGI Life Insurance,direct,igilifevitality,DcN-s7Moy5R,reel,https://www.instagram.com/igigeneralinsurance/reel/DcN-s7Moy5R/,media/igilifevitality/DcN-s7Moy5R.jpg,"Video by IGI General Insurance on August 19, 2026. May be an image of one or more people, people smiling, people standing, poster, office and text.",igigeneralinsurance
IGI Life Insurance,direct,igilifevitality,DcN0QDWCNxB,reel,https://www.instagram.com/igilifevitality/reel/DcN0QDWCNxB/,media/igilifevitality/DcN0QDWCNxB.jpg,"Video by IGI Life Insurance Limited on August 19, 2026. May be an image of poster, tablet, screen, office and text that says 'IGIV Life Life IGI Vitality Screen Screentime time P PackagesGraunpCompary Group Company FEINFORMATION GET TOUCH FOR MORE INFORMATION +192)-21-I71-11-711'.",
IGI Life Insurance,direct,igilifevitality,DcLPa5CD6T0,p,https://www.instagram.com/igilifevitality/p/DcLPa5CD6T0/,media/igilifevitality/DcLPa5CD6T0.jpg,"Photo by IGI Life Insurance Limited on August 18, 2026.",
IGI Life Insurance,direct,igilifevitality,DcBMHQKo-v6,reel,https://www.instagram.com/igigeneralinsurance/reel/DcBMHQKo-v6/,media/igilifevitality/DcBMHQKo-v6.jpg,"Video by IGI General Insurance on August 14, 2026. May be an image of poster, outdoors and text that says 'IGI Haldings Insurance nvestments Securiios| HdngIaresce/resiments FSI| ife Ha MeriPehchaanPakistan Meri Pehchaan Pakistan packages.com.pk packages'.",igigeneralinsurance
IGI Life Insurance,direct,igilifevitality,DcATDr3j3PY,p,https://www.instagram.com/igilifevitality/p/DcATDr3j3PY/,media/igilifevitality/DcATDr3j3PY.jpg,"Photo by IGI Life Insurance Limited on August 13, 2026. May be an image of poster, flag and text.",
IGI Life Insurance,direct,igilifevitality,Db-Jv0bDaPD,reel,https://www.instagram.com/igilifevitality/reel/Db-Jv0bDaPD/,media/igilifevitality/Db-Jv0bDaPD.jpg,"Video by IGI Life Insurance Limited on August 13, 2026. May be an image of placemat, platter, cutlery, plate, kitchenware and text.",
IGI Life Insurance,direct,igilifevitality,Db7rzY9AVzh,p,https://www.instagram.com/igilifevitality/p/Db7rzY9AVzh/,media/igilifevitality/Db7rzY9AVzh.jpg,"Photo by IGI Life Insurance Limited on August 12, 2026.",
IGI Life Insurance,direct,igilifevitality,Db2v7eQDbqi,p,https://www.instagram.com/igilifevitality/p/Db2v7eQDbqi/,media/igilifevitality/Db2v7eQDbqi.jpg,"Photo by IGI Life Insurance Limited on August 10, 2026. May be an image of ‎card and ‎text that says '‎P tegnCaNo Oaиe Pockogn IGI Vitality Life Your healthier choices could make your next meal more rewarding Your daily habits may tell different story. foodpanda PKR PKR500 500 WEEKLY REWARD 口ロ Downk load he IcILifeVitalityApp LifeVitalityA GooglePla/S1or 'יובם AppleScore GET TOUCHFOR MORE ΟΝ (021)111111711 (021) 11.111 www. ww.igilife.com.pk gilte.com.pl‎'‎‎.",
IGI Life Insurance,direct,igilifevitality,DbvBkKNihue,reel,https://www.instagram.com/igilifevitality/reel/DbvBkKNihue/,media/igilifevitality/DbvBkKNihue.jpg,"Video by IGI Life Insurance Limited on August 07, 2026. May be an image of text that says 'LIFE INSURANCE MYTH'.",
Askari Life Assurance,direct,askari_life,DKymkdrNBgN,p,https://www.instagram.com/askari_life/p/DKymkdrNBgN/,media/askari_life/DKymkdrNBgN.jpg,"Photo by Askari Life Assurance Company on June 11, 2025.",
Askari Life Assurance,direct,askari_life,DKymitONopz,p,https://www.instagram.com/askari_life/p/DKymitONopz/,media/askari_life/DKymitONopz.jpg,"Photo by Askari Life Assurance Company on June 11, 2025.",
Askari Life Assurance,direct,askari_life,DKymg91NZ_o,p,https://www.instagram.com/askari_life/p/DKymg91NZ_o/,media/askari_life/DKymg91NZ_o.jpg,"Photo by Askari Life Assurance Company on June 11, 2025.",
Askari Life Assurance,direct,askari_life,DcdED9xHHlD,p,https://www.instagram.com/askari_life/p/DcdED9xHHlD/,media/askari_life/DcdED9xHHlD.jpg,"Photo by Askari Life Assurance Company on August 25, 2026.",
Askari Life Assurance,direct,askari_life,DcS3gNbErb4,reel,https://www.instagram.com/askari_life/reel/DcS3gNbErb4/,media/askari_life/DcS3gNbErb4.jpg,"Video by Askari Life Assurance Company on August 21, 2026. May be a graphic of ‎magazine, poster and ‎text that says '‎소 askarilife JeeLo Har Ghari YOUR FUTURE DESERVES MORE THAN JUST A PLAN د‎'‎‎.",
Askari Life Assurance,direct,askari_life,DcIqpNlnO6e,p,https://www.instagram.com/askari_life/p/DcIqpNlnO6e/,media/askari_life/DcIqpNlnO6e.jpg,"Photo by Askari Life Assurance Company on August 17, 2026. May be a doodle of ‎poster, window and ‎text that says '‎Α askarilife Jeelo Har Ghari AAPKI WINDOW MEIN KAUNSA KHWAB HAI? ""Budhape mein sukoon chahiye."" ""Uski shaadi dhoom se karni hai."" و ""Kab apna ghar hoga?"" ""Bachon ko behtar behtartaleem taleem deni hai. askarilife.com ostkaifi.com|mH-25-2751#ro 111-225-275| #IraadaKaro‎'‎‎.",
Askari Life Assurance,direct,askari_life,Db-rn1YNn8B,reel,https://www.instagram.com/askari_life/reel/Db-rn1YNn8B/,media/askari_life/Db-rn1YNn8B.jpg,"Video by Askari Life Assurance Company on August 13, 2026. May be a meme of poster and text that says 'askarilife JeeLo Har Ghari EK CHHOTAY SE IRAADE SE SH SHURU HOTA HA WAV A ミ'.",
Askari Life Assurance,direct,askari_life,Db2YMNtk5rg,reel,https://www.instagram.com/askari_life/reel/Db2YMNtk5rg/,media/askari_life/Db2YMNtk5rg.jpg,"Video by Askari Life Assurance Company on August 09, 2026. May be a Twitter screenshot of ‎bread, phone and ‎text that says '‎ח askarilife JeeLoHarGhari JeeLo Har Ghari 08:15 My Future Online … You added a dream home You added your child's future You added peace of mind Uncertainty: Removed from chat askarilife.com askarii.com/1-2-2751#rad 111-225-275 #IraadaKaro‎'‎‎.",
Askari Life Assurance,direct,askari_life,Dbk1r-mnNNk,p,https://www.instagram.com/askari_life/p/Dbk1r-mnNNk/,media/askari_life/Dbk1r-mnNNk.jpg,"Photo by Askari Life Assurance Company on August 03, 2026. May be an image of poster, card, magazine and text that says 'A askarilife Jeelo Har Ghari Insurance notification you don't : BONUS ADDED Bonus rewards in the first 2 years + future bonuses added to investment account with Golden Bonus Rewards SHARIAH COMPLIANT ANT FAMILY FAMILY FAMILY PROTECTION EXTRAS SAFETY COVERS askarilife.com 111-225-275| askiri.cm/1-2-2751#radak 275 #IraadaKaro'.",
Askari Life Assurance,direct,askari_life,DbYIN_GnLR2,p,https://www.instagram.com/askari_life/p/DbYIN_GnLR2/,media/askari_life/DbYIN_GnLR2.jpg,"Photo by Askari Life Assurance Company on July 29, 2026.",
Askari Life Assurance,direct,askari_life,DbH_qeKnBPu,p,https://www.instagram.com/askari_life/p/DbH_qeKnBPu/,media/askari_life/DbH_qeKnBPu.jpg,"Photo by Askari Life Assurance Company on July 22, 2026.",
Askari Life Assurance,direct,askari_life,DawwI8XlG62,reel,https://www.instagram.com/askari_life/reel/DawwI8XlG62/,media/askari_life/DawwI8XlG62.jpg,"Video by Askari Life Assurance Company on July 13, 2026. May be an image of poster, magazine and text.",
TPL Life Insurance,direct,tpllife,DcK1y_ngGU4,p,https://www.instagram.com/tpllife/p/DcK1y_ngGU4/,media/tpllife/DcK1y_ngGU4.jpg,"Photo by TPL Life on August 17, 2026. May be an image of phone, poster, screen, globe, magazine and text that says 'TPLLife Access Worldwide Healthcare with Globewell FROM DUBAI to LONDON, GLOBEWELL HAS GOT YOUR BACK. Access to medical providers Acestomediclodrsin185 in 185+ countries GET GETAQUOTE A QUOTE www.tpllife.com'.",
TPL Life Insurance,direct,tpllife,DcAifPGiqQj,p,https://www.instagram.com/tpllife/p/DcAifPGiqQj/,media/tpllife/DcAifPGiqQj.jpg,"Photo by TPL Life on August 13, 2026. May be an illustration of map, poster and text that says '$7b 79 Jear, Diverse in Culture. United in Pride for Pakistan. Happy Independence Day! TPLLife www.tpllife.com www.tp'.",
TPL Life Insurance,direct,tpllife,Db7pvpIFvNs,p,https://www.instagram.com/tpllife/p/Db7pvpIFvNs/,media/tpllife/Db7pvpIFvNs.jpg,"Photo by TPL Life on August 12, 2026. May be an image of one or more people, people standing, hamper, office and text.",
TPL Life Insurance,direct,tpllife,Db2NdLgCO4g,p,https://www.instagram.com/tpllife/p/Db2NdLgCO4g/,media/tpllife/Db2NdLgCO4g.jpg,"Photo by TPL Life on August 09, 2026. May be an image of text that says 'TPLLife Access Warldwide Healthcare with HealthcarewithGlobewell Globewell YOUR HEALTH, INSURED WORLDWIDE. 24/7 Medical Assistance Worldwide GET A QUOTE www.tpllife.com'.",
TPL Life Insurance,direct,tpllife,DbpYV5UDu4L,p,https://www.instagram.com/tpllife/p/DbpYV5UDu4L/,media/tpllife/DbpYV5UDu4L.jpg,"Photo by TPL Life on August 04, 2026. May be an image of ‎banner, magazine, poster, office and ‎text that says '‎TPLLIfe الإسلامي دبي DIB Celebrating a Successful H1 2026 A journey defined by collaboration, trust, and shared achievements. H1 Pb 판면 ALSAN 420 4B0 CEOTOA KLCI เรซม Here's to stronger partnerships, greater impact, and an even stronger H2.‎'‎‎.",
TPL Life Insurance,direct,tpllife,DbSMK7XCNHi,p,https://www.instagram.com/tpllife/p/DbSMK7XCNHi/,media/tpllife/DbSMK7XCNHi.jpg,"Photo by TPL Life on July 26, 2026. May be an image of screen, poster, magazine, hospital, office and text that says 'TPLLife → Access Worldwide Healthcare Heahncarwtobwe with Globewell WORLD-CLASS CLASS WORLD- HOSPITALS. ONE INTERNATIONAL PLAN. Coverage of up to $500 $500,000 GET A QUOTE www.tpllife.com www.tpll'.",
TPL Life Insurance,direct,tpllife,DbAO2HPgPVi,p,https://www.instagram.com/tpllife/p/DbAO2HPgPVi/,media/tpllife/DbAO2HPgPVi.jpg,"Photo by TPL Life on July 19, 2026. May be an image of suitcase, magazine, poster and text that says 'TPLLIfe Access HeaAo Warldwide Healthcare with Globewell VACATIONING ABROAD? GLOBEWELL TRAVELS WITH YOU! Coverage of up to $500,000 $500, GET A QUOTE www.tpllife.com'.",
TPL Life Insurance,direct,tpllife,DauMnaKgFfh,p,https://www.instagram.com/tpllife/p/DauMnaKgFfh/,media/tpllife/DauMnaKgFfh.jpg,"Photo by TPL Life on July 12, 2026. May be an image of poster and text that says 'TPLLIfe Access Worldwide Healthcare with HsAe Globewell GLOBAL ADVENTURES DESERVE GLOBAL PROTECTION Access to medical providers in 185+ countries GET A QUOTE www.tpllife.com'.",
TPL Life Insurance,direct,tpllife,DZUBKHvCK9b,p,https://www.instagram.com/tpllife/p/DZUBKHvCK9b/,media/tpllife/DZUBKHvCK9b.jpg,"Photo by TPL Life on June 07, 2026. May be an image of screen, poster and office.",
TPL Life Insurance,direct,tpllife,DZHJYUpgGo4,p,https://www.instagram.com/tpllife/p/DZHJYUpgGo4/,media/tpllife/DZHJYUpgGo4.jpg,"Photo by TPL Life on June 02, 2026. May be an image of poster.",
TPL Life Insurance,direct,tpllife,DY04PKAiNdu,p,https://www.instagram.com/tpllife/p/DY04PKAiNdu/,media/tpllife/DY04PKAiNdu.jpg,"Photo by TPL Life on May 26, 2026.",
TPL Life Insurance,direct,tpllife,DYWPP3_ACKa,p,https://www.instagram.com/tpllife/p/DYWPP3_ACKa/,media/tpllife/DYWPP3_ACKa.jpg,"Photo by TPL Life on May 14, 2026.",
Pak-Qatar Family Takaful,adjacent,pqftl_official,DciELVJiOxw,p,https://www.instagram.com/pqftl_official/p/DciELVJiOxw/,media/pqftl_official/DciELVJiOxw.jpg,"Photo by @pqftl_official on August 26, 2026. May be an image of ‎one or more people, phone, poster, telephone, magazine, office and ‎text that says '‎AA/AM2+ AA AM2+ + RatedbyVIS& Rated byV byVI PACRA Rated byPACRA with with Stable Stable outook oudook - FAMILY TAKAFUL IN UNCERTAIN MOMENTS, SUPPORT MATTERS MOST. Be there for the families behind your workforce. SE GROUP HEALTH TAKAFUL W1/ မူောပေ قحن C EMPLOYEE IDCARD (+9221)111725728| 111 (+92 11172572 21)111 info@pakqatar.com.pk www.pqftl.com.pk",
Pak-Qatar Family Takaful,adjacent,pqftl_official,DcdG-TJiCOi,p,https://www.instagram.com/pqftl_official/p/DcdG-TJiCOi/,media/pqftl_official/DcdG-TJiCOi.jpg,"Photo by @pqftl_official on August 25, 2026.",
Pak-Qatar Family Takaful,adjacent,pqftl_official,DcaX5R-CNB3,p,https://www.instagram.com/pqftl_official/p/DcaX5R-CNB3/,media/pqftl_official/DcaX5R-CNB3.jpg,"Photo by @pqftl_official on August 23, 2026. May be an image of poster, magazine, outdoors and text that says 'AA /AM2+ + dbyV RatedbyVis& PACRA RstndbyPACRAwth byPACRA with Ratedby Stable Stable oudook Scahle oudook - FAMILY TAKAFUL RETIREMENT DESERVES CERTAINTY LIFETIME KAFALAT PLAN A guaranteed halaal pension for life, so tomorrow feels secure. Long- Term Security Protection for Loved Ones (+92 (+9221)111725728| 21)1 111 nfo@pakqatar.com.pk Shariah Compliant Pak-Qatar Family TakafulLimited Ta",
Pak-Qatar Family Takaful,adjacent,pqftl_official,DcQs_BUjKCa,p,https://www.instagram.com/pqftl_official/p/DcQs_BUjKCa/,media/pqftl_official/DcQs_BUjKCa.jpg,"Photo by @pqftl_official on August 20, 2026. May be an image of ‎poster, magazine and ‎text that says '‎AA/AM2+ AA AM2+ + RatedbyVIis Rated byV byVI PACRA RatndbyPACRAwith PACRA with Ratedby with Stablle Stahlle outook Scable oudook W/ ယ MONTHLY 7 ፓስች VIN PAK-QATAR FAMILY TAKAFUL 11 15 W1/ م SMALL STEPS. BIG FUTURE. MAHANA BACHAT & TAKAFUL FLEXI PLAN A flexible savings plan with monthly Halaal profit. Start from PKR 25,000 Top up from PKR 1,000 Complimentary Takaful (+92 (+9221)111725728| 27)11 ",
Pak-Qatar Family Takaful,adjacent,pqftl_official,DcOOz4CjJ_4,p,https://www.instagram.com/pqftl_official/p/DcOOz4CjJ_4/,media/pqftl_official/DcOOz4CjJ_4.jpg,"Photo by @pqftl_official on August 19, 2026. May be a graphic of magazine, poster, plant and text that says 'AA AM2+ Rated by byVI PACRA PACRA with with Stablle Stable sudlock Stable ableoudook oudook ATN - FAMILY TAKAFUL BUILD TOMORROW FROM FROMTODAY. VOLUNTARY PENSION SCHEME Plan for a financially secure retirement with disciplined long-term savings. Up to *20% Tax Credit Retirement Planning Long- Long-Term Savings (+92 가ㄲ 171 1725 Pak-Qatar Family Takaful Limited info@pakqatar.com.pk neame1 I",
Pak-Qatar Family Takaful,adjacent,pqftl_official,Db-9UNvjBoR,p,https://www.instagram.com/pqftl_official/p/Db-9UNvjBoR/,media/pqftl_official/Db-9UNvjBoR.jpg,"Photo by @pqftl_official on August 13, 2026.",
Pak-Qatar Family Takaful,adjacent,pqftl_official,Db5B8ZcDDwK,p,https://www.instagram.com/pqftl_official/p/Db5B8ZcDDwK/,media/pqftl_official/Db5B8ZcDDwK.jpg,"Photo by @pqftl_official on August 11, 2026. May be an image of poster and text that says 'AA/AM2+ Rated byviss PACRA Rated PACRAW utlook PAK-QATAR FAMILY TAKAFUL Following the successful appointments, being the FIRST Takaful Operator, as Authorized Pension Fund Manager by Khyber Pakhtunkhwa, Punjab & Balochistan We are proud to announce Pak-Qatar Family Takaful has now been appointed by the Federal Government of Pakistan to manage defined pension funds. Lifelong pension with Pak-Qatar Pak only ",
Pak-Qatar Family Takaful,adjacent,pqftl_official,DbvX7bhPajD,reel,https://www.instagram.com/pqftl_official/reel/DbvX7bhPajD/,media/pqftl_official/DbvX7bhPajD.jpg,"Video by @pqftl_official on August 07, 2026. May be an illustration of ‎magazine, poster and ‎text that says '‎AA/ AM2 AA/AM2+ + FaACA Rated byM byMI5& PACRA Raedb Ratedby RanedbyPACRA ลีปา KE ahe outlook Statle Stableudoo P ahlae cudook ساتق PAK-QATAR FAMILY FAMILYTAKAFUL TAKAFUL A APak-Qatar Group Company: Pakistan's Premier and Pioneer Islamic Financial Services Group‎'‎‎.",
Pak-Qatar Family Takaful,adjacent,pqftl_official,DbUy7M5DMow,p,https://www.instagram.com/pqftl_official/p/DbUy7M5DMow/,media/pqftl_official/DbUy7M5DMow.jpg,"Photo by @pqftl_official on July 27, 2026. May be an image of ‎poster and ‎text that says '‎- پاقظر PAK-QATAR OATAR - FAMILY TAKATUL پالقظر PAK-QATAR GROUP PAK-QATAR GENERALT GENERAI TAKAFUL WORLD HEPATITIS DAY The Silent Disease Needs a Loud Voice Don't Wait for Symptoms, Get Tested Today Early Detection Saves Lives Pakistan's Premier and Pioneer Islamic Financial ervices Group‎'‎‎.",
Pak-Qatar Family Takaful,adjacent,pqftl_official,DbKhUFcPC8Z,reel,https://www.instagram.com/pqftl_official/reel/DbKhUFcPC8Z/,media/pqftl_official/DbKhUFcPC8Z.jpg,"Video by @pqftl_official on July 23, 2026. May be an image of one or more people, thermostat, screen, poster and text that says 'AA/ AA/AM2+ AM2+ Fotad lNoyBNCEAW LyVIS& &PACRA RatadyP R atadry PACRA with tbke Stbkou outlok rlock cablecutook - PAK- FAMILY AMILYTAKAFUL TAKAFUL Pak-Qatar Family Jakafull mitedi Pak-Gata Group Company Pakistan's Premier& slamic inancial Group'.",
Pak-Qatar Family Takaful,adjacent,pqftl_official,DbDTAzQDIBc,p,https://www.instagram.com/pqftl_official/p/DbDTAzQDIBc/,media/pqftl_official/DbDTAzQDIBc.jpg,"Photo by @pqftl_official on July 21, 2026. May be a graphic of ‎one or more people, beard, suit, magazine, dinner jacket, poster, blazer and ‎text that says '‎AA AA/AM2+ Raced byvis& PACRA Ratod with Stable rlock stable audlock PSOA SOA CONPERENICE IIC بافظار TERHATIONAL CONFERENCE INTERHATIONAL IIC PSOA P .. - PAK- INTER FAMILY TAKAFUL मैी な IAP IIC INTERNATIONAL KTERHaTЮMAb CONFERENCE P BONAL RANCE COM PS C PSC am Ne JA Congratulationg Congratu to our esteemed Bancatakaful partner, Dubai Islam",
Pak-Qatar Family Takaful,adjacent,pqftl_official,DbAYGZ1DF0h,p,https://www.instagram.com/pqftl_official/p/DbAYGZ1DF0h/,media/pqftl_official/DbAYGZ1DF0h.jpg,"Photo by @pqftl_official on July 20, 2026. May be an image of poster, cash machine, magazine, office and text that says 'AM2+ AA/AM2+ + RatedbyViS by yVIS& PACRA Rated with Stableou Stahlle oudook ableoudook oudook PAK-QATAR FAMILY TAKAFUL THE SECOND PAYCHEQUE Extra monthly support with added protection with MHN BACHAT & TAKAFUL FLEXI PLAN now 2も Mahana Bachat Monthly Profit Received PKR 2,000 now Salary Received PKR 85,000 Get Started Today! (+9221)1725728| 7) 111 (+92 21)111 info@pakqatar.com.",
Dawood Family Takaful,adjacent,dawoodfamilytakafulofficial,DKg6sGpNq_k,p,https://www.instagram.com/dawoodfamilytakafulofficial/p/DKg6sGpNq_k/,media/dawoodfamilytakafulofficial/DKg6sGpNq_k.jpg,"Photo by Dawood family takaful on June 05, 2025.",
Dawood Family Takaful,adjacent,dawoodfamilytakafulofficial,DKcJknbtstL,p,https://www.instagram.com/dawoodfamilytakafulofficial/p/DKcJknbtstL/,media/dawoodfamilytakafulofficial/DKcJknbtstL.jpg,"Photo by Dawood family takaful on June 03, 2025.",
Dawood Family Takaful,adjacent,dawoodfamilytakafulofficial,DKUmrwSOwIY,p,https://www.instagram.com/dawoodfamilytakafulofficial/p/DKUmrwSOwIY/,media/dawoodfamilytakafulofficial/DKUmrwSOwIY.jpg,"Photo by Dawood family takaful on May 31, 2025.",
Dawood Family Takaful,adjacent,dawoodfamilytakafulofficial,DKRI67-tiN4,p,https://www.instagram.com/dawoodfamilytakafulofficial/p/DKRI67-tiN4/,media/dawoodfamilytakafulofficial/DKRI67-tiN4.jpg,"Photo by Dawood family takaful on May 29, 2025.",
Dawood Family Takaful,adjacent,dawoodfamilytakafulofficial,DKLt2M6v0Dc,p,https://www.instagram.com/dawoodfamilytakafulofficial/p/DKLt2M6v0Dc/,media/dawoodfamilytakafulofficial/DKLt2M6v0Dc.jpg,"Photo by Dawood family takaful on May 27, 2025.",
Dawood Family Takaful,adjacent,dawoodfamilytakafulofficial,DKHIC7_tjkx,p,https://www.instagram.com/dawoodfamilytakafulofficial/p/DKHIC7_tjkx/,media/dawoodfamilytakafulofficial/DKHIC7_tjkx.jpg,"Photo by Dawood family takaful on May 26, 2025.",
Dawood Family Takaful,adjacent,dawoodfamilytakafulofficial,DJ_kjMmtmkh,p,https://www.instagram.com/dawoodfamilytakafulofficial/p/DJ_kjMmtmkh/,media/dawoodfamilytakafulofficial/DJ_kjMmtmkh.jpg,"Photo by Dawood family takaful on May 23, 2025.",
Dawood Family Takaful,adjacent,dawoodfamilytakafulofficial,DJ0_ugxt7-x,p,https://www.instagram.com/dawoodfamilytakafulofficial/p/DJ0_ugxt7-x/,media/dawoodfamilytakafulofficial/DJ0_ugxt7-x.jpg,"Photo by Dawood family takaful on May 19, 2025.",
Dawood Family Takaful,adjacent,dawoodfamilytakafulofficial,DJqqGDsNdlO,p,https://www.instagram.com/dawoodfamilytakafulofficial/p/DJqqGDsNdlO/,media/dawoodfamilytakafulofficial/DJqqGDsNdlO.jpg,"Photo by Dawood family takaful on May 15, 2025.",
Dawood Family Takaful,adjacent,dawoodfamilytakafulofficial,DJlsQMStTvl,p,https://www.instagram.com/dawoodfamilytakafulofficial/p/DJlsQMStTvl/,media/dawoodfamilytakafulofficial/DJlsQMStTvl.jpg,"Photo by Dawood family takaful on May 13, 2025.",
Dawood Family Takaful,adjacent,dawoodfamilytakafulofficial,DJbGZ9lodTR,p,https://www.instagram.com/dawoodfamilytakafulofficial/p/DJbGZ9lodTR/,media/dawoodfamilytakafulofficial/DJbGZ9lodTR.jpg,"Photo by Dawood family takaful on May 08, 2025.",
Dawood Family Takaful,adjacent,dawoodfamilytakafulofficial,DJWnn_7oIze,p,https://www.instagram.com/dawoodfamilytakafulofficial/p/DJWnn_7oIze/,media/dawoodfamilytakafulofficial/DJWnn_7oIze.jpg,"Photo by Dawood family takaful on May 07, 2025.",
EFU Life Window Takaful,adjacent,efu_life_assurance_ltd,DcDdjWLjnQY,p,https://www.instagram.com/efu_life_assurance_ltd/p/DcDdjWLjnQY/,media/efu_life_assurance_ltd/DcDdjWLjnQY.jpg,"Photo by EFU Life Assurance Ltd. on August 15, 2026.",
EFU Life Window Takaful,adjacent,efu_life_assurance_ltd,DcA0mhrONio,reel,https://www.instagram.com/efu_life_assurance_ltd/reel/DcA0mhrONio/,media/efu_life_assurance_ltd/DcA0mhrONio.jpg,"Video by EFU Life Assurance Ltd. on August 14, 2026. May be a graphic of poster, book and text that says 'efu LIFE Born from a DREAM'.",
EFU Life Window Takaful,adjacent,efu_life_assurance_ltd,DbupP4oM3Md,p,https://www.instagram.com/efu_life_assurance_ltd/p/DbupP4oM3Md/,media/efu_life_assurance_ltd/DbupP4oM3Md.jpg,"Photo by EFU Life Assurance Ltd. on August 06, 2026. May be an image of ‎poster, stethoscope, hospital and ‎text that says '‎אועו SPULIPE mHealth A complete healthcare and wellbeing experience. GP Specialist Consultations ਧी Preventive Healthcare Laboratory Services Mental Wellbeing Wel Support ន្ន Pharmacy Medicine Delivery -0- מד Nutrition Lifestyle le Guidance Hospital Network Access Health & Well Wellness Content Accessible through EFU Life mHealth.‎'‎‎.",
EFU Life Window Takaful,adjacent,efu_life_assurance_ltd,DbuoyOFsZIx,p,https://www.instagram.com/efu_life_assurance_ltd/p/DbuoyOFsZIx/,media/efu_life_assurance_ltd/DbuoyOFsZIx.jpg,"Photo by EFU Life Assurance Ltd. on August 06, 2026. May be an image of poster and text that says 'efu LIFE STRENGTHENING PAKISTAN'S RETIREMENT FUTURE WITH GOVERNMENT INITIATIVES Proud to support the Federal Government Pakistan's vision through the EFU Federal Hemayah Pension Fund and comprehensive retirement solutions.'.",
EFU Life Window Takaful,adjacent,efu_life_assurance_ltd,DbM8kFHMcF6,p,https://www.instagram.com/efu_life_assurance_ltd/p/DbM8kFHMcF6/,media/efu_life_assurance_ltd/DbM8kFHMcF6.jpg,"Photo by EFU Life Assurance Ltd. on July 24, 2026. May be an image of umbrella, poster, body of water and text that says 'efu LIFE HEAVY RAIN ADVISORY Stay Safe. Stay Prepared. Heavy rainfall expected many areas. Please take necessary precautions ensure safety and the safety ofyour loved ones. Carefully avoid brakes. Avoid Flooded Areas attemptto cross waterlogged roads. Market Guherg ..Paad→ Away from Electric Poles Avoid reasvi exposed electrical Indoorsif Possible unnecassary raintall. Stay U",
EFU Life Window Takaful,adjacent,efu_life_assurance_ltd,Da5c7P7s9ny,reel,https://www.instagram.com/efu_life_assurance_ltd/reel/Da5c7P7s9ny/,media/efu_life_assurance_ltd/Da5c7P7s9ny.jpg,"Video by EFU Life Assurance Ltd. on July 17, 2026. May be a graphic of poster, magazine, phone, card, screen and text.",
EFU Life Window Takaful,adjacent,efu_life_assurance_ltd,Damvw69uB1A,p,https://www.instagram.com/efu_life_assurance_ltd/p/Damvw69uB1A/,media/efu_life_assurance_ltd/Damvw69uB1A.jpg,"Photo by EFU Life Assurance Ltd. on July 10, 2026. May be an image of poster and text that says 'HEMAYAH EFU FAMILY TAKAFUL efu GENERAL χ BankIslami EFU Hemayah Takaful x EFU General x Bank Islami Partnering to Expand Access to Digital Micro & Nano Takaful Plans'.",
EFU Life Window Takaful,adjacent,efu_life_assurance_ltd,DaK2RcqDMW6,p,https://www.instagram.com/efu_life_assurance_ltd/p/DaK2RcqDMW6/,media/efu_life_assurance_ltd/DaK2RcqDMW6.jpg,"Photo by EFU Life Assurance Ltd. on June 29, 2026.",
EFU Life Window Takaful,adjacent,efu_life_assurance_ltd,DaAcbOdDHuo,p,https://www.instagram.com/efu_life_assurance_ltd/p/DaAcbOdDHuo/,media/efu_life_assurance_ltd/DaAcbOdDHuo.jpg,"Photo by EFU Life Assurance Ltd. on June 25, 2026.",
EFU Life Window Takaful,adjacent,efu_life_assurance_ltd,DaAbyhfsHKW,reel,https://www.instagram.com/efu_life_assurance_ltd/reel/DaAbyhfsHKW/,media/efu_life_assurance_ltd/DaAbyhfsHKW.jpg,"Video by EFU Life Assurance Ltd. on June 25, 2026. May be an image of text.",
EFU Life Window Takaful,adjacent,efu_life_assurance_ltd,DaAZZPsMq9M,reel,https://www.instagram.com/efu_life_assurance_ltd/reel/DaAZZPsMq9M/,media/efu_life_assurance_ltd/DaAZZPsMq9M.jpg,"Video by EFU Life Assurance Ltd. on June 25, 2026. May be an image of text.",
EFU Life Window Takaful,adjacent,efu_life_assurance_ltd,DaAYLFMM81j,reel,https://www.instagram.com/efu_life_assurance_ltd/reel/DaAYLFMM81j/,media/efu_life_assurance_ltd/DaAYLFMM81j.jpg,"Video by EFU Life Assurance Ltd. on June 25, 2026. May be an image of text.",
Al Meezan Investments,substitute,almeezangroup,Dbd2rDrEYya,reel,https://www.instagram.com/almeezangroup/reel/Dbd2rDrEYya/,media/almeezangroup/Dbd2rDrEYya.jpg,"Video by Al Meezan Investments on July 31, 2026. May be a graphic of magazine, poster and text that says 'ET OK 2026 OLATILITY. ED AND IMTIAZ G EO CEO-AL AL'.",
Al Meezan Investments,substitute,almeezangroup,Da6_VMcjBTw,p,https://www.instagram.com/almeezangroup/p/Da6_VMcjBTw/,media/almeezangroup/Da6_VMcjBTw.jpg,"Photo by Al Meezan Investments on July 17, 2026.",
Al Meezan Investments,substitute,almeezangroup,Dcik9WYjupP,reel,https://www.instagram.com/almeezangroup/reel/Dcik9WYjupP/,media/almeezangroup/Dcik9WYjupP.jpg,"Video by Al Meezan Investments on August 27, 2026. May be an image of text.",
Al Meezan Investments,substitute,almeezangroup,Dcf7OwnjP6V,p,https://www.instagram.com/almeezangroup/p/Dcf7OwnjP6V/,media/almeezangroup/Dcf7OwnjP6V.jpg,"Photo by Al Meezan Investments on August 26, 2026. May be an image of emu, poster, magazine and text that says 'AYEST Al Meezan Investment ManagementL Ltd. AM1 Retngby ndPACRA AL MEEZAN INVESTMENTS WILL BE COMING TO IORA UNIVERSITY IU CAREER FAIR Meet our team and explore career opportunities with us. Iqra University Main Campus 9:00 AM to 5:30 Thursday, 27 August 2026 SMSmest 106655 IQRA UNIVERSITY Disclaimer: u2529 Mutual number 0251413-626 isks. Past snot risks regetraton Macan フタッル Meezan Ba",
Al Meezan Investments,substitute,almeezangroup,DcfTi9zijsM,reel,https://www.instagram.com/almeezangroup/reel/DcfTi9zijsM/,media/almeezangroup/DcfTi9zijsM.jpg,"Video by Al Meezan Investments on August 25, 2026. May be an image of text.",
Al Meezan Investments,substitute,almeezangroup,Dcdq4IbNeul,reel,https://www.instagram.com/almeezangroup/reel/Dcdq4IbNeul/,media/almeezangroup/Dcdq4IbNeul.jpg,"Video by Al Meezan Investments on August 25, 2026. May be an image of ‎text that says '‎MEEZ AVES MB Al Meezan Investment ManagementLd AM1 Rating VIS VISan and PACRA طورپر مکھل تیز،آساناور کےمطابقسرمایکازی سرمایہکاری کےمطابز 4:12 AI Meezan 4کھٹے عفتےکے7دنزرلنم تکوانےکیسبولت نکوانےکی Meezan lnesones Largest Fund Manager Pakistan, pioneering introducing Shariah Compliant Investments Invest your money nA Meezan easypaisa paisaA Account and earn Halal Profit Apcount Now SSTNE Disclaimer: PantPerfoma",
Al Meezan Investments,substitute,almeezangroup,DcaT_zvjFTc,p,https://www.instagram.com/almeezangroup/p/DcaT_zvjFTc/,media/almeezangroup/DcaT_zvjFTc.jpg,"Photo by Al Meezan Investments on August 23, 2026. May be an image of ‎blueprint, floor plan, magazine, poster, door and ‎text that says '‎MLERE AI Meezan N Investment Ma3AeTeT Ltd. AM1 lngky HOME BUILDER PLAN SOME DOORS OPEN LONG BEFORE YOU REACH THEM Start planning for your dream home with the Home Builder Plan from AI Meezan Investments. Scan now and take the first step towards your own nome SMS SMSrvG Fund Category: Fundof Funda Risik Profile: Disclalmer: 0200-000U252Ε91 Specific (Medium Hig",
Al Meezan Investments,substitute,almeezangroup,DcTGy3DFNJi,reel,https://www.instagram.com/almeezangroup/reel/DcTGy3DFNJi/,media/almeezangroup/DcTGy3DFNJi.jpg,"Video by Al Meezan Investments on August 21, 2026. May be a cartoon of poster, costume and text.",
Al Meezan Investments,substitute,almeezangroup,DcNvAhKDByh,p,https://www.instagram.com/almeezangroup/p/DcNvAhKDByh/,media/almeezangroup/DcNvAhKDByh.jpg,"Photo by Al Meezan Investments on August 19, 2026. May be a graphic of money, poster, card, magazine and text that says 'Pune Profh Tofh AlMeezan Investment Management id AM1 Balegby aghyWLedNcas INAINCEA WHERE MONEY MEETS MEANING AL MEEZAN INVESTMENTS PROUD SILVER PARTNER OF MONEY MATTERS INVEST EARN GROW Pakistan's First Wealth Expo Public. 22-23 出 August 2026 Avari Xpress, Jutial Road, Gilgit- -Baltistan Discleimer: 0425251 inestmentsi มิม Funda Pension Funda: Pleasa hacferin rwotved hirar Ad",
Al Meezan Investments,substitute,almeezangroup,DcLPygWAXyz,reel,https://www.instagram.com/almeezangroup/reel/DcLPygWAXyz/,media/almeezangroup/DcLPygWAXyz.jpg,"Video by Al Meezan Investments on August 18, 2026. May be an image of ‎money, card, poster and ‎text that says '‎AI Meezan Investment Management Investment.ManagememtL.id. Ltd. Prolk AM1 Ratingy V PACRA How to generate RAAST INVESTMENT ID? EVNSMNSTN INEMAE Raast Pakistan's Instant Payment System پلںبھرمیں-ملکبھرمیں پل‎'‎‎.",
Al Meezan Investments,substitute,almeezangroup,DcIqvkLFGD5,reel,https://www.instagram.com/almeezangroup/reel/DcIqvkLFGD5/,media/almeezangroup/DcIqvkLFGD5.jpg,"Video by Al Meezan Investments on August 17, 2026. May be an image of ‎money, poster and ‎text that says '‎YESTMES Pare HP Profk AI Meezan Investmens lanagement Ltd Investmevr.ManagememtLid. Ltd. AM1 TntubyV5&NCu How to generate RAAST INVESTMENT ID? on MEEZAN FUNDS ONLINE CIM PиKИTИЛ ס-ם Raast Pakistan's Instant Payment System پلبھرمیں-لکبھرمیں میں چی‎'‎‎.",
Al Meezan Investments,substitute,almeezangroup,DcFqcCxEgUF,reel,https://www.instagram.com/almeezangroup/reel/DcFqcCxEgUF/,media/almeezangroup/DcFqcCxEgUF.jpg,"Video by Al Meezan Investments on August 15, 2026. May be a graphic of one or more people, banner, poster and text that says 'This Public Service Message is brought to you by 7 ΣΜΕΙΔΑ MUESTMERTS Pure. Profit. A Meezan Cares'.",
UBL Fund Managers,substitute,ublfunds,DNkisDyMwXu,reel,https://www.instagram.com/ublfunds/reel/DNkisDyMwXu/,media/ublfunds/DNkisDyMwXu.jpg,"Video by UBL Funds on August 20, 2025.",
UBL Fund Managers,substitute,ublfunds,DLj9FzXI_3H,reel,https://www.instagram.com/ublfunds/reel/DLj9FzXI_3H/,media/ublfunds/DLj9FzXI_3H.jpg,"Video by UBL Funds on July 01, 2025.",
UBL Fund Managers,substitute,ublfunds,C0MOKhSocyS,reel,https://www.instagram.com/ublfunds/reel/C0MOKhSocyS/,media/ublfunds/C0MOKhSocyS.jpg,"Video by UBL Funds on November 28, 2023.",
UBL Fund Managers,substitute,ublfunds,DceOx12CGcI,p,https://www.instagram.com/ublfunds/p/DceOx12CGcI/,media/ublfunds/DceOx12CGcI.jpg,"Photo by UBL Funds on August 25, 2026. May be an image of calendar, poster and text that says 'FUNDS IN THE MONTH OF RABI UL AWAL, let's renew our commitment to follow the path of love & peace shown by the Prophet (SAW) Eid Milad-un-Nabi Milad- Mubarak 庭區蜜區 Diaclaimer: AMC Rated AMI' มิงานงงไม lundiplan )ivauntory bligationa VIS Call Now 0800-00026 SMS INVEST' to 8258 .PiL perlamen .Us0o logo nacessarily ndicative ปาล โนอนทด eaults. asgh lghen Dove bove'.",
UBL Fund Managers,substitute,ublfunds,DcdL47_jIrP,p,https://www.instagram.com/ublfunds/p/DcdL47_jIrP/,media/ublfunds/DcdL47_jIrP.jpg,"Photo by UBL Funds on August 25, 2026.",
UBL Fund Managers,substitute,ublfunds,Dca-Uw3grJ2,p,https://www.instagram.com/ublfunds/p/Dca-Uw3grJ2/,media/ublfunds/Dca-Uw3grJ2.jpg,"Photo by UBL Funds on August 24, 2026.",
UBL Fund Managers,substitute,ublfunds,Dcazxa3jPIk,p,https://www.instagram.com/ublfunds/p/Dcazxa3jPIk/,media/ublfunds/Dcazxa3jPIk.jpg,"Photo by UBL Funds on August 24, 2026. May be an image of phone, water heater and text.",
UBL Fund Managers,substitute,ublfunds,DcaoSS1s1DR,reel,https://www.instagram.com/ublfunds/reel/DcaoSS1s1DR/,media/ublfunds/DcaoSS1s1DR.jpg,"Video by UBL Funds on August 24, 2026. May be an image of ‎cake and ‎text that says '‎UBI BU FUNDS نلا FUNDS سع SPIRIT 야 PAKISTAN 14 AUG 2026‎'‎‎.",
UBL Fund Managers,substitute,ublfunds,DcNmmoKjK0L,p,https://www.instagram.com/ublfunds/p/DcNmmoKjK0L/,media/ublfunds/DcNmmoKjK0L.jpg,"Photo by UBL Funds on August 19, 2026. May be an image of money, poster, magazine and text.",
UBL Fund Managers,substitute,ublfunds,DcNdT6qjOCZ,p,https://www.instagram.com/ublfunds/p/DcNdT6qjOCZ/,media/ublfunds/DcNdT6qjOCZ.jpg,"Photo by UBL Funds on August 18, 2026. May be a graphic of poster, magazine, office and text.",
UBL Fund Managers,substitute,ublfunds,DcNc9TVjH77,p,https://www.instagram.com/ublfunds/p/DcNc9TVjH77/,media/ublfunds/DcNc9TVjH77.jpg,"Photo by UBL Funds on August 18, 2026. May be a graphic of office and text.",
UBL Fund Managers,substitute,ublfunds,DcLgeH8lLnr,p,https://www.instagram.com/ublfunds/p/DcLgeH8lLnr/,media/ublfunds/DcLgeH8lLnr.jpg,"Photo by UBL Funds on August 18, 2026. May be a graphic of ‎office and ‎text that says '‎UBL FUNDS Job Role: Education: We're Hiring! Relationship Manager Distribution To develop and maintain effective relationship शट with clients and generate funds from UBL branches. Minimum 14 years of formal educaction from any foreign or HEC recognized recog University. At least 1-2 years of relevant work experience. وس Experience: Location: Jhelum Please share your CV at careers@ubifunds.com with subject li",
