brand,ring,handle,followers,following,verified,posts_seen,bio,profile_url,collected_at
State Life Insurance Corporation of Pakistan,client,statelifeofficialpakistan,"2,499",1,False,12,"Log In Sign Up statelifeofficialpakistan 2,499 followers 1 following State Life Insurance Corporation of Pakistan ☎️ Call Center: 051-111-777-542 | 📍 Principal Office: State Life Building No. 9, Dr. Ziauddin Ahmed Road, Karachi 75530 statelife.com.pk Collaborations Announcements CommunityWelfare Milestones Products Show more posts from statelifeofficialpakistan Meta About Blog Jobs Help API Privac",https://www.instagram.com/statelifeofficialpakistan/,2026-08-27
EFU Life Assurance,direct,efu_life,19.1K,1,False,12,"Log In Sign Up efu_life 19.1K followers 1 following EFU Life Leading Life, Health Insurer & Family Takaful operator in Pakistan. Rated AM1(p) highest quality management & AA++... more youtube.com/efulifeofficial and 2 more WIN Lite Podcast SOP Ready to WIN? WIN #CricketKoManao AKM 2023 PRIMUS Details Loyalty Offers Corporate & CSR Show more posts from efu_life Meta About Blog Jobs Help API Privacy",https://www.instagram.com/efu_life/,2026-08-27
Jubilee Life Insurance,direct,jubileelife,15.6K,0,True,12,Log In Sign Up jubileelife 15.6K followers 0 following Jubilee Life Insurance Plan for your future and the future of your Family WhatsApp us at 021-111-111-554 UAN: (021) 111-111-554 (JLI) Email:... more www.jubileelife.com and 2 more Show more posts from jubileelife Accounts you might like See all Jubilee Group Kenya Jubilee Group Kenya Follow Meta About Blog Jobs Help API Privacy Terms Locations,https://www.instagram.com/jubileelife/,2026-08-27
Adamjee Life Assurance,direct,adamjeelifeassurance,"1,843",0,False,12,"Log In Sign Up adamjeelifeassurance 1,843 followers 0 following Adamjee Life Assurance adamjeelifeassurance Your trusted Life Insurance and Family Takaful provider in Pakistan, rated AA for financial strength, governance, and... more Children’s Day Orbis Protection Start Here Our Initiatives #Tohfazindagika FAQs MOU Show more posts from adamjeelifeassurance Meta About Blog Jobs Help API Privacy Te",https://www.instagram.com/adamjeelifeassurance/,2026-08-27
IGI Life Insurance,direct,igilifevitality,"2,164",12,False,12,"Log In Sign Up igilifevitality 2,164 followers 12 following IGI Life Insurance Limited Pakistan's first active life insurance that rewards you weekly, monthly and yearly. igilife.com.pk REWARDS VRWC CCA'21 PSL6 X QG Vouch365 Contest Winners WWF Pakistan 1 BN Shoutouts easyinsurance Show more posts from igilifevitality Meta About Blog Jobs Help API Privacy Terms Locations Popular Instagram Lite Met",https://www.instagram.com/igilifevitality/,2026-08-27
Askari Life Assurance,direct,askari_life,623,0,False,12,"Log In Sign Up askari_life 623 followers 0 following Askari Life Assurance Company #IraadaKaro Jeene Ka, Har Ghari! With Askari Life Assurance www.askarilife.com Services Reviews Myths Products Show more posts from askari_life Meta About Blog Jobs Help API Privacy Terms Locations Popular Instagram Lite Meta AI Threads Contact Uploading & Non-Users Meta Verified English Afrikaans العربية Čeština Da",https://www.instagram.com/askari_life/,2026-08-27
TPL Life Insurance,direct,tpllife,"3,169",8,False,12,"Log In Sign Up tpllife 3,169 followers 8 following TPL Life tpllife Pakistan's trailblazing Insurtech at your service. Empowering lives through cutting-edge insurance solutions.. bit.ly/TPLLife and 1 more Life at TPL Life Events Special Days Offers Show more posts from tpllife Meta About Blog Jobs Help API Privacy Terms Locations Popular Instagram Lite Meta AI Threads Contact Uploading & Non-Users",https://www.instagram.com/tpllife/,2026-08-27
Pak-Qatar Family Takaful,adjacent,pqftl_official,129,1,False,12,"Log In Sign Up pqftl_official 129 followers 1 following PQFTL, rated AA by VIS & PACRA & AM2+ by PACRA, is the pioneer and largest dedicated Takaful company in Pakistan. Show more posts from pqftl_official Meta About Blog Jobs Help API Privacy Terms Locations Popular Instagram Lite Meta AI Threads Contact Uploading & Non-Users Meta Verified English Afrikaans العربية Čeština Dansk Deutsch Ελληνικά ",https://www.instagram.com/pqftl_official/,2026-08-27
Dawood Family Takaful,adjacent,dawoodfamilytakafulofficial,545,0,False,12,Log In Sign Up dawoodfamilytakafulofficial 545 followers 0 following Dawood family takaful dawoodtakaful.com Show more posts from dawoodfamilytakafulofficial Meta About Blog Jobs Help API Privacy Terms Locations Popular Instagram Lite Meta AI Threads Contact Uploading & Non-Users Meta Verified English Afrikaans العربية Čeština Dansk Deutsch Ελληνικά English English (UK) Español (España) Español فا,https://www.instagram.com/dawoodfamilytakafulofficial/,2026-08-27
EFU Life Window Takaful,adjacent,efu_life_assurance_ltd,912,863,False,12,Log In Sign Up efu_life_assurance_ltd 912 followers 863 following EFU Life Assurance Ltd. ⛦Since 1932. ⛦Largest Insurance Group of Pakistan. ⛦Shariah Compliant / حمایہ تکافل ⛦Insurance at your doorstep... more Highlights Show more posts from efu_life_assurance_ltd Meta About Blog Jobs Help API Privacy Terms Locations Popular Instagram Lite Meta AI Threads Contact Uploading & Non-Users Meta Verifie,https://www.instagram.com/efu_life_assurance_ltd/,2026-08-27
Al Meezan Investments,substitute,almeezangroup,81.8K,2,False,12,"Log In Sign Up almeezangroup 81.8K followers 2 following Al Meezan Investments almeezangroup Al Meezan Investment Management Limited, is a joint venture of Meezan Bank Ltd & Pakistan Kuwait Investment Company... more www.almeezangroup.com and 1 more Show more posts from almeezangroup Meta About Blog Jobs Help API Privacy Terms Locations Popular Instagram Lite Meta AI Threads Contact Uploading & No",https://www.instagram.com/almeezangroup/,2026-08-27
UBL Fund Managers,substitute,ublfunds,21.6K,2,False,12,Log In Sign Up ublfunds 21.6K followers 2 following UBL Funds ublfunds Let us help you plan for your future.Install UBL Funds App: http://bit.ly/47qCx2I WhatsApp 021111825262 WhatsApp... more www.ublfunds.com and 1 more UBL Funds Whatsapp Retirement Show more posts from ublfunds Meta About Blog Jobs Help API Privacy Terms Locations Popular Instagram Lite Meta AI Threads Contact Uploading & Non-Use,https://www.instagram.com/ublfunds/,2026-08-27
Jubilee Life Window Takaful,adjacent,,,,,0,NO INSTAGRAM ACCOUNT FOUND - NO SEPARATE ACCOUNT FOUND - likely posts under @jubileelife. Record as absence.,,2026-08-27
Adamjee Life Window Takaful,adjacent,,,,,0,NO INSTAGRAM ACCOUNT FOUND - NO SEPARATE ACCOUNT FOUND - likely posts under @adamjeelifeassurance. Record as absence.,,2026-08-27
Postal Life Insurance,substitute,,,,,0,NO INSTAGRAM ACCOUNT FOUND - NO OFFICIAL INSTAGRAM FOUND. Facebook pages exist but look unofficial/regional. Absence is a finding.,,2026-08-27
Central Directorate of National Savings,substitute,,,,,0,NO INSTAGRAM ACCOUNT FOUND - NO OFFICIAL INSTAGRAM FOUND. Active on X (@savingsgovpk) and Facebook only. Absence is a finding.,,2026-08-27
