brand,posts_dated,posts_per_week,days_since_last,band
Adamjee Life Assurance,21,5.7,4,active
Al Meezan Investments,21,6.7,1,active
Askari Life Assurance,21,1.5,3,moderate
Dawood Family Takaful,21,0.1,455,DORMANT
EFU Life Assurance,21,8.6,4,active
EFU Life Window Takaful,21,3.1,22,moderate
IGI Life Insurance,21,4.1,9,active
Jubilee Life Insurance,21,21.0,3,active (burst)
Pak-Qatar Family Takaful,21,2.2,8,moderate
State Life Insurance Corporation of Pakistan,21,2.2,14,moderate
TPL Life Insurance,21,0.8,19,slow
UBL Fund Managers,21,5.1,3,active
