channel,video_id,upload_date,views,duration,title,description
BaKhabar Kissan ,hKKpC4c7AYQ,20201216,30761,42,Kissan Day - 18 December - کسان سے ہے پاکستان,"#Pakistan #FarmerDay #KissanDay  Lets Celebrate Kissan Day with Bakhabar Kissan. We are paying tribute to the farmer community who works really hard so that the world does not starve. Lets make them happy and aware of their importance in our communities.  Lets take some time out to share this message and be grateful for the fresh and healthy food that we are blessed with everyday.   If You Have Any Queries, You can call Bakahabar Kissan Helpline on (+92) 303-0300000 anytime or Use our Android Application.  ✭https://play.google.com/store/apps/details?id=com.switchsolutions.agricultureapplicatio"
BaKhabar Kissan ,g5X-TE2v080,20191218,1415,22,Kissan Day - 18 December  |BaKhabar Kissan|,"#Pakistan #FarmerDay #KissanDay  Lets Celebrate Kissan Day with Bakhabar Kissan. We are paying tribute to the farmer community who works really hard so that the world does not starve. Lets make them happy and aware of their importance in our communities.  Lets take some time out to share this message and be grateful for the fresh and healthy food that we are blessed with everyday.   If You Have Any Queries, You can call Bakahabar Kissan Helpline on (+92) 303-0300000 anytime or Use our Android Application.  ✭https://play.google.com/store/apps/details?id=com.switchsolutions.agricultureapplicatio"
DIGITAL KISAN Pakistan,m9p8VPss7pM,20221218,881,944,18 december kisan day sirf tv show per  kisan Haqeeqat main rull gia pakistan ka kisan,
FACE of sialkot,MOwxwKK-KI4,20231221,17,117,18 December kisan day par government of Pakistan ka kisan ko bara surprise| Face of sialkot,18 December kisan day par government of Pakistan ka kisan ko bara surprise| Face of sialkot   Your Queries:-  Ali Noor Azad Films Sarsabz Fatima Group Fatima Fertilizer Salam Kissan Kissan Pakistan Farming Jami Moor Farmer noori gundam ka rate today punjab gundam ka rate today gandam rate today gundam rate today monji rate today makki rate today wheat rate today makki rate today punjab today gandam rate makki ka rate today today gundam rate galla mandi rate today 2023 wheat rate today punjab today wheat rate makki ka rate corn rate today punjab maize rate today punjab today galla mandi ke rate
Barket Fertilizers,ap0A6oZTeiA,20231218,41,27,Kissan Day - Kisan Ki Azmat Faslon Mein Barket,
Green Corporate Livestock Initiative,t8Aya1SFhf4,20241218,65,56,Empowering Farmers with Cutting-Edge Livestock Technology | Kissan Day Special 🌱🐄,"On this Kissan Day, we honor the backbone of our economy: our farmers! 🌾 At Green Corporate Livestock Initiative (GCLI), we're transforming the livestock industry with Sexed Semen Technology and IVF Solutions for improved milk and meat production. 🚜  From advanced reproductive techniques to sustainable farming solutions, we're here to support Pakistan's hardworking farmers with tools for success. 🐂💪  Let's work together for a brighter, more productive agricultural future! 🌍  #KissanDay #LivestockTechnology #GCLI #FarmingInnovation #SustainableAgriculture #IVFTechnology #SexedSemen #EmpoweringF"
BaKhabar Kissan ,cQNMnOxydT4,20201218,1210,50,Kissan Day - Tribute to Pakistan's Farmer - کسان سے ہی پاکستان,"#Pakistan #FarmerDay #KissanDay  Lets Celebrate Kissan Day with Bakhabar Kissan. We are paying tribute to the farmer community who works really hard so that the world does not starve. Lets make them happy and aware of their importance in our communities.  Lets take some time out to share this message and be grateful for the fresh and healthy food that we are blessed with everyday.   If You Have Any Queries, You can call Bakahabar Kissan Helpline on (+92) 303-0300000 anytime or Use our Android Application.  ✭https://play.google.com/store/apps/details?id=com.switchsolutions.agricultureapplicatio"
BaKhabar Kissan ,3g9ZfqSbJcU,20211217,2388,66,Celebrating Kissan Day - Tribute to Pakistan's Farmer - کسان سے ہے پاکستان,#Pakistan #FarmerDay #KissanDay  Lets Celebrate Kissan Day with Bakhabar Kissan. We are paying tribute to the farmer community who works really hard so that the world does not starve. Lets make them happy and aware of their importance in our communities.  Lets take some time out to share this message and be grateful for the fresh and healthy food that we are blessed with everyday.    To subscribe our Channel - https://bit.ly/30yhYzA   --------------------------------------------------------------------------------    ہایڈروپونکس فارمنگ کے متعلق مزید جانیے https://youtu.be/h3DRfrIls8U  لہسن کی 
JPL Pakistan,cMzn7E3P_ws,20201218,788,55,Salam Kissan - Osman Bashir Director Operations tribute to farmers of Pakistan by JPL Pakistan,Director Operations Rahim Yar Khan Mr. Osman Bashir tribute to farmers of Pakistan on National Kissan Day
JPL Pakistan,gcOKFB57dgE,20201218,590,43,Salam Kissan - M. Ahsan Habib Director Operations tribute to farmers of Pakistan by JPL Pakistan,Director Operations Arifwala Muhammad Ahsan Habib tribute to farmers of Pakistan on National Kissan Day 2020
BaKhabar Kissan ,Ida0wrwqxqA,20221216,469,66,Celebrating Kissan Day - Tribute to Pakistan's Farmer - کسان سے ہے پاکستان,#Pakistan #FarmerDay #KissanDay  Lets Celebrate Kissan Day with Bakhabar Kissan. We are paying tribute to the farmer community who works really hard so that the world does not starve. Lets make them happy and aware of their importance in our communities.  Lets take some time out to share this message and be grateful for the fresh and healthy food that we are blessed with everyday.    To subscribe our Channel - https://bit.ly/30yhYzA   --------------------------------------------------------------------------------    ہایڈروپونکس فارمنگ کے متعلق مزید جانیے https://youtu.be/h3DRfrIls8U  لہسن کی 
SAMAA TV,wAXuMx-pWs8,20210701,5181,415,LIVE | PM Imran Khan attends National Kissan Convention | Speech today | SAMAATV,"#SamaaLive #livenews #LiveNewsStream  ​  Stay up-to-date on the major news making headlines across Pakistan on SAMAA TV’s top of the hour segment. For in-depth coverage watch the bulletins.  SAMAA TV is Pakistan’s first private satellite news channel that provides live transmission simultaneously from five cities of Pakistan: Karachi, Lahore, Islamabad, Quetta and Peshawar.   SAMAA’s live news bulletins, incisive political talk shows and a wide range of programs including sports, social issues and infotainment has enabled it to position itself among the top tier news and current affairs channe"
GNN,fG1CTr0rHMY,20201218,1369,81,Farmers Day 2020 in Pakistan l GNN l 18 Dec 2020,Khabar Hai- https://www.youtube.com/playlist?list=PLNSD0EXJ-HpIpegrHsSBKLgCSym6cZflp   Live with Dr. Shahid Masood - https://www.youtube.com/playlist?list=PLNSD0EXJ-HpI2dx1FMTITt5ylb5-CJHVn  View Point - https://www.youtube.com/playlist?list=PLNSD0EXJ-HpJUSI4N13FAIZmwBKQAGkn9&  Face to Face with Ayesha Bakhsh - https://www.youtube.com/playlist?list=PLNSD0EXJ-HpLkW3p8lFzA8jP9uNjn0Wvo  G Kay Sang with Mohsin Bhatti - https://www.youtube.com/playlist?list=PLNSD0EXJ-HpKiwCdN8LtpGKpXHGuB_XwL  Media Talks and Press Conferences - https://www.youtube.com/playlist?list=PLNSD0EXJ-HpJ5ZgboRZ_Vezf-FnqQaEI
,4FRpqwSpL3c,20241218,126,602,National Farmer's Day | Agricultural Companies Openup about Govt Policies | 18 Dec 24 | Neo News,"National Farmer's Day | Agricultural Companies Openup about Govt Policies | 18 Dec 24 | Neo News  Neo News is a Pakistani news and current affairs channel. It is committed to providing its viewers with comprehensive and unbiased news from Pakistan and around the world, providing a platform for diverse voices to be heard.  Our YouTube channel features wide range of news, current affairs with in-depth analysis and interviews, talk shows with experts and policymakers and documentaries on topics from history and culture to science and technology.  Subscribe to Neo News today and stay informed abou"
Aaj News,cj629L1hHNA,20251218,196,1274,Pakistan Farmers Day | Agriculture Sector | Food Security | Agri Future - Aaj Pakistan,#AajNews #PakistanNewsLive #BreakingNews #PakistanNews #LatestNews #FarmersDay #PakistanAgriculture #FoodSecurity #AgriFuture #AgricultureSector #FarmersRecognition #PakistanNews #SustainableFarming #RuralDevelopment #AgriInnovation  Pakistan Farmers Day | Agriculture Sector | Food Security | Agri Future - Aaj Pakistan   Pakistan Farmers Day | agriculture sector Pakistan | food security Pakistan | Pakistan agricultural future | farmers recognition Pakistan | sustainable farming Pakistan | rural development Pakistan | agricultural innovation Pakistan | agri economy Pakistan | farming industry P
SAMAA TV,SgDupYlHKwc,20201218,1164,569,Farmers' Day is being celebrated in Pakistan today | Naya Din | SAMAA TV,"#nayadin #Samaatv #NayadinMorningshow  Mon to Fri | 9am to 11am Host : Mehak Aslam - Muhammad Shuaeb Naya Din is a morning show in which current affairs, social trendings, talents & much more things to be discussed. Mehak Aslam and Muhammad Shuaeb start your day with uncovered stories on health, beauty, technology, culture, celebrities and education.  SAMAA Network :  SUBSCRIBE to get the latest SAMAA News content: https://bit.ly/2Wh8Sp8  ► SAMAA News YouTube Channel: https://bit.ly/2Wh8Sp8 ► SAMAA Originals YouTube Channel: https://bit.ly/32c1qO3 ► SAMAA MONEY YouTube channel: https://bit.ly/"
MANG SPECIAL,09iAQ-mVHSo,20241220,12,412,18 December Farmer's Day FFC Reginal Manager Mr. Sohail Khan Speech,"🌾 18 December – Farmer’s Day 2025 Celebration | FFC Regional Manager Mr. Sohail Khan Speech 🌾  This video covers the celebration of Farmer’s Day (Kisan Day) in Pakistan, held on 18th December, where Fauji Fertilizer Company (FFC) Regional Manager Mr. Sohail Khan delivered an inspiring and motivational speech. His address highlights the hard work of farmers, the importance of agriculture, and the vital role of FFC in supporting Pakistan’s farming community.  👨‍🌾 Why is Farmer’s Day celebrated?  Farmer’s Day is observed every year on 18th December in Pakistan to honor the tireless efforts of our"
JPL Pakistan,PVTj4hWjXdI,20201217,700,43,Salam Kissan - A tribute to farmers of Pakistan by JPL Pakistan,Muhammad Kashif Raza General Manager Agrochemicals JPL group tribute to Farmers of Pakistan.
BOL News,BpwfIrb85lc,20241218,150,96,Honoring Farmers on Kissan Day | Fatima Fertilizers Celebrates Significant Milestone | Breaking News,Honoring Farmers on Kissan Day | Fatima Fertilizers Celebrates Significant Milestone | Breaking News #Farmers #BOLNews #KissanDay #BreakingNews #BOLKissan   Pakistan | Pakistani Farmers | Farmers | Farmers Pakistan | Farmers Day | Pakistan Farmers Life | Kisan Card | Kissan Madadgar | Pakistan Kissan Ittehad | Live Show | Politics Shows | News Programs | News Programs Today | News Shows Today | News Live | News Live Today | Pakistan News Live | Pakistan News Today | News Today | Live News Today | Latest News | Politics | Pakistan Politics | BOL News Live | Rabil Sadozoi | Live News Today | Bre
Express News,ka_VUG1yplE,20241218,85072,2549,Kissan Day Special Program in the Prosperity of Farmers | Fatima Fertilizer | Express News,"Kissan Day special program in the prosperity of farmers | Fatima Fertilizer | Express News | Syed Muzammil Shah | Syed Muzammil Kisan Program   In the prosperity of farmers lies the prosperity of our beloved nation!  This 6th Farmers Day, join us for an insightful conversation with Fatima Fertilizer as we delve into the daily lives, challenges, and resilience of our farmers—our nation's backbone. Let's come together to celebrate their hard work and honor their contributions to our economy and food security.    #SalamKissan #KissanDay #SarsabzPakistan  __________________________________________"
GNN,WQCUoVNQw1s,20241218,101,70,5th National Farmers Day Being Celebrated in Pakistan | GNN,5th National Farmers Day Being Celebrated in Pakistan | GNN   Khabar Hai- https://www.youtube.com/playlist?list=PLNSD0EXJ-HpIpegrHsSBKLgCSym6cZflp   Live with Dr. Shahid Masood - https://www.youtube.com/playlist?list=PLNSD0EXJ-HpI2dx1FMTITt5ylb5-CJHVn  View Point - https://www.youtube.com/playlist?list=PLNSD0EXJ-HpJUSI4N13FAIZmwBKQAGkn9&  Face to Face - https://www.youtube.com/playlist?list=PLNSD0EXJ-HpLkW3p8lFzA8jP9uNjn0Wvo  G Kay Sang with Mohsin Bhatti - https://www.youtube.com/playlist?list=PLNSD0EXJ-HpKiwCdN8LtpGKpXHGuB_XwL  Media Talks and Press Conferences - https://www.youtube.com/play
BOL News,ELTj5-ugCvs,20221209,1800,674,Salam Kissan Program in Pakistan | Naseer Ullah Khan Exclusive Interview | Breaking News,Salam Kissan Program in Pakistan | Naseer Ullah Khan Exclusive Interview | Breaking News  #SalamKisaan #Pakistan #BreakingNews  kisan | salam kissan | salam kissan program | salam kissan program pakistan | salam kissan | salam kissan pakistan | salam kissna program | salam kissan fatime fertilizers | fatima fertilizers | fatime fertilizer pakistan | salam pakistan | naseer ullah khan | salam kisaan | farmers | farmers in pakistan | pakistan | farmers pak | dunya bol hai | dunya Bol hai Morning show | Morning show | Warda Shoaib | talha jatoi | BOL News  For the Latest Updates visit our Website
Rizq Foods,JrKSQ9-m5To,20251217,47,144,Salam Kisan | Kisan Day Pakistan | Rizq foods,"From the soil to our tables 🌾 Honoring the hands that work tirelessly for our food. This Kisan Day, we stand with the farmers of Pakistan. Rizq Foods - Pure in every grain.   #KisanDay #FarmersOfPakistan #SaluteToFarmers #RizqFoods #FromSoilToTable #PureInEveryGrain"
Syngenta Pakistan,wvUUC_p5Huk,20241214,688614,70,Kisan Day | کسان کا عالمی دن,محنت سے سینچیں فصلیں ہماری ہماری زمین ہماری ذمہ داری!
Syngenta Pakistan,ltBEqFz7hB8,20231215,123970,11,Kisan Day 2023,زندگی کے جو ہیں مسلسل امتحان روز جیتا ہے محنت سے ہمارا کسان #SyngentaPakistan #MaiKisanHun
DIGITAL KISAN Pakistan,Pva95maP9GA,20241217,491,254,Farmer day Kisan Day Salute to Farmers,
DIGITAL KISAN Pakistan,5nQB-Hbx8Tw,20240919,323,568,Tilli ki fasal kaisì paidawar day rahi hay kisan bhai us per kia kehtay hain ? tili ...,
Aaj News,pLhFDWrny1c,20240429,1700,39,The government is afraid of the farmer's strike? - Chairman Kisan Etihad big revelation - Aaj News,"#AajNews #farmersprotest #govt #protest   The government is afraid of the farmer's strike? - Chairman Kisan Etihad big revelation - 29 April, 2024  - Aaj News  The Aaj News team brings you impartial and balanced coverage of Pakistan's biggest stories. Munizae Jahangir and Shaukat Piracha, our prime time Current Affairs analysts wrap up the day by holding power to account. And head over to Aaj Entertainment or our many other channels for dramas, recipes, financial advice and the morning show with Sidra Iqbal.  NOTE: All Aaj TV Official content is copyright protected and must not be used without"
Aaj News,lLbRKvnzum4,20230909,280,78,"Fertilizer prices increase, Pakistan Kisan Ittehad announces strike - Aaj News","#AajNews #fertilize #pakistankisanittehad #strike    Fertilizer prices increase, Pakistan Kisan Ittehad announces strike - 09 September, 2023  - Aaj News  The Aaj News team brings you impartial and balanced coverage of Pakistan's biggest stories. Asma Shirazi, Munizae Jahangir and Shaukat Piracha, our prime time Current Affairs analysts wrap up the day by holding power to account. And head over to Aaj Entertainment or our many other channels for dramas, recipes, financial advice and the morning show with Sidra Iqbal.  NOTE: All Aaj TV Official content is copyright protected and must not be use"
Syngenta Pakistan,XodtnSQyoog,20231216,399264,60,Kisan Day 2023,حالات کی سختی سے جب جب اندھیرا چھایا ہمارا کسان کبھی اس گردش سے نہ گھبرایا!   # SyngentaPakistan #MaiKisanHun
Syngenta Pakistan,pBsJiChi3RU,20241217,31709,6,Kisan Day | کسان کا عالمی دن,محنت سے سینچیں فصلیں ہماری ہماری زمین ہماری ذمہ داری!
BOL News,inlGug06vUU,20241218,529,1346,Special Tribute to Farmers | Pakistan's Prosperity Starts with Happy Farmers | Kissan Day 2024,Special Tribute to Farmers | Pakistan's Prosperity Starts with Happy Farmers | Kissan Day 2024 | BOL News #Farmers #BOLNews #KissanDay #BreakingNews #BOLKissan   Pakistan | Pakistani Farmers | Farmers | Farmers Pakistan | Farmers Day | Pakistan Farmers Life | Kisan Card | Kissan Madadgar | Pakistan Kissan Ittehad | Live Show | Politics Shows | News Programs | News Programs Today | News Shows Today | News Live | News Live Today | Pakistan News Live | Pakistan News Today | News Today | Live News Today | Latest News | Politics | Pakistan Politics | BOL News Live | Rabil Sadozoi | Live News Today 
Soby Agro Machinery,qFca618oZ-4,20221218,89,37,"#KissanDay | 4K Video | Happy Kissan, Happy Jahan | کسان خوش، تو جہان خوش | Soby Agro Machinery","#sobyagromachinery  #4k #kissanday #happykissan #2022 #18december2022   Subscribe here: https://bit.ly/3LZaPiy   Happy Farmers day to all farmers of the nation تمام کسان بھائیوں کو قومی کسانوں کے دن کی ڈھیروں مبارک ہو!  Call @ 0304-111-222-0 ( 8 am to 8 pm) WhatsApp - https://wa.me/923041112220    A one stop solution for farm mechanisation, machinery, service & training.  You can find all types of Farm Machinery, Dairy Machinery, Modern Tools & Spare Parts from us. We can help you find the best solutions for your everyday problems at the farm. Our aim is to minimise input cost and labour at yo"
Yaariyan Production,g1sl8iHCcjI,20201217,5530,360,KISAN KA DARD || happy farmers day 2021 || Heart touching farmer Story ||  New song,"KISAN KA DARD || happy farmers day 2021 || Heart touching farmer Story ||  New songhappy national farmers day today special happy farmers day 2021, happy national farmers day, today special, happy national farmers day status 2021, happy kisan diwas status song 2021, happy kishan diwas song 2021, kisan diwas status video jai jawan jai kisan kisan day kisan diwas whatsapp status indian national farmers day status video song, Happy National farmers day whatsapp status, farmers day whatsapp status, farmers day protest, farmers day whatsapp status telugu, farmers day whatsapp status tamil farmers d"
Yaariyan Production,FAWRIAlQyU4,20201223,2234647,35,happy farmers day 2025 || happy national farmers day || farmers day whatsapp || kisan status,"happy farmers day 2025 farmers day whatsapp status 2025 happy national farmers day status 2025 happy kisan diwas status song 2025 happy kishan diwas song 2025 kisan diwas status video jai jawan jai kisan kisan day kisan diwas whatsapp status indian national farmers day status video song, Happy National farmers day whatsapp status, farmers day whatsapp status, farmers day protest, farmers day whatsapp status telugu, farmers day whatsapp status tamil farmers day whatsapp status kannada farmers day whatsapp status marathi farmers day whatsapp status hindi farmers day protest status telugu farmers"
LIMS COE,klLqK-Ek_wA,20241218,71,60,Happy Kisan Day: LIMS Celebrating the Heartbeat of Agriculture!,"🌱💪 Saluting the Heroes of the Soil! 💪🌱  This Kissan Day, we honor the unwavering dedication of our farmers—turning hard work into harvests and dreams into reality. 🌾  Let’s come together to: 🌟 Appreciate their contributions 🌟 Pledge support for sustainable agriculture 🌟 Champion innovation in farming  At LIMS, we stand with our farmers, empowering them with cutting-edge technology and advisory services to ensure a brighter future.  ✨ Because when farmers grow, the nation flourishes! ✨  Please visit our official website www.limspakistan.com for more information and inquires.  #KisanDay#smartfar"
