query,rank,video_id,channel,title,views,duration
Kissan Day 18 December,1,y6sTmZufLYo,Sarsabz,Kissan Day | 18th Dec | Event Highlights,2256,131
Kissan Day 18 December,2,PX7Lvjs639U,Sarsabz,Salam Kissan | Kissan Day 18th Dec | A Tribute to Farmers by Sarsabz Fertilizer,19976928,255
Kissan Day 18 December,3,NQtvlnCfXzU,Daily Pakistan Global,Celebrating Kissan Day on 18th December...,12925,336
Kissan Day 18 December,4,Pd0z78-UJio,Sarsabz,Salam Kissan 2022 | Kissan Day 18th Dec | A Tribute to Farmers by Sarsabz Fertilizers,6504013,169
Kissan Day 18 December,5,0eEYOPjmXFI,Sarsabz,Ahsan Khan Pays a Tribute to Kissan with Sarsabz | Kissan Day 18th Dec,147494,62
Kissan Day 18 December,6,HtONbl5yVIU,Sarsabz,"Time to Appreciate the Unsung Heroes, Kissan! | Salam Kissan, Sarsabz Pakistan | Kissan Day 18th Dec",478967,43
Kissan Day 18 December,7,hKKpC4c7AYQ,BaKhabar Kissan ,Kissan Day - 18 December - کسان سے ہے پاکستان,30760,43
Kissan Day 18 December,8,92w-otZtj3w,Sarsabz,"Reema Khan paying a tribute to Farmers | Kissan Day 18th Dec | Salam Kissan, Sarsabz Pakistan",152900,76
Kissan Day 18 December,9,g5X-TE2v080,BaKhabar Kissan ,Kissan Day - 18 December  |BaKhabar Kissan|,1414,22
Kissan Day 18 December,10,yITH0i--5Fo,Sarsabz,"Thank you, Kissan! | Salam Kissan, Sarsabz Pakistan | Celebrating Kissan Day on 18th Dec",382444,43
Kissan Day 18 December,11,wt_rH3e-ORY,Sarsabz,Let's Pledge Not To Waste Food | Kissan Day 18th December | Sarsabz Fertilizers,387643,45
Kissan Day 18 December,12,bxGaPtgQwR4,Sarsabz,Minister Climate Change | Zartaj Gul | Celebrating Kissan Day 18th December,64036,74
Kissan Day 18 December,13,MDMHveQemRc,UrduPoint.com,Celebrating Kissan Day on 18th December,7442,350
Kissan Day 18 December,14,jw1Nm_llfbM,Sarsabz,"Kissan Day 18th December 2020 | Event Highlights | Salam Kissan, Sarsabz Pakistan",2941,115
Kissan Day 18 December,15,VMojXAgVtUM,Sarsabz,Muniba Mazari pays a tribute to the Farmer's of Pakistan | Kissan Day 18th December 2020,141949,55
Kissan Day 18 December,16,0HCW2XeHk9o,Sarsabz,Hina Dilpazeer | Celebrating Kissan Day on 18th Dec,672,59
Kissan Day 18 December,17,N9vQiWHcezA,Sarsabz,"Shahid Afridi celebrating Kissan Day on 18th Dec | Salam Kissan, Sarsabz Pakistan",114794,34
Kissan Day 18 December,18,PzBIQ06_Mzg,Sarsabz,Agriculture Minister KPK | Mohibullah Khan | Celebrating Kissan Day on 18th Dec,1146,52
Kissan Day 18 December,19,jEuOH0q2RkY,Daily Pakistan Global,Salam Kissan 2021 | Kissan Day | A Tribute to Farmers by Sarsabz Fertilizers,8150,310
Kissan Day 18 December,20,cwDon8APXAU,Cultural Pakistan,Salam Kissan National Kissan Day #18december #farming #thanksfarmers #pakistan #statusvideo,21,86
Kissan Day 18 December,21,6524k1TapsI,Sarsabz,Cricketer Wasim Akram Celebrating Kissan Day on 18th December with Sarsabz,150976,52
Kissan Day 18 December,22,EcP3m6PnNvE,Sarsabz,Natasha Beyg | Celebrating Kissan Day on 18th Dec 2019 | Salam Kissan,343,53
Kissan Day 18 December,23,LtLLNe4hFGg,Nafay Khan1,A tribute to farmers 18 Dec kissan Day salam kissan 2021 #salamkissan #sarsabzpakistan  #kissanday,387,403
Kissan Day 18 December,24,Im3Vp2mD67E,Sarsabz,Shan Masood Celebrating Kissan Day | 18th Dec | Multan Sultans | Salam Kissan,64256,34
Kissan Day 18 December,25,zxa4TXozrAA,Pakistan Village Life,A Tribute To The Farmer's Of Pakistan|Kissan Day 18th December 2020 |Sarsabz Fertilizers|Celebrating,248,841
Kissan Day 18 December,26,YkNq3zGVITI,Sarsabz,Agriculture Minister Punjab | Syed Hussain Jahania Gardezi | Celebrating Kissan Day on 18th Dec,53805,87
Kissan Day 18 December,27,t2JC0sCMAUk,Sarsabz,Sarsabz Fertilizers Celebrating Kissan Day on 18th December!,2244091,15
Kissan Day 18 December,28,V9cE9eh_W6g,Sarsabz,Mehmal Sarfraz | Celebrating Kissan Day on 18th Dec 2019 | Salam Kissan,623,39
Kissan Day 18 December,29,8BcvhLIP-qU,Prof Muhammad Anwar Virk,Salam Kissan|18 December Kissan day|جفاکش کسانوں کو سلام|Prof Muhammad Anwar Virk|18th Dec 2022|,89,715
Kissan Day 18 December,30,phDqT7p4SXk,Kisan Food Studio,Tribute To Kisan On 18 December On Kisan Day | Ku K Mai Hon Kisan | Kisan Food Studio,98,129
Kissan Day 18 December,31,yNyWwjaWXvc,Sarsabz,Madam Azra Mehmood Sheikh | Celebrating Kissan Day on 18th December 2019 | Salam Kissan,1127,41
Kissan Day 18 December,32,BYq1yUQvUvI,Munib Nawaz,"Celebrating Kissan Day on December 18, 2023",28,117
Kissan Day 18 December,33,yQg3i37b_Kw,Sarsabz,Afzal Khan Jan Rambo | Celebrating Kissan Day on 18th Dec,46302,54
Kissan Day 18 December,34,16YIA7OhqQ4,Smart Agriculture ,Farmer Day || Kissan day 18 December || Very important message to the farmers|| Rizwan Official ||,61,456
Kissan Day 18 December,35,KNAMaB6CTlY,Ali_Hussnain_0fficial,Kissan Day | 18 December 2022 | #sarsabzpakistan #kissanday #ali_hussnain_0fficial,1,53
Kissan Day 18 December,36,U8Yrw_UDZJ0,Sarsabz,Haji Abdul Majeed Nizamani | Celebrating Kissan Day on 18th Dec 2019 | Salam Kissan,545,46
Kissan Day 18 December,37,w42Gk1YArkg,Sarsabz,Actor Sohail Ahmed | Celebrating Kissan Day on 18th Dec,40007,47
Kissan Day 18 December,38,OWcM3F1KfiA,Sarsabz,Actress Jana Malik | Celebrating Kissan Day on 18th Dec,17727,44
Kissan Day 18 December,39,yKcjjLlYa28,TRACTOR zone,Kissan Day 18 December 2024 6th kisaan day #SalamKissan #SarsabzPakistan #KissanDay,2203,229
Kissan Day 18 December,40,p9poAYahvwA,Apna Channel PK,"A big day for farmers, December 18th is Kisan Day #kissanday #sarsabzpakistan",2362,136
Kissan Day 18 December,41,j1Vx5yp4pVo,Sarsabz,Rabia Sultan | Celebrating Kissan Day on 18th Dec 2019 | Salam Kissan,1392,73
Kissan Day 18 December,42,m9p8VPss7pM,DIGITAL KISAN Pakistan,18 december kisan day sirf tv show per  kisan Haqeeqat main rull gia pakistan ka kisan,881,944
Kissan Day 18 December,43,mmWpDYx1IiM,Sarsabz,KPK Special Assistance (CM) | Abdul Karim | Celebrating Kissan Day on 18th Dec,12878,58
Kissan Day 18 December,44,llIKvpyxhKM,Sarsabz,Salam Kissan 2021 | Kissan Day | A Tribute to Farmers by Sarsabz Fertilizers,13085383,211
Kissan Day 18 December,45,60-J2BfB3wY,Sarsabz,Fang Yanshui | Managing Director (CMEC) | Celebrating Kissan Day on 18th Dec!,439,241
Kissan Day 18 December,46,MOwxwKK-KI4,FACE of sialkot,18 December kisan day par government of Pakistan ka kisan ko bara surprise| Face of sialkot,17,117
Kissan Day 18 December,47,gbuWGNgjDkw,Sarsabz,Sami Ullah Chauhdhary | Celebrating Kissan Day | Salam Kissan,583,175
Kissan Day 18 December,48,k1cfzMn7hdI,Umertoor,KISSAN DAY SARSABAZ FATIMA FERTILIZER PROJECTION MAPPING 18th Dec 2019 Islamabad,52,50
Kissan Day 18 December,49,9U6QiRj3ecw,A Li Ch,#Kisan _protest 18december best day For kisaan log❤💯,1,14
Kissan Day 18 December,50,dJFEosmuG6Y,WoW Info TV,"Farmer day in Pakistan, Salam kissan",275,176
Kissan Day 18 December,51,V7rM01e_dyk,Saqib javed,#kissan day#18 december#foryyyyyyyyyyyyyyyyyy,18,127
Kissan Day 18 December,52,ua3GreeCPT8,ETV Jaikisan,Etv2_Jai Kisan 18th December 2013,137,1224
Kissan Day 18 December,53,ap0A6oZTeiA,Barket Fertilizers,Kissan Day - Kisan Ki Azmat Faslon Mein Barket,41,27
Kissan Day 18 December,54,8o7aJXkJ8ZM,THE INNOVATIVE FACTORY Events,FATIMA FERTILIZER - KISSAN DAY EVENT,469,141
Kissan Day 18 December,55,tv5VVMrsfqI,Umar Farooq,Salam Kissan 2021 | Kissan Day | Whatsapp Status | Umar Farooq,81,27
Kissan Day 18 December,56,5Hh_6zUgNuQ,Arshad musafir🚜,18 December kisan day ہماری طرف سے تمام کسان بھائیوں کو سلام,16,78
Kissan Day 18 December,57,pA9NbHLv-Ls,News18 Urdu,"Farmers Protest Continues On Kisan Diwas, Crucial Meet At 2PM Today|کسان دیوس کے دن کسانوں کا احتجاج",784,94
Kissan Day 18 December,58,dJ1QYRwNzG0,Sarsabz,Mustafa Shah | Celebrating Kissan Day on 18th Dec 2019 | Salam Kissan,513,73
Kissan Day 18 December,59,R84siKWfflo,MR News HD,MR News UpDate | Salam Kissan 2022 | Kissan Day 18th Dec | 18/12/2022 {4:00 PM},12,270
Kissan Day 18 December,60,t8Aya1SFhf4,Green Corporate Livestock Initiative,Empowering Farmers with Cutting-Edge Livestock Technology | Kissan Day Special 🌱🐄,65,57
National Kissan Day Pakistan,1,y6sTmZufLYo,Sarsabz,Kissan Day | 18th Dec | Event Highlights,2256,131
National Kissan Day Pakistan,2,NQtvlnCfXzU,Daily Pakistan Global,Celebrating Kissan Day on 18th December...,12925,336
National Kissan Day Pakistan,3,hKKpC4c7AYQ,BaKhabar Kissan ,Kissan Day - 18 December - کسان سے ہے پاکستان,30760,43
National Kissan Day Pakistan,4,cQNMnOxydT4,BaKhabar Kissan ,Kissan Day - Tribute to Pakistan's Farmer - کسان سے ہی پاکستان,1205,50
National Kissan Day Pakistan,5,yNyWwjaWXvc,Sarsabz,Madam Azra Mehmood Sheikh | Celebrating Kissan Day on 18th December 2019 | Salam Kissan,1125,41
National Kissan Day Pakistan,6,cwDon8APXAU,Cultural Pakistan,Salam Kissan National Kissan Day #18december #farming #thanksfarmers #pakistan #statusvideo,21,86
National Kissan Day Pakistan,7,3g9ZfqSbJcU,BaKhabar Kissan ,Celebrating Kissan Day - Tribute to Pakistan's Farmer - کسان سے ہے پاکستان,2388,66
National Kissan Day Pakistan,8,g5X-TE2v080,BaKhabar Kissan ,Kissan Day - 18 December  |BaKhabar Kissan|,1414,22
National Kissan Day Pakistan,9,jw1Nm_llfbM,Sarsabz,"Kissan Day 18th December 2020 | Event Highlights | Salam Kissan, Sarsabz Pakistan",2941,115
National Kissan Day Pakistan,10,VMojXAgVtUM,Sarsabz,Muniba Mazari pays a tribute to the Farmer's of Pakistan | Kissan Day 18th December 2020,141949,55
National Kissan Day Pakistan,11,N9vQiWHcezA,Sarsabz,"Shahid Afridi celebrating Kissan Day on 18th Dec | Salam Kissan, Sarsabz Pakistan",114794,34
National Kissan Day Pakistan,12,yITH0i--5Fo,Sarsabz,"Thank you, Kissan! | Salam Kissan, Sarsabz Pakistan | Celebrating Kissan Day on 18th Dec",382444,43
National Kissan Day Pakistan,13,_xb9RwrKOf4,Mediatrack TV Print Media,Fatima Fertilizer celebrates the sixth Kissan Day as a national triumph for Pakistan’s farmers,2,45
National Kissan Day Pakistan,14,aqDGl-tshoo,Nabeel Jawaid Qureshi,Salam Kissan 2021   Kissan Day   A Tribute to Farmers by Sarsabz Fertilizers,55,211
National Kissan Day Pakistan,15,wt_rH3e-ORY,Sarsabz,Let's Pledge Not To Waste Food | Kissan Day 18th December | Sarsabz Fertilizers,387643,45
National Kissan Day Pakistan,16,HtONbl5yVIU,Sarsabz,"Time to Appreciate the Unsung Heroes, Kissan! | Salam Kissan, Sarsabz Pakistan | Kissan Day 18th Dec",478967,43
National Kissan Day Pakistan,17,MDMHveQemRc,UrduPoint.com,Celebrating Kissan Day on 18th December,7442,350
National Kissan Day Pakistan,18,9HEZMr9fUMo,Sarsabz,Federal Minister of National Food Security  | Syed Fakher Imam | Celebrating Kissan Day on 18th Dec,29543,187
National Kissan Day Pakistan,19,BUco3HlvDNo,Monitoring apr,Fatima Fertilizer celebrates the sixth Kissan Day as a national triumph for Pakistan’s farmers,13,66
National Kissan Day Pakistan,20,v69q-wpwIGo,Monitoring apr,Fatima Fertilizer celebrates the sixth Kissan Day as a national triumph for Pakistan’s farmers,4,45
National Kissan Day Pakistan,21,pTsUCOEZbQ0,Monitoring apr,Fatima Fertilizer celebrates the sixth Kissan Day as a national triumph for Pakistan’s farmers,5,59
National Kissan Day Pakistan,22,SCNMzZDL4VE,Monitoring apr,Fatima Fertilizer celebrates the sixth Kissan Day as a national triumph for Pakistan’s farmers,13,45
National Kissan Day Pakistan,23,YEosDv-w2W4,Pk Entertainment Tv,Salam kisan | Pakistan Kisan Day Ptv Home Ad December 2022 | Sar Sabz Fertilizer,978,17
National Kissan Day Pakistan,24,cMzn7E3P_ws,JPL Pakistan,Salam Kissan - Osman Bashir Director Operations tribute to farmers of Pakistan by JPL Pakistan,788,55
National Kissan Day Pakistan,25,JIOC8x0C8dI,Khichi Dairy Farm ,National Kisan day 2024: Farmers' Rights & Their Importance | A Tribute to the Farmers,55,991
National Kissan Day Pakistan,26,J9s1PA2C9no,Sarsabz,Kissan Day 2022 | Salam Kissan Sarsabz Pakistan | Multan,938,131
National Kissan Day Pakistan,27,MjxGwfa5lxw,ISPR Official,Pakistan Zindabad - 23 Mar 2019 | Sahir Ali Bagga | Pakistan Day 2019 (ISPR Official Song),309146829,227
National Kissan Day Pakistan,28,8EM2gK_KLQ0,Discover Pakistan,Modern Dairy Farming In Pakistan With Latest Technology | Kissan Ka Pakistan | Discover Pakistan,203583,1347
National Kissan Day Pakistan,29,gcOKFB57dgE,JPL Pakistan,Salam Kissan - M. Ahsan Habib Director Operations tribute to farmers of Pakistan by JPL Pakistan,590,44
National Kissan Day Pakistan,30,NIYFQ6MBCkk,Shakeel Haider,Kisan Day 2020 In Pakistan | Bagga Khoji,44,221
National Kissan Day Pakistan,31,V9cE9eh_W6g,Sarsabz,Mehmal Sarfraz | Celebrating Kissan Day on 18th Dec 2019 | Salam Kissan,623,39
National Kissan Day Pakistan,32,4lyhKNoPWkU,The Sightseer's Eyes (Globetrotterz),Happy Kisan Diwas status video 2020 | Happy National farmers day WhatsApp status  | Kisaan Day Video,2522,36
National Kissan Day Pakistan,33,Ida0wrwqxqA,BaKhabar Kissan ,Celebrating Kissan Day - Tribute to Pakistan's Farmer - کسان سے ہے پاکستان,469,66
National Kissan Day Pakistan,34,w42Gk1YArkg,Sarsabz,Actor Sohail Ahmed | Celebrating Kissan Day on 18th Dec,40007,47
National Kissan Day Pakistan,35,dJFEosmuG6Y,WoW Info TV,"Farmer day in Pakistan, Salam kissan",275,176
National Kissan Day Pakistan,36,RJNHrQyaCIo,ProperGaanda,The Kissan Brothers| ProperGaanda x Sarsabz Fertilizers,73,146
National Kissan Day Pakistan,37,_mbFDXp-5oA,Nadeem Abbas Lonay Wala ,Bolay Sara Pakistan | National Song | Nadeem Abbas Lonay Wala | Official Video | Nadeem Abbas Tarana,5987612,418
National Kissan Day Pakistan,38,U8Yrw_UDZJ0,Sarsabz,Haji Abdul Majeed Nizamani | Celebrating Kissan Day on 18th Dec 2019 | Salam Kissan,545,46
National Kissan Day Pakistan,39,XZqc4JJQMM4,Khurram Bhatti,PAK FAUJ DE JAWANA  DI KHAIR MANGDI -GULAAB - ANTHEM SONG - OFFICIAL - KB PRODUCTION,2743613,288
National Kissan Day Pakistan,40,k1cfzMn7hdI,Umertoor,KISSAN DAY SARSABAZ FATIMA FERTILIZER PROJECTION MAPPING 18th Dec 2019 Islamabad,52,50
National Kissan Day Pakistan,41,lYuIDs7BHDk,Amjad Hussain - Topic,Tera Pakistan Hai Ye Mera Pakistan Hai,1267130,346
National Kissan Day Pakistan,42,-T9vrZm_48w,Hikmat Stories,A tribute to Kisan | Salam Kisan on Kisan Day | kidsworld |,86,211
National Kissan Day Pakistan,43,vmmtWP8-FcI,Pakistan Navy,"""Parcham Pakistan Ka"" | Pakistan Navy National Song | Independence Day | 14th August 2020",14923631,194
National Kissan Day Pakistan,44,AhfCOUui05s,24 News HD,PM Imran Khan Attends National Kissan Convention Today | Complete,11135,4386
National Kissan Day Pakistan,45,Wb5sPASBUi0,HUM News,“I Want to Talk About Wheat & Sugarcane” | Kisan Leader Exposes Farmers’ Crisis | Hum News |Pakistan,39293,1033
National Kissan Day Pakistan,46,bvKWkGPNdG4,The Indian Express,Punjab: BSF & Pakistan Rangers Exchange Sweets At Attari-Wagah Border On Republic Day,7578573,68
National Kissan Day Pakistan,47,mmWpDYx1IiM,Sarsabz,KPK Special Assistance (CM) | Abdul Karim | Celebrating Kissan Day on 18th Dec,12878,58
National Kissan Day Pakistan,48,oDbxpkEUztQ,Siasat.pk,PM Imran Khan addresses National Kissan Convention,1666,1656
National Kissan Day Pakistan,49,PzBIQ06_Mzg,Sarsabz,Agriculture Minister KPK | Mohibullah Khan | Celebrating Kissan Day on 18th Dec,1146,52
National Kissan Day Pakistan,50,7947Pdrr8L0,Inside Pakistan with Zeeshan,world farmers day 2021| 23 December | World Farmers Day | kisan day 2021,3,240
National Kissan Day Pakistan,51,OT0NhmXlVqk,ISPR Official,Charhta Suraj | Surprise Day Song | Rahat Fateh Ali Khan | 26 Feb 2020 | (ISPR Official Video),2756473,303
National Kissan Day Pakistan,52,rQTQ7upOOX0,Kids Land,Ghulam Rasool New Episode  | Dhaga  Kaisay Banta Hai ?  - Kissan Day Special | Kids Land Cartoon,3965427,167
National Kissan Day Pakistan,53,GmlrWxfHavk,Kids Land,Sab Minar e Pakistan Par  | Pakistan Day Special  |  New Ghulam Rasool Cartoon | 3D Animation,3976143,61
National Kissan Day Pakistan,54,u3LhUZ8v29s,HUM News,President Kisan Ittehad Khalid Khokar Blasting Speech In Favor Of  Farmers | Hum News | Pakistan,129,619
National Kissan Day Pakistan,55,k-A-ktbCcnA,Sahir Ali Bagga,Jeve Pakistan ( Official Video ) | Sahir Ali Bagga | Latest Anthem Pakistan 2021,10885403,305
National Kissan Day Pakistan,56,S-DBJN2u9wo,Shree Brar,Kisaan Anthem 2 | Shree Brar | Various Artist | Punjabi Song |,22150895,934
National Kissan Day Pakistan,57,iO8m23nyxdQ,ISPR Official,Mehshar Tak Pakistan Rahay | Sahir Ali Bagga | 6th September 2021 | ISPR,2253160,262
National Kissan Day Pakistan,58,wAXuMx-pWs8,SAMAA TV,LIVE | PM Imran Khan attends National Kissan Convention | Speech today | SAMAATV,5181,416
National Kissan Day Pakistan,59,1TDO_yJC6ug,Islamic and Patriotic Group,Jeevay Jeevay Jeevay Pakistan - Patriotic Song Independence Day,704845,265
National Kissan Day Pakistan,60,k4x09G9CepA,PunjabiReel TV,Indian REACTION on Salam Kissan 2021 - Kissan Day - A Tribute to Farmers by Sarsabz Fertilizers,8870,726
Farmers Day Pakistan 18 December,1,U8awHvNvD94,Sp10news,Farmers Day is celebrated in Pakistan on December 18.SP 10 News,7,31
Farmers Day Pakistan 18 December,2,MDMHveQemRc,UrduPoint.com,Celebrating Kissan Day on 18th December,7442,350
Farmers Day Pakistan 18 December,3,NQtvlnCfXzU,Daily Pakistan Global,Celebrating Kissan Day on 18th December...,12925,336
Farmers Day Pakistan 18 December,4,fG1CTr0rHMY,GNN,Farmers Day 2020 in Pakistan l GNN l 18 Dec 2020,1369,82
Farmers Day Pakistan 18 December,5,y6sTmZufLYo,Sarsabz,Kissan Day | 18th Dec | Event Highlights,2257,131
Farmers Day Pakistan 18 December,6,hKKpC4c7AYQ,BaKhabar Kissan ,Kissan Day - 18 December - کسان سے ہے پاکستان,30761,43
Farmers Day Pakistan 18 December,7,VMojXAgVtUM,Sarsabz,Muniba Mazari pays a tribute to the Farmer's of Pakistan | Kissan Day 18th December 2020,141949,55
Farmers Day Pakistan 18 December,8,4FRpqwSpL3c,Neo News,National Farmer's Day | Agricultural Companies Openup about Govt Policies | 18 Dec 24 | Neo News,126,603
Farmers Day Pakistan 18 December,9,g5X-TE2v080,BaKhabar Kissan ,Kissan Day - 18 December  |BaKhabar Kissan|,1415,22
Farmers Day Pakistan 18 December,10,TmlCA7frriI,Lok Sujag ,"Pakistan Farmer’s Day, are they getting a fair share? | Farmers | Sujag Videos",143,261
Farmers Day Pakistan 18 December,11,cj629L1hHNA,Aaj News,Pakistan Farmers Day | Agriculture Sector | Food Security | Agri Future - Aaj Pakistan,196,1275
Farmers Day Pakistan 18 December,12,ORjd4jK4-do,UrduPoint.com,Salam Kissan 2021 | Kissan Day | A Tribute to Farmers by Sarsabz Fertilizers,10005,416
Farmers Day Pakistan 18 December,13,N9vQiWHcezA,Sarsabz,"Shahid Afridi celebrating Kissan Day on 18th Dec | Salam Kissan, Sarsabz Pakistan",114794,34
Farmers Day Pakistan 18 December,14,0eEYOPjmXFI,Sarsabz,Ahsan Khan Pays a Tribute to Kissan with Sarsabz | Kissan Day 18th Dec,147494,62
Farmers Day Pakistan 18 December,15,SgDupYlHKwc,SAMAA TV,Farmers' Day is being celebrated in Pakistan today | Naya Din | SAMAA TV,1164,570
Farmers Day Pakistan 18 December,16,wt_rH3e-ORY,Sarsabz,Let's Pledge Not To Waste Food | Kissan Day 18th December | Sarsabz Fertilizers,387643,45
Farmers Day Pakistan 18 December,17,92w-otZtj3w,Sarsabz,"Reema Khan paying a tribute to Farmers | Kissan Day 18th Dec | Salam Kissan, Sarsabz Pakistan",152900,76
Farmers Day Pakistan 18 December,18,VSSGKtLiFjU,Nadeem Afzal Chan Official,Farmers day of Pakistan | 18 dec 2020 | Nadeem Afzal Chan Speech,881,292
Farmers Day Pakistan 18 December,19,HtONbl5yVIU,Sarsabz,"Time to Appreciate the Unsung Heroes, Kissan! | Salam Kissan, Sarsabz Pakistan | Kissan Day 18th Dec",478969,43
Farmers Day Pakistan 18 December,20,09iAQ-mVHSo,MANG SPECIAL,18 December Farmer's Day FFC Reginal Manager Mr. Sohail Khan Speech,12,413
Farmers Day Pakistan 18 December,21,WfLDw4EA4Ok,Pakistan Business ,Poultry farm day=18,3845,766
Farmers Day Pakistan 18 December,22,bxGaPtgQwR4,Sarsabz,Minister Climate Change | Zartaj Gul | Celebrating Kissan Day 18th December,64037,74
Farmers Day Pakistan 18 December,23,Pd0z78-UJio,Sarsabz,Salam Kissan 2022 | Kissan Day 18th Dec | A Tribute to Farmers by Sarsabz Fertilizers,6504022,169
Farmers Day Pakistan 18 December,24,VfINxuEXzIw,Story DGK,Farmer's Day l On 18th December every year l Why is it celebrated?,37,300
Farmers Day Pakistan 18 December,25,PVTj4hWjXdI,JPL Pakistan,Salam Kissan - A tribute to farmers of Pakistan by JPL Pakistan,700,44
Farmers Day Pakistan 18 December,26,QIQJyQM2OhQ,Mediatrack,Sixth Farmers Day was celebrated with the support of Fatima Fertilizer GEO News,10,44
Farmers Day Pakistan 18 December,27,cwDon8APXAU,Cultural Pakistan,Salam Kissan National Kissan Day #18december #farming #thanksfarmers #pakistan #statusvideo,21,86
Farmers Day Pakistan 18 December,28,U-oX4IuojEI,Agriculture Hub,Farmers Day | A tribute to the farmers | Pakistani Farmers | Agriculture Hub,91,270
Farmers Day Pakistan 18 December,29,dJFEosmuG6Y,WoW Info TV,"Farmer day in Pakistan, Salam kissan",275,176
Farmers Day Pakistan 18 December,30,3g9ZfqSbJcU,BaKhabar Kissan ,Celebrating Kissan Day - Tribute to Pakistan's Farmer - کسان سے ہے پاکستان,2388,66
Farmers Day Pakistan 18 December,31,gfc8O5Rcu3U,Agriculture Evolutions,Slaam Kissan Sarsabaz Pakistan | A tribute to Farmers of Pakistan by Agriculture Evolutions,94,60
Farmers Day Pakistan 18 December,32,LtLLNe4hFGg,Nafay Khan1,A tribute to farmers 18 Dec kissan Day salam kissan 2021 #salamkissan #sarsabzpakistan  #kissanday,387,403
Farmers Day Pakistan 18 December,33,16YIA7OhqQ4,Smart Agriculture ,Farmer Day || Kissan day 18 December || Very important message to the farmers|| Rizwan Official ||,61,456
Farmers Day Pakistan 18 December,34,BpwfIrb85lc,BOL News,Honoring Farmers on Kissan Day | Fatima Fertilizers Celebrates Significant Milestone | Breaking News,150,96
Farmers Day Pakistan 18 December,35,7UglcFwxmfw,Mediatrack,Islamabad Sixth Farmers Day was celebrated under the auspices of Fatima Fertilizer Express News,29,57
Farmers Day Pakistan 18 December,36,Q5o9KN8EKyA,Kisan Ghar,Saluting Pakistan's Farmers: Kissan Ghar Celebrates Farmer's Day & Supports Your Harvest,135,93
Farmers Day Pakistan 18 December,37,PXicA7FBb7k,Pakistan Business ,Poultry farm day=15,3814,534
Farmers Day Pakistan 18 December,38,wfhPHf_s_eg,AfraSiab Mohal Advocate,Farmer Day | 18 December | کسان ڈے,151,581
Farmers Day Pakistan 18 December,39,4FRpqwSpL3c,Neo News,National Farmer's Day | Agricultural Companies Openup about Govt Policies | 18 Dec 24 | Neo News,126,603
Farmers Day Pakistan 18 December,40,cj629L1hHNA,Aaj News,Pakistan Farmers Day | Agriculture Sector | Food Security | Agri Future - Aaj Pakistan,196,1275
Farmers Day Pakistan 18 December,41,lLwTpuqDgR0,49NewsHD,Salaam Kissan Special Episode on National Farmers Day in Pakistan Bolta Kasur,15,38
Farmers Day Pakistan 18 December,42,phDqT7p4SXk,Kisan Food Studio,Tribute To Kisan On 18 December On Kisan Day | Ku K Mai Hon Kisan | Kisan Food Studio,98,129
Farmers Day Pakistan 18 December,43,SgDupYlHKwc,SAMAA TV,Farmers' Day is being celebrated in Pakistan today | Naya Din | SAMAA TV,1164,570
Farmers Day Pakistan 18 December,44,m9p8VPss7pM,DIGITAL KISAN Pakistan,18 december kisan day sirf tv show per  kisan Haqeeqat main rull gia pakistan ka kisan,881,944
Farmers Day Pakistan 18 December,45,TmlCA7frriI,Lok Sujag ,"Pakistan Farmer’s Day, are they getting a fair share? | Farmers | Sujag Videos",143,261
Farmers Day Pakistan 18 December,46,MOwxwKK-KI4,FACE of sialkot,18 December kisan day par government of Pakistan ka kisan ko bara surprise| Face of sialkot,17,117
Farmers Day Pakistan 18 December,47,cv-sK29Snb8,Pakistan Business ,Poultry farm day=12,1404,411
Farmers Day Pakistan 18 December,48,eqI4uqFdgIg,Pakistan Business ,Poultry farm day=5,7678,523
Farmers Day Pakistan 18 December,49,0sAybu3JnEo,Pakistan Business ,Poultry farm day=2,12681,350
Farmers Day Pakistan 18 December,50,1kLEMAv2L7Y,Geo News,"A day to pay tribute to farmers | Happy farmers, happy Pakistan! | Geo Pakistan",179,648
Farmers Day Pakistan 18 December,51,x97WecuoYrM,Pakistan Business ,Poultry farm day=17,2617,613
Farmers Day Pakistan 18 December,52,Ida0wrwqxqA,BaKhabar Kissan ,Celebrating Kissan Day - Tribute to Pakistan's Farmer - کسان سے ہے پاکستان,469,66
Farmers Day Pakistan 18 December,53,BapagIHOSio,SUNO NEWS HD,International Farmers Day | Program Cafe Margalla | 18 Dec 2022 | SUNO TV,260,5153
Farmers Day Pakistan 18 December,54,iL8Ed1c9rjU,Pakistan Business ,Poultry farm day=11,3547,660
Farmers Day Pakistan 18 December,55,ka_VUG1yplE,Express News,Kissan Day Special Program in the Prosperity of Farmers | Fatima Fertilizer | Express News,85072,2549
Farmers Day Pakistan 18 December,56,WQCUoVNQw1s,GNN,5th National Farmers Day Being Celebrated in Pakistan | GNN,101,70
Farmers Day Pakistan 18 December,57,zT80fH2w718,GoogaGugoo CHEEMA,Kisan Day Farmers Day || Vicko Cheema Jutt from Sahowala Sialkot Punjab Pakistan ||,50,137
Farmers Day Pakistan 18 December,58,W2dNDMYm3pQ,Pakistan Business ,Poultry farm day=7,6098,644
Farmers Day Pakistan 18 December,59,eGkAlLIdclw,Humaira Imran Vlogs,Farmers special status || whatsapp status video || Happy FARMER'S day || Pakistani farmers,634,39
Farmers Day Pakistan 18 December,60,Wfor5QHNhZo,Naya punjab TV,Farmer Day#  Pakistan## Imran khan celebrate in pakistan first time# Hamza botanist# مبارک ہو کسانوں,41,181
Salam Kissan,1,PkenunwpduU,Sarsabz,Salam Kissan | A Tribute to Farmers of the World by Sarsabz Fertilizers | Ali Noor | Jami Moor,2141042,210
Salam Kissan,2,llIKvpyxhKM,Sarsabz,Salam Kissan 2021 | Kissan Day | A Tribute to Farmers by Sarsabz Fertilizers,13085246,211
Salam Kissan,3,nBg384WuBz8,Ali Noor,Salam Kissan (A Tribute to the Farmers of Pakistan by Sarsabz Pakistan),68,204
Salam Kissan,4,PX7Lvjs639U,Sarsabz,Salam Kissan | Kissan Day 18th Dec | A Tribute to Farmers by Sarsabz Fertilizer,19976928,255
Salam Kissan,5,Pd0z78-UJio,Sarsabz,Salam Kissan 2022 | Kissan Day 18th Dec | A Tribute to Farmers by Sarsabz Fertilizers,6504013,169
Salam Kissan,6,jEuOH0q2RkY,Daily Pakistan Global,Salam Kissan 2021 | Kissan Day | A Tribute to Farmers by Sarsabz Fertilizers,8150,310
Salam Kissan,7,ORjd4jK4-do,UrduPoint.com,Salam Kissan 2021 | Kissan Day | A Tribute to Farmers by Sarsabz Fertilizers,10003,416
Salam Kissan,8,cMzn7E3P_ws,JPL Pakistan,Salam Kissan - Osman Bashir Director Operations tribute to farmers of Pakistan by JPL Pakistan,786,55
Salam Kissan,9,ELTj5-ugCvs,BOL News,Salam Kissan Program in Pakistan | Naseer Ullah Khan Exclusive Interview | Breaking News,1796,675
Salam Kissan,10,f5Nyso3jc58,News With Waqas,Salam Kissan | A tribute to the farmers | #salamkissan #tribute #farmers #pakistan #kisan #foryou ,10,694
Salam Kissan,11,QwayJes8Y5M,Tractors Power (Azhar Jootah),Salam Kissan| Belarus 510 Tractor Performance with Sugarcane Loaded Trolly #salamkissan #tractors,30,62
Salam Kissan,12,gcOKFB57dgE,JPL Pakistan,Salam Kissan - M. Ahsan Habib Director Operations tribute to farmers of Pakistan by JPL Pakistan,589,44
Salam Kissan,13,PVTj4hWjXdI,JPL Pakistan,Salam Kissan - A tribute to farmers of Pakistan by JPL Pakistan,698,44
Salam Kissan,14,_q_iiF0SRRk,Mai Dhai Official,Salam Kissan (Sarsabz Pakistan),29,211
Salam Kissan,15,yNyWwjaWXvc,Sarsabz,Madam Azra Mehmood Sheikh | Celebrating Kissan Day on 18th December 2019 | Salam Kissan,1125,41
Salam Kissan,16,gbuWGNgjDkw,Sarsabz,Sami Ullah Chauhdhary | Celebrating Kissan Day | Salam Kissan,583,175
Salam Kissan,17,gqSmz6eAvfA,Sarsabz,Salam Kissan Journey | Fatima Fertilizer | Salam Kissan | Sarsabz Pakistan,539,356
Salam Kissan,18,MQ3Zf2NgmxQ,Top info Planet,Salam Kissan | A tribute to farmers of Pakistan by Sarsabz Fertilizers | former life documentary,270,998
Salam Kissan,19,tnHQChN42s8,Sikandar Khattak Films,Fatima Group_Salam Kissan,14,182
Salam Kissan,20,8JV2tMpz9MM,PUNJABI RONAQ,Salam Kissan 2022 | Kissan Day | A Tribute to Farmers by Sarsabz Fertilizers #sarsabz #kisan #punjab,166,208
Salam Kissan,21,yITH0i--5Fo,Sarsabz,"Thank you, Kissan! | Salam Kissan, Sarsabz Pakistan | Celebrating Kissan Day on 18th Dec",382444,43
Salam Kissan,22,guVc1O5CXz4,Sarsabz,"Mr. Khalid Khokhar, President Pakistan Kissan Ittehad Speech at Salam Kissan, Sarsabz Pakistan event",760,543
Salam Kissan,23,jw1Nm_llfbM,Sarsabz,"Kissan Day 18th December 2020 | Event Highlights | Salam Kissan, Sarsabz Pakistan",2941,115
Salam Kissan,24,0bht9ZAdCuI,Sarsabz,Shan Masood | Celebrating Kissan Day | Salam Kissan,1264,38
Salam Kissan,25,HtONbl5yVIU,Sarsabz,"Time to Appreciate the Unsung Heroes, Kissan! | Salam Kissan, Sarsabz Pakistan | Kissan Day 18th Dec",478967,43
Salam Kissan,26,Y7h8xxhyxF0,Nisar Ali Official,"Salam Kissan And Salam Pakistan | Sarsabz Pakistan | with Ali Haider, Aleeza and Zara Fatma",77,32
Salam Kissan,27,pvdFiE4RmKE,Sarsabz,Salam Kissan won Best Digital Campaign Award at PDA 2020 | Sarsabz | Overview,1422,92
Salam Kissan,28,cwDon8APXAU,Cultural Pakistan,Salam Kissan National Kissan Day #18december #farming #thanksfarmers #pakistan #statusvideo,21,86
Salam Kissan,29,EdI-qEnT3Jo,Sarsabz,Sohail Ahmed | Celebrating Kissan Day | Salam Kissan,616,44
Salam Kissan,30,N9vQiWHcezA,Sarsabz,"Shahid Afridi celebrating Kissan Day on 18th Dec | Salam Kissan, Sarsabz Pakistan",114794,34
Salam Kissan,31,V9cE9eh_W6g,Sarsabz,Mehmal Sarfraz | Celebrating Kissan Day on 18th Dec 2019 | Salam Kissan,623,39
Salam Kissan,32,j1Vx5yp4pVo,Sarsabz,Rabia Sultan | Celebrating Kissan Day on 18th Dec 2019 | Salam Kissan,1390,73
Salam Kissan,33,7CpE-AWarQE,Sarsabz,In The Making of Salam Kissan | Sarsabz,3651,215
Salam Kissan,34,gDcXPD9t7RY,Sarsabz,Sohail Warraich | Celebrating Kissan Day on 18th Dec 2019 | Salam Kissan,356,48
Salam Kissan,35,EcP3m6PnNvE,Sarsabz,Natasha Beyg | Celebrating Kissan Day on 18th Dec 2019 | Salam Kissan,343,53
Salam Kissan,36,LtLLNe4hFGg,Nafay Khan1,A tribute to farmers 18 Dec kissan Day salam kissan 2021 #salamkissan #sarsabzpakistan  #kissanday,387,403
Salam Kissan,37,Im3Vp2mD67E,Sarsabz,Shan Masood Celebrating Kissan Day | 18th Dec | Multan Sultans | Salam Kissan,64256,34
Salam Kissan,38,J9s1PA2C9no,Sarsabz,Kissan Day 2022 | Salam Kissan Sarsabz Pakistan | Multan,937,131
Salam Kissan,39,U8Yrw_UDZJ0,Sarsabz,Haji Abdul Majeed Nizamani | Celebrating Kissan Day on 18th Dec 2019 | Salam Kissan,545,46
Salam Kissan,40,tqQnGVMT9xk,Salam(kisan) jutt vlog 786,Salam kissan i am anew here please support me,53,29
Salam Kissan,41,hdOaMWvBCGM,Zeeshan Gul,Salam Kissan - Farmer messages,11,45
Salam Kissan,42,tv5VVMrsfqI,Umar Farooq,Salam Kissan 2021 | Kissan Day | Whatsapp Status | Umar Farooq,81,27
Salam Kissan,43,IjuWc7fMX50,Muddasir Akram,Salaam Kissan سلام کسان  #SalaamKissan #18Dec #kissanDay #FarmerDay #farmerAct,16,289
Salam Kissan,44,nhpxHUq9zag,Waqar Or Naveed Ki Mstiyan 1122,Salam Kissan,5,83
Salam Kissan,45,8r0Bl2nker4,Village Infinity,Salam Kissan 2024| Kissan |A Tribute to Farmers by Sarsabz Fertilizer sar sab khet#PunjabVillageKhet,10,200
Salam Kissan,46,qtPZZmMdH-A,BDigital,BDigital Rewind | 4th Salam Kissan 2022 | Complete Case Study,12,160
Salam Kissan,47,dJ1QYRwNzG0,Sarsabz,Mustafa Shah | Celebrating Kissan Day on 18th Dec 2019 | Salam Kissan,513,73
Salam Kissan,48,AP-TlPG5-JU,Numberdar Sahib نمبردار صاحب,"Farmers Song, Salaam Kissan Urdu   / اردو, سلام کسان, کسانوں کا گانا",432,204
Salam Kissan,49,kWwu4xMX5Y0,Diamond Heart Studios,HAQ KISSAN DA | SAHIL K | SAWAN K | FARMER’S PROTEST ANTHEM 2020,11364,162
Salam Kissan,50,RhpKxPGIC3s,Sarsabaz Bagaat 134,"Salam Kissan, salam Pakistan, kapas ki fasal /Muhammad Boota 134/Murad /sarsabazbagaat134",32,90
Salam Kissan,51,I53-oAc_duQ,Faheem Irshad,Punjabvillage| pakistanivillage| kissan life| salam kissan| Faheem Irshad|,35,753
Salam Kissan,52,92w-otZtj3w,Sarsabz,"Reema Khan paying a tribute to Farmers | Kissan Day 18th Dec | Salam Kissan, Sarsabz Pakistan",152900,76
Salam Kissan,53,gfc8O5Rcu3U,Agriculture Evolutions,Slaam Kissan Sarsabaz Pakistan | A tribute to Farmers of Pakistan by Agriculture Evolutions,94,60
Salam Kissan,54,vCh-FV5N1nc,Winall Group of Companies Companies,SLAM KISSAN SLAM PAKISTAN,91,72
Salam Kissan,55,k4x09G9CepA,PunjabiReel TV,Indian REACTION on Salam Kissan 2021 - Kissan Day - A Tribute to Farmers by Sarsabz Fertilizers,8870,726
Salam Kissan,56,OW1B_UigxHY,Sarsabaz Bagaat 134,Santra and kinu salam Kissan salam Pakistan/sarsabazbagaat134 . Muhammad boota 134/marad,49,82
Salam Kissan,57,XkklgP1qELk,Sarsabz,Revival of Small Scale Farmers in Pakistan | Salam Kissan Live,264,3971
Salam Kissan,58,5qqHGx3ttmo,UrduPoint.com,Kisan Card Ka Farmers Ko Kitna Benefit Hoga? Kisan Card Apply Karne Ka Tarika Kiya Hai?,328756,336
Salam Kissan,59,UWHvbr2EXn4,Muhammad Arshad Ashraf,Salam Kissan Programme Sargodha!,18,97
Salam Kissan,60,SUkADJQeYX4,Sarsabz,"""Salam Kissan, Sarsabz Pakistan"" making waves on media | GTV",886,88
Kisan Day Pakistan,1,v0d-1RVblgg,APNA PAKISTAN,Special Video.A Tribute TO Farmers of Pakistan.Kisaan Zindabad.Sarsabz Pakistan 🇵🇰.APNA PAKISTAN🇵🇰,11729,183
Kisan Day Pakistan,2,L_NFaUb0RVA,Nida e Kisan,Salam Kisan - Salaam Pakistan  | A special Tribute to Farmer | Neda e kisan |  Urdu |  Hindi,945,496
Kisan Day Pakistan,3,PkenunwpduU,Sarsabz,Salam Kissan | A Tribute to Farmers of the World by Sarsabz Fertilizers | Ali Noor | Jami Moor,2141169,210
Kisan Day Pakistan,4,JrKSQ9-m5To,Rizq Foods,Salam Kisan | Kisan Day Pakistan | Rizq foods,47,144
Kisan Day Pakistan,5,U8awHvNvD94,Sp10news,Farmers Day is celebrated in Pakistan on December 18.SP 10 News,7,31
Kisan Day Pakistan,6,f5Nyso3jc58,News With Waqas,Salam Kissan | A tribute to the farmers | #salamkissan #tribute #farmers #pakistan #kisan #foryou ,11,694
Kisan Day Pakistan,7,wvUUC_p5Huk,Syngenta Pakistan,Kisan Day | کسان کا عالمی دن,688614,71
Kisan Day Pakistan,8,m9p8VPss7pM,DIGITAL KISAN Pakistan,18 december kisan day sirf tv show per  kisan Haqeeqat main rull gia pakistan ka kisan,881,944
Kisan Day Pakistan,9,YEosDv-w2W4,Pk Entertainment Tv,Salam kisan | Pakistan Kisan Day Ptv Home Ad December 2022 | Sar Sabz Fertilizer,978,17
Kisan Day Pakistan,10,NIYFQ6MBCkk,Shakeel Haider,Kisan Day 2020 In Pakistan | Bagga Khoji,44,221
Kisan Day Pakistan,11,dM7v0JkkVJQ,Kisan Food Studio,Kia Yeh hai Mustaqbil Ka pakistan | Han Zindabad Mera Kisan | Farmers in pakistan,193,127
Kisan Day Pakistan,12,okYmNzGbaYs,Qudsia Shakeel ,Kisan day|Farmer's life|,68,39
Kisan Day Pakistan,13,hnVf-f0cqI0,Zerolinepk,Pakistan Kisan Ittehad Gives Government 2-Day Deadline | Wheat Policy Rate Must Be Announced,153,73
Kisan Day Pakistan,14,BaAUX03G5Uw,kernalkazafi,Kisan Uria (Unity of Pakistan).flv,3877,60
Kisan Day Pakistan,15,m5V1WFw0x9g,Anees Arain Vlogs,Kisan Ki Zindgi ka ik Din | A Day In a Farmer LIfe,57,717
Kisan Day Pakistan,16,gun-waxSdY8,VOK,Kisan Mela Multan 2023 | Pakistan's biggest farmers fair | @voiceofkissan,260,97
Kisan Day Pakistan,17,ltBEqFz7hB8,Syngenta Pakistan,Kisan Day 2023,123970,11
Kisan Day Pakistan,18,Mp1ZqkEXRsk,Just Pakistani Things,Kisan Mela 2024 || Kisan Expo || University Mela || Farmer Day || Agriculture & Pakistan,16,67
Kisan Day Pakistan,19,EipbhDCwC0U,Kisan Food Studio,Pakistan Mai Kisan ka Tareekhi Kirdaar | Farmers In Pakistan | Historical Role of Pakistani Farmers,61,165
Kisan Day Pakistan,20,zT80fH2w718,GoogaGugoo CHEEMA,Kisan Day Farmers Day || Vicko Cheema Jutt from Sahowala Sialkot Punjab Pakistan ||,50,137
Kisan Day Pakistan,21,Wb5sPASBUi0,HUM News,“I Want to Talk About Wheat & Sugarcane” | Kisan Leader Exposes Farmers’ Crisis | Hum News |Pakistan,39345,1033
Kisan Day Pakistan,22,Pva95maP9GA,DIGITAL KISAN Pakistan,Farmer day Kisan Day Salute to Farmers,491,254
Kisan Day Pakistan,23,-T9vrZm_48w,Hikmat Stories,A tribute to Kisan | Salam Kisan on Kisan Day | kidsworld |,86,211
Kisan Day Pakistan,24,5nQB-Hbx8Tw,DIGITAL KISAN Pakistan,Tilli ki fasal kaisì paidawar day rahi hay kisan bhai us per kia kehtay hain ? tili ...,323,569
Kisan Day Pakistan,25,bnXSMlPkXOw,Pak Public Views ,Pakistan's Kisan unique way of Protest,154,124
Kisan Day Pakistan,26,MjxGwfa5lxw,ISPR Official,Pakistan Zindabad - 23 Mar 2019 | Sahir Ali Bagga | Pakistan Day 2019 (ISPR Official Song),309146829,227
Kisan Day Pakistan,27,b8XhvjTVtPg,Khan Studio,Kisan Itehad | jalsa luddan vehari|Punjab's Farmers|Pakistan Kissan Ittehad Leaders Press Conference,172,558
Kisan Day Pakistan,28,98jMHln58xQ,Nawaiwaqt,"Kisan Card Scheme Success: Over 800,000 Farmers Benefit Across Pakistan",12,66
Kisan Day Pakistan,29,lm-mTr0qHyU,ANN NEWS HD,president kisan board pakistan ch shouqat ali chadder \happy defence day\ann news hd,1,12
Kisan Day Pakistan,30,pLhFDWrny1c,Aaj News,The government is afraid of the farmer's strike? - Chairman Kisan Etihad big revelation - Aaj News,1700,40
Kisan Day Pakistan,31,MOwxwKK-KI4,FACE of sialkot,18 December kisan day par government of Pakistan ka kisan ko bara surprise| Face of sialkot,17,117
Kisan Day Pakistan,32,AdtpGT7li6k,Tooniest Tv,Mehnti Kisan 1 fasal ma / kisan videos / farmer videos,34,40
Kisan Day Pakistan,33,5qqHGx3ttmo,UrduPoint.com,Kisan Card Ka Farmers Ko Kitna Benefit Hoga? Kisan Card Apply Karne Ka Tarika Kiya Hai?,328756,336
Kisan Day Pakistan,34,-vGogxtz_wI,Nida e Kisan,Ch Nisar Ahmed Khan|  Sadar JI Kisan Board | Pakistan,1358,810
Kisan Day Pakistan,35,lLbRKvnzum4,Aaj News,"Fertilizer prices increase, Pakistan Kisan Ittehad announces strike - Aaj News",280,79
Kisan Day Pakistan,36,pglitaa2U_o,Superplus_official,Punjab Kisan Athens song by Pakistan,9978,215
Kisan Day Pakistan,37,eqdjdQJKKpU,The Johnny's Stuff,Kisaan Day 2023,435,388
Kisan Day Pakistan,38,GFCAZUBLD-M,MFV,Kisaan Ka Haq Cheen Liya Gaya - The Fight for Farmer's Rights,41,513
Kisan Day Pakistan,39,NDguEgygTzQ,AI ki dunya ,Aik kisan ki mehnat ke bad sab anaj kha pate hain /AI ki dunya ,25,43
Kisan Day Pakistan,40,XodtnSQyoog,Syngenta Pakistan,Kisan Day 2023,399264,61
Kisan Day Pakistan,41,pRgImI_O28E,Punjabi Lehar ,"Kisan Okran || 3rd International Punjabi Conference || 3rd Day || 7 DEC , 2025 at Lahore Pakistan",1428,444
Kisan Day Pakistan,42,4lyhKNoPWkU,The Sightseer's Eyes (Globetrotterz),Happy Kisan Diwas status video 2020 | Happy National farmers day WhatsApp status  | Kisaan Day Video,2521,36
Kisan Day Pakistan,43,TMbAfACorN8,pakistan kisan,chhote kisan ko kya mushkilat ha/Pakistan kisan,1131,221
Kisan Day Pakistan,44,lRXcpX577-g,City 42,Pakistan Kisan Ittehad ended the protest after successful talks with the government,834,84
Kisan Day Pakistan,45,L9xOjD3wnyM,SAVER ENTERPRISES,Best Paddy Seed in Pakistan 2026 | Saver Seeds Kisan Basmati Variety,131,45
Kisan Day Pakistan,46,d3Vp23vcskA,The Bionic Films,Sarsabz Fertilizer Ad | Kisan Tera Ehsan - Sarsabz Pakistan | Fatima Fertilizer | Bionic Films,6908,101
Kisan Day Pakistan,47,nvG2VTSZZuc,Vintage Pakistan,Har Kisan Ki Kahani (URDU),7,174
Kisan Day Pakistan,48,Ail0SJM0W98,QuinTech Seeds,Kisan Khush Hal Pakistan | QuinTech Seeds,1783,31
Kisan Day Pakistan,49,vmmtWP8-FcI,Pakistan Navy,"""Parcham Pakistan Ka"" | Pakistan Navy National Song | Independence Day | 14th August 2020",14923631,194
Kisan Day Pakistan,50,oSQ_si2TqSQ,Kisan Pakistan,Irrigation scheduling in rice crop Kisan Pakistan | Water requirement of rice | kisan Pakistan.,727,412
Kisan Day Pakistan,51,pBsJiChi3RU,Syngenta Pakistan,Kisan Day | کسان کا عالمی دن,29960,7
Kisan Day Pakistan,52,UKtfJMz0_5o,Punjabi Parchar TV,Kisan Protest ! We are with Indian Farmers : Pakistani Public Views about Dehli Kisan Andolan ! PPTV,11254,422
Kisan Day Pakistan,53,k2Q_tfoiPAY,Tarar Support,Village Life In Pakistan Daily Routine Work in 2020,11607497,1213
Kisan Day Pakistan,54,Oc3XxY-jfHM,Icon Of Pakistan,How to Apply in Kamyab Jawan Kamyab Kisan Program - Kamyab Kisan Scheme - Tractor Loan In Pakistan,11635,248
Kisan Day Pakistan,55,eGoEkn-07BM,Just Pakistani Things,Kisan Mela 2024 || Kisan Expo || University Mela || Farmer Day || Agriculture & Pakistan,31,641
Kisan Day Pakistan,56,mT0FNlFHO1Y,Kissan tv,kissan March | Farmers Protest in Islamabad | Kisan Ittehad | Farmer March,123,116
Kisan Day Pakistan,57,BaAUX03G5Uw,kernalkazafi,Kisan Uria (Unity of Pakistan).flv,3868,60
Kisan Day Pakistan,58,Fk2CK3Yy6cA,GTV NETWORK HD,Kisan Ittehad Protest Continues for Third Day in Islamabad | Protest Against Inflation | GTV News,258,102
Kisan Day Pakistan,59,neJx9OEvy2A,Malik Imran vlog,Sunflower farming in Pakistan | surj mikhi ki kasht | kisan | malik Imran vlog,275,440
Kisan Day Pakistan,60,Bd4i-GJ7PZE,voice of sindh,Sindh_agreecultcher_farmers || kisan ki mehnat | pakistan farmers @sindh.knowladge,129,360
Happy Kissan Day,1,cQNMnOxydT4,BaKhabar Kissan ,Kissan Day - Tribute to Pakistan's Farmer - کسان سے ہی پاکستان,1210,50
Happy Kissan Day,2,NQtvlnCfXzU,Daily Pakistan Global,Celebrating Kissan Day on 18th December...,12925,336
Happy Kissan Day,3,inlGug06vUU,BOL News,Special Tribute to Farmers | Pakistan's Prosperity Starts with Happy Farmers | Kissan Day 2024,529,1347
Happy Kissan Day,4,llIKvpyxhKM,Sarsabz,Salam Kissan 2021 | Kissan Day | A Tribute to Farmers by Sarsabz Fertilizers,13085383,211
Happy Kissan Day,5,qFca618oZ-4,Soby Agro Machinery,"#KissanDay | 4K Video | Happy Kissan, Happy Jahan | کسان خوش، تو جہان خوش | Soby Agro Machinery",89,37
Happy Kissan Day,6,3g9ZfqSbJcU,BaKhabar Kissan ,Celebrating Kissan Day - Tribute to Pakistan's Farmer - کسان سے ہے پاکستان,2388,66
Happy Kissan Day,7,MDMHveQemRc,UrduPoint.com,Celebrating Kissan Day on 18th December,7442,350
Happy Kissan Day,8,rQTQ7upOOX0,Kids Land,Ghulam Rasool New Episode  | Dhaga  Kaisay Banta Hai ?  - Kissan Day Special | Kids Land Cartoon,3965430,167
Happy Kissan Day,9,g5X-TE2v080,BaKhabar Kissan ,Kissan Day - 18 December  |BaKhabar Kissan|,1415,22
Happy Kissan Day,10,VMojXAgVtUM,Sarsabz,Muniba Mazari pays a tribute to the Farmer's of Pakistan | Kissan Day 18th December 2020,141949,55
Happy Kissan Day,11,MjxGwfa5lxw,ISPR Official,Pakistan Zindabad - 23 Mar 2019 | Sahir Ali Bagga | Pakistan Day 2019 (ISPR Official Song),309146829,227
Happy Kissan Day,12,g1sl8iHCcjI,Yaariyan Production,KISAN KA DARD || happy farmers day 2021 || Heart touching farmer Story ||  New song,5530,360
Happy Kissan Day,13,0eEYOPjmXFI,Sarsabz,Ahsan Khan Pays a Tribute to Kissan with Sarsabz | Kissan Day 18th Dec,147494,62
Happy Kissan Day,14,hKKpC4c7AYQ,BaKhabar Kissan ,Kissan Day - 18 December - کسان سے ہے پاکستان,30761,43
Happy Kissan Day,15,okYmNzGbaYs,Qudsia Shakeel ,Kisan day|Farmer's life|,68,39
Happy Kissan Day,16,Q0-CwWRbu2w,Jyoti Bhati,Happy farmers day 2021| farmers day status | farmers day whatsapp | kisan diwas status | किसान दिवस,3934,29
Happy Kissan Day,17,BChCzwwuBRU,Kids Land,Kaneez Fatima New Episode  Aata Kaisay Banta Hai ?  - Kissan Day Special | 3D Animation,6323327,255
Happy Kissan Day,18,S-DBJN2u9wo,Shree Brar,Kisaan Anthem 2 | Shree Brar | Various Artist | Punjabi Song |,22150895,934
Happy Kissan Day,19,FAWRIAlQyU4,Yaariyan Production,happy farmers day 2025 || happy national farmers day || farmers day whatsapp || kisan status,2234647,36
Happy Kissan Day,20,Ida0wrwqxqA,BaKhabar Kissan ,Celebrating Kissan Day - Tribute to Pakistan's Farmer - کسان سے ہے پاکستان,469,66
Happy Kissan Day,21,dwpzM5J5zpM,CRAZY DESIGNER,happy farmers day 2022 || happy national farmers day || farmers day whatsapp || kisan status 2022,6555,31
Happy Kissan Day,22,wt_rH3e-ORY,Sarsabz,Let's Pledge Not To Waste Food | Kissan Day 18th December | Sarsabz Fertilizers,387643,45
Happy Kissan Day,23,hAyUAWz0yKw,SSS Cool Dudes,National Farmers Day 2021 | Kisan  Diwas 2021 Status | 23 December | Farmers Day WhatsApp Status,3301,33
Happy Kissan Day,24,R84siKWfflo,MR News HD,MR News UpDate | Salam Kissan 2022 | Kissan Day 18th Dec | 18/12/2022 {4:00 PM},12,270
Happy Kissan Day,25,zxa4TXozrAA,Pakistan Village Life,A Tribute To The Farmer's Of Pakistan|Kissan Day 18th December 2020 |Sarsabz Fertilizers|Celebrating,248,841
Happy Kissan Day,26,2fba8ORoXFM,రైతువాణి,Farmers day | Happy Farmers day WhatsApp | National Farmers day  2022 | kisan status | raituvani,11418,22
Happy Kissan Day,27,ishvVyMlIf8,lets kisan,🇮🇳 Let’s Kisan – From Our Farmers to Every Indian Family | Independence Day Special | 15 August,15,9
Happy Kissan Day,28,klLqK-Ek_wA,LIMS COE,Happy Kisan Day: LIMS Celebrating the Heartbeat of Agriculture!,71,61
Happy Kissan Day,29,88K9vHlvn-k,Ashu Official,Kisan Status | Farmers Best Dialogue | Kisan Bill | Full Screen Status | Agriculture Bill 2020,1674,30
Happy Kissan Day,30,bgEqlkQUGcM,Path Of Agriculture,Happy Farmers Day 2024 | Kisan Day Status | National Farmers Day WhatsApp Status | Farmer Status.,59063,59
Happy Kissan Day,31,472ruqKUtyA,Jack Hartmann Kids Music Channel,Happy Father's Day! | Jack Hartmann,1333180,127
Happy Kissan Day,32,tv5VVMrsfqI,Umar Farooq,Salam Kissan 2021 | Kissan Day | Whatsapp Status | Umar Farooq,81,27
Happy Kissan Day,33,1dHHeNOngj4,Rilus World,National Farmers Day Whatsapp Status 2020 | happy farmers day| kisan day 2020 status | farmers day,2356,58
Happy Kissan Day,34,A2MalepFpWE,Point Ki Baat,Kisan diwas status | 👨‍🌾 KISAN DIWAS | Meraki Creation | whatsapp status | Happy Farmer's Day,41109,15
Happy Kissan Day,35,RULkdLAyQHg,Jyoti Bhati,Happy farmers day 2021| farmers day status | farmers day whatsapp | kisan diwas status | किसान दिवस,5152,31
Happy Kissan Day,36,VV7P9b5wd0s,the sks production house,"""जय जवान जय किसान"" | Happy Farmers Day Special Whatsapp Status Video | Kisan Diwas Status Video",22453,31
Happy Kissan Day,37,qvgc-HJHUtk,Tentaran,National farmers day WhatsApp status video | Kisan Diwas WhatsApp status video,12405,19
Happy Kissan Day,38,l2AUmT0gw9k,Surbhi Sitoke,#kisandiwasstatus Kisan Diwas Status | Farmer's Day WhatsApp Status | राष्ट्रीय किसान दिवस 2021,53523,31
Happy Kissan Day,39,lc8aJ0n4sck,Single Track Studio,New Punjabi Songs 2021 | Happy Birthday Jatta Ve (Official Video) Yaar Batale Aale | Punjabi Songs,3563921,204
Happy Kissan Day,40,E-ID86wKLxU,knowledge cafe group (KCG),charan singh | farmers day | kisan diwas | kisan diwas whatsapp status | national farmers day,8509,62
Happy Kissan Day,41,xnJpwkRJ1dY,ELASMINI,Happy Kisan Diwas status video 2020 | Happy National farmers day  whatsapp status song | kisaan day,44070,41
Happy Kissan Day,42,8gQd4Pv73D8,Sp Love Status,किसान दिवस स्टेटस | Happy Kisan Diwas Status Video |  23 December Kisan Diwas Whatsapp Status,1818,48
Happy Kissan Day,43,-lK2RbIFc_Y,RK Edit 1M,Kisan Diwas Status 2022 | 23 Dec Status | Happy Farmers Day Status | Kisan Diwas 2022 | Kisan Status,2386,30
Happy Kissan Day,44,aaNwg_uiJik,RK Edit 1M,Kisan Diwas Status 2022 | 23 Dec Status | Happy Farmers Day Status | Kisan Diwas 2022 | Kisan Status,7913,30
Happy Kissan Day,45,q6pTMl-sxcw,Path Of Agriculture,Farmers Day Special Video | Why We Celebrate Kisan Diwas? |Happy Farmers Day 2021|23rd Dec.Kisan Day,2183,341
Happy Kissan Day,46,XAGbTzsE6M0,Racer Saidul,Happy Farmers Day 2021// Racer Saidul// #kisan #jai_jawan_jai_kisan,35963,142
Happy Kissan Day,47,hkJ925WVXN4,Sushil Vidyadhar Kaushik,Farmers Day WhatsApp Status | Happy Farmer's Day Status | Kisan Diwas 🙏,1192,33
Happy Kissan Day,48,CNQ7g378j5g,Ishtar Punjabi,Punjabi Sad Song | Akhian (Official Video) Happy Raikoti ft. Navpreet Banga | GoldBoy | Ishtar Music,144400220,240
Happy Kissan Day,49,OoF3u-7FsSU,Path Of Agriculture,Farmers Day Status | National Farmer Day 2024 | Farmer Status |Kisan Diwas|Teri Mitti Farmer Status.,38051,81
Happy Kissan Day,50,rO1h7OEwCos,AS Motivation,Happy farmers day 2021 | Kishan diwas | happy national farmers day  | kisan status,7198,32
Happy Kissan Day,51,YSy-PIH1rPE,Swaha Vlogs,National Farmers Day December - 23rd  || Kisan Divas || History and Significance ||,1486,306
Happy Kissan Day,52,XEdUg5HdhHc,yuvaan saluja creations,kisan diwas status| farmer's day status| kisan diwas ka status| kisan status | happy farmer's day,9182,31
Happy Kissan Day,53,dMeqBlkZU8o,True Records,KISSAN ANTHEM | SUNN DILLIYE | 23rd Farmer's day Special | 2020 Farmer Protest Punjabi Song ||,108689,151
Happy Kissan Day,54,C7SiWIYIedg,The PandeyJi,वो किसान है हक़ की खाता है! Poem For Farmers || Kisan Diwas Status || Farmer Status,12185,30
Happy Kissan Day,55,K75g8jbe6Qc,yuvaan saluja creations,kisan diwas ka status| farmer's day status| kisan ka status| kisan shayari| happy farmer's day 2024,3580,31
Happy Kissan Day,56,9XYhdYKtzUA,Sarkari Job Rajasthan,Kisan status kisan WhatsApp status.facebook story.kisan song.jai Jawan Jai kisan,1319,26
Happy Kissan Day,57,fp5gMPhwbGQ,Rajnigandha Silver Pearls,#MomsAlwaysRight - Rajnigandha Pearls wishes you a Happy Mother’s Day,7722484,210
Happy Kissan Day,58,HLCD-lILZ34,Smart Buddies,किसान दिवस पर Status || Kisan Diwas status || National Farmers day status ||,3324,39
Happy Kissan Day,59,98xbj0ksQc0,RK Edit 1M,Kisan Diwas Status 2022 | 23 Dec Status | Happy Farmers Day Status | Kisan Diwas 2022 | Kisan Status,3804,30
Happy Kissan Day,60,pKn9wnn9MF0,It's Easy to draw,"National Farmer's Day Poster Drawing,23rd Dec| Kisan Diwas drawing easy| Farmers Day drawing",72055,617
